Country	2020 Population
China	1439323776
India	1380004385
United States of America	331002651
Indonesia	273523615
Pakistan	220892340
Brazil	212559417
Nigeria	206139589
Bangladesh	164689383
Russian Federation	145934462
Mexico	128932753
Japan	126476461
Ethiopia	114963588
Philippines	109581078
Egypt	102334404
Viet Nam	97338579
Democratic Republic of the Congo	89561403
Turkey	84339067
Iran (Islamic Republic of)	83992949
Germany	83783942
Thailand	69799978
The United Kingdom	67886011
France	65273511
United Republic of Tanzania	59734218
Italy	60461826
South Africa	59308690
Kenya	53771296
Myanmar	54409800
Republic of Korea	51269185
Colombia	50882891
Uganda	45741007
Spain	46754778
Argentina	45195774
Sudan	43849260
Algeria	43851044
Ukraine	43733762
Iraq	40222493
Afghanistan	38928346
Canada	37742154
Poland	37846611
Morocco	36910560
Saudi Arabia	34813871
Uzbekistan	33469203
Angola	32866272
Peru	32971854
Malaysia	32365999
Mozambique	31255435
Ghana	31072940
Yemen	29825964
Nepal	29136808
Venezuela (Bolivarian Republic of)	28435940
Madagascar	27691018
Cameroon	26545863
Côte d'Ivoire	26378274
North Korea	25778816
Australia	25499884
Niger	24206644
Taiwan	23816775
Sri Lanka	21413249
Burkina Faso	20903273
Mali	20250833
Malawi	19129952
Chile	19116201
Romania	19237691
Kazakhstan	18776707
Zambia	18383955
Syrian Arab Republic	17500658
Guatemala	17915568
Ecuador	17643054
Senegal	16743927
Netherlands	17134872
Cambodia	16718965
Chad	16425864
Somalia	15893222
Zimbabwe	14862924
Guinea	13132795
Rwanda	12952218
Benin	12123200
Burundi	11890784
Tunisia	11818619
Bolivia (Plurinational State of)	11673021
Belgium	11589623
Haiti	11402528
South Sudan	11193725
Cuba	11326616
Dominican Republic	10847910
Czechia	10708981
Greece	10423054
Jordan	10203134
Azerbaijan	10139177
Portugal	10196709
Sweden	10099265
Honduras	9904607
United Arab Emirates	9890402
Tajikistan	9537645
Hungary	9660351
Belarus	9449323
Papua New Guinea	8947024
Austria	9006398
Israel	8655535
Switzerland	8654622
Serbia	8737371
Togo	8278724
Sierra Leone	7976983
Hong Kong	7496981
Lao People's Democratic Republic	7275560
Paraguay	7132538
Libya	6871292
Bulgaria	6948445
Lebanon	6825445
Nicaragua	6624554
Kyrgyzstan	6524195
El Salvador	6486205
Turkmenistan	6031200
Singapore	5850342
Denmark	5792202
Congo	5518087
Finland	5540720
Norway	5421241
Slovakia	5459642
Oman	5106626
occupied Palestinian territory	5101414
Liberia	5057681
Costa Rica	5094118
Ireland	4937786
Central African Republic	4829767
New Zealand	4822233
Mauritania	4649658
Panama	4314767
Kuwait	4270571
Croatia	4105267
Republic of Moldova	4033963
Georgia	3989167
Eritrea	3546421
Uruguay	3473730
Mongolia	3278290
Bosnia and Herzegovina	3280819
Jamaica	2961167
Armenia	2963243
Qatar	2881053
Albania	2877797
Puerto Rico	2860853
Lithuania	2722289
Namibia	2540905
Gambia	2416668
Botswana	2351627
Gabon	2225734
Lesotho	2142249
North Macedonia	2083374
Slovenia	2078938
Guinea-Bissau	1968001
Latvia	1886198
Bahrain	1701575
Equatorial Guinea	1402985
Trinidad and Tobago	1399488
Timor-Leste	1318445
Estonia	1326535
Mauritius	1271768
Cyprus	1207359
Eswatini	1160164
Djibouti	988000
Fiji	896445
Réunion	895312
Comoros	869601
Guyana	786552
Bhutan	771608
Solomon Islands	686884
Macau	649335
Luxembourg	625978
Montenegro	628066
Western Sahara	597339
Suriname	586632
Cabo Verde	555987
Maldives	540544
Malta	441543
Brunei Darussalam	437479
Belize	397628
Guadeloupe	400124
Bahamas	393244
Martinique	375265
Iceland	341243
Vanuatu	307145
French Guiana	298682
New Caledonia	285498
Barbados	287375
French Polynesia	280908
Mayotte	272815
Sao Tome and Principe	219159
Samoa	198414
Saint Lucia	183627
Guam	168775
Curaçao	164093
Kiribati	119449
Micronesia (Federated States of)	115023
Grenada	112523
Saint Vincent and the Grenadines	110940
Aruba	106766
Tonga	105695
United States Virgin Islands	104425
Seychelles	98347
Antigua and Barbuda	97929
Isle of Man	85033
Andorra	77265
Dominica	71986
Cayman Islands	65722
Bermuda	62278
Marshall Islands	59190
Northern Mariana Islands (Commonwealth of the)	57559
Greenland	56770
American Samoa	55191
Saint Kitts and Nevis	53199
Faroe Islands	48863
Sint Maarten	42876
Monaco	39242
Saint Martin	38666
Turks and Caicos Islands	38717
Liechtenstein	38128
San Marino	33931
Gibraltar	33691
British Virgin Islands	30231
Palau	18094
Cook Islands	17564
Anguilla	15003
Tuvalu	11792
Wallis and Futuna	11239
Nauru	10824
Saint Barthélemy	9877
Saint Pierre and Miquelon	5794
Montserrat	4992
Falkland Islands (Malvinas)	3480
Niue	1626
Tokelau	1357
Holy See	801
Bonaire	20915