Reporting Country/Territory/Area	New cases in last 7 days	Cumulative cases	Cumulative cases per 1 million population	New deaths in last 7 days	Cumulative deaths	Cumulative deaths per 1 million population	Transmission classification
Africa	33169	1116321	168	1007	23916	4	
South Africa	11330	648214	10929	648	15427	260	Community transmission
Ethiopia	6422	63888	556	99	996	9	Community transmission
Algeria	1936	48007	1095	56	1605	37	Community transmission
Nigeria	1272	56177	273	24	1078	5	Community transmission
Uganda	1164	4703	103	13	52	1	Clusters of cases
Namibia	1090	9604	3780	11	98	39	Community transmission
Kenya	943	35963	669	25	619	12	Community transmission
Zambia	757	13466	732	20	312	17	Community transmission
Côte d'Ivoire	718	18987	720	1	120	5	Community transmission
Mozambique	699	5040	161	9	35	1	Community transmission
Zimbabwe	671	7508	505	18	224	15	Community transmission
Ghana	657	45434	1462	3	286	9	Community transmission
Cameroon	563	20167	760	0	415	16	Community transmission
Madagascar	468	15737	568	11	210	8	Community transmission
Cabo Verde	436	4711	8473	2	44	79	Clusters of cases
Angola	400	3335	101	15	132	4	Clusters of cases
Senegal	312	14193	848	4	293	17	Community transmission
Congo	306	4934	894	6	88	16	Community transmission
Guinea	298	10020	763	2	63	5	Community transmission
Gambia	256	3376	1397	3	102	42	Community transmission
Botswana	250	2252	958	2	10	4	Clusters of cases
Democratic Republic of the Congo	236	10384	116	3	262	3	Community transmission
Eswatini	231	5050	4353	4	98	84	Community transmission
Rwanda	216	4565	352	4	22	2	Clusters of cases
Mauritania	140	7274	1564	1	161	35	Community transmission
Togo	112	1555	188	6	37	4	Community transmission
Lesotho	97	1245	581	2	33	15	Clusters of cases
Burkina Faso	91	1499	72	1	56	3	Community transmission
Mali	83	2916	144	2	128	6	Community transmission
Malawi	58	5669	296	2	177	9	Community transmission
Sierra Leone	53	2096	263	1	72	9	Community transmission
Chad	49	1083	66	3	80	5	Community transmission
Gabon	42	8643	3883	0	53	24	Community transmission
South Sudan	34	2578	230	1	49	4	Community transmission
Eritrea	31	361	102	0	0	<1	Sporadic cases
Guinea-Bissau	30	2275	1156	1	39	20	Community transmission
Benin	29	2242	185	0	40	3	Community transmission
Equatorial Guinea	24	4996	3561	0	83	59	Community transmission
Central African Republic	20	4749	983	0	62	13	Community transmission
Burundi	10	472	40	0	1	<1	Clusters of cases
Comoros	8	456	524	0	7	8	Community transmission
Sao Tome and Principe	8	906	4134	0	15	68	Clusters of cases
Liberia	5	1311	259	0	82	16	Community transmission
Mauritius	5	361	284	0	10	8	Sporadic cases
Niger	1	1178	49	0	69	3	Clusters of cases
Seychelles	0	135	1373	0	0	<1	Sporadic cases
United Republic of Tanzania	0	509	9	0	21	<1	Community transmission
Réunion	608	2723	3041	4	10	11	Clusters of cases
Mayotte	0	3374	12367	0	40	147	Clusters of cases
