Reporting Country/Territory/Area	New cases in last 7 days	Cumulative cases	Cumulative cases per 1 million population	New deaths in last 7 days	Cumulative deaths	Cumulative deaths per 1 million population	Transmission classification
Africa	32943	1324258	1180	640	29785	27	
South Africa	11206	725452	12232	332	19276	325	Community transmission
Kenya	6402	55192	1026	100	996	19	Community transmission
Ethiopia	3311	96169	837	50	1469	13	Community transmission
Algeria	2021	57651	1315	59	1956	45	Community transmission
Angola	1779	10805	329	17	284	9	Community transmission
Uganda	1198	12495	273	12	111	2	Community transmission
Mozambique	974	12869	412	7	92	3	Community transmission
Nigeria	923	62853	305	15	1144	6	Community transmission
Botswana	719	6642	2824	3	24	10	Community transmission
Cabo Verde	471	8793	15815	1	95	171	Community transmission
Guinea	403	12072	919	1	72	5	Community transmission
Ghana	365	48055	1547	4	320	10	Community transmission
Namibia	356	12935	5091	0	133	52	Community transmission
Zambia	315	16432	894	1	349	19	Community transmission
Côte d'Ivoire	287	20692	784	3	124	5	Community transmission
Cameroon	223	21793	821	1	426	16	Community transmission
Democratic Republic of the Congo	184	11305	126	3	307	3	Community transmission
Madagascar	143	17111	618	0	244	9	Community transmission
Togo	134	2296	277	3	55	7	Community transmission
Zimbabwe	98	8367	563	7	243	16	Community transmission
Benin	86	2643	218	0	41	3	Community transmission
Mali	82	3554	175	4	136	7	Community transmission
Rwanda	77	5137	397	1	35	3	Clusters of cases
Senegal	73	15616	933	3	324	19	Community transmission
Eswatini	70	5917	5100	1	117	101	Community transmission
Burkina Faso	56	2500	120	2	67	3	Community transmission
Chad	49	1483	90	2	98	6	Community transmission
Gabon	49	8968	4029	1	55	25	Community transmission
Malawi	43	5930	310	1	184	10	Community transmission
South Sudan	43	2926	261	3	59	5	Community transmission
Congo	37	5290	959	0	92	17	Community transmission
Burundi	33	589	50	0	1	<1	Community transmission
Liberia	31	1426	282	0	82	16	Community transmission
Sierra Leone	21	2366	297	0	74	9	Community transmission
Comoros	13	530	609	0	7	8	Community transmission
Lesotho	13	1947	909	0	43	20	Community transmission
Gambia	11	3670	1519	0	119	49	Community transmission
Guinea-Bissau	10	2413	1226	0	41	21	Community transmission
Equatorial Guinea	9	5088	3627	0	83	59	Community transmission
Mauritius	6	441	347	0	10	8	Sporadic cases
Niger	5	1220	50	0	69	3	Community transmission
Sao Tome and Principe	5	945	4312	1	16	73	Community transmission
Central African Republic	4	4866	1008	0	62	13	Community transmission
Eritrea	2	463	131	0	0	<1	Sporadic cases
Seychelles	2	154	1566	0	0	<1	Sporadic cases
Mauritania	1	7663	1648	0	163	35	Community transmission
United Republic of Tanzania	0	509	9	0	21	<1	Community transmission
Réunion	510	5659	6321	2	22	25	Clusters of cases
Mayotte	90	4366	16004	0	44	161	Clusters of cases
