Reporting Country/Territory/Area	New cases in last 7 days	Cumulative cases	Cumulative cases per 1 million population	New deaths in last 7 days	Cumulative deaths	Cumulative deaths per 1 million population	Transmission classification
Europe	1726941	23691857	25382	36286	522719	560	
Turkey	194476	1189947	14109	1652	17851	212	Community transmission
Russian Federation	194449	2848377	19518	3917	50858	348	Clusters of cases
Germany	173293	1494009	17832	4262	26049	311	Clusters of cases
The United Kingdom	173263	2004223	29523	3049	67075	988	Community transmission
Italy	112308	1938083	32055	4411	68447	1132	Clusters of cases
France	93836	2418439	37051	2651	60043	920	Community transmission
Poland	76000	1202700	31778	2721	25397	671	Community transmission
Netherlands	73449	676589	39486	444	10454	610	Community transmission
Ukraine	70233	964448	22053	1431	16585	379	Community transmission
Czechia	45061	624140	58282	796	10331	965	Community transmission
Spain	44895	1797236	38440	584	48926	1046	Community transmission
Sweden	38630	367120	36351	154	7993	791	Community transmission
Romania	36044	587944	30562	1032	14296	743	Community transmission
Serbia	35091	296528	42582	357	2632	378	Community transmission
Azerbaijan	27704	199127	19639	292	2175	215	Clusters of cases
Switzerland	26394	402264	46480	539	5981	691	Community transmission
Portugal	26087	370787	36363	602	6063	595	Clusters of cases
Denmark	24490	131606	22721	84	1019	176	Community transmission
Hungary	22589	302989	31364	1134	8099	838	Community transmission
Croatia	22439	194962	47491	615	3177	774	Community transmission
Lithuania	19258	112359	41274	204	1019	374	Community transmission
Georgia	18912	208638	52301	304	2094	525	Community transmission
Slovakia	18352	151336	27719	380	1555	285	Clusters of cases
Austria	17598	334629	37155	772	5127	569	Community transmission
Belgium	16803	625928	54008	585	18616	1606	Community transmission
Israel	16748	371373	42906	96	3075	355	Community transmission
Belarus	13245	171579	18158	62	1316	139	Community transmission
Bulgaria	12077	191029	27492	925	6551	943	Clusters of cases
Slovenia	9519	105013	50513	319	2347	1129	Clusters of cases
Republic of Moldova	8855	134578	33361	180	2727	676	Community transmission
Greece	6643	130485	12519	562	4102	394	Community transmission
Armenia	5500	153825	51911	144	2630	888	Community transmission
Latvia	5251	30297	16062	103	427	226	Clusters of cases
Bosnia and Herzegovina	5218	105524	32164	327	3625	1105	Community transmission
North Macedonia	4862	77949	37415	178	2274	1091	Community transmission
Albania	4800	52542	18258	85	1074	373	Clusters of cases
Kazakhstan	4692	190969	10171	0	2609	139	Clusters of cases
Estonia	4081	21794	16429	26	174	131	Clusters of cases
Ireland	3020	78776	15954	31	2154	436	Community transmission
Luxembourg	2795	44067	70397	44	440	703	Community transmission
Norway	2753	42775	7890	17	404	75	Clusters of cases
Cyprus	2676	17476	14475	12	89	74	Clusters of cases
Finland	2509	32582	5880	36	489	88	Community transmission
Montenegro	2345	44037	70115	44	626	997	Clusters of cases
Kyrgyzstan	1766	79122	12127	23	1330	204	Clusters of cases
Uzbekistan	995	75806	2265	0	612	18	Clusters of cases
Malta	520	11621	26319	21	187	424	Clusters of cases
Tajikistan	325	13182	1382	2	89	9	Pending
Andorra	272	7560	97845	2	80	1035	Community transmission
Liechtenstein	223	1725	45232	4	22	577	Sporadic cases
San Marino	175	2107	62084	4	55	1621	Community transmission
Iceland	69	5621	16472	0	28	82	Community transmission
Monaco	52	723	18423	0	3	76	Sporadic cases
Holy See	0	26	32138	0	0	0	Sporadic cases
Kosovo	2564	48639	26145	62	1238	665	Community transmission
Jersey	597	2234	20533	4	36	331	Community transmission
Gibraltar	114	1184	35143	1	6	178	Clusters of cases
Faroe Islands	21	546	11174	0	0	0	Sporadic cases
Isle of Man	3	373	4387	0	25	294	No cases
Guernsey	2	291	4605	0	13	206	Community transmission
Greenland	0	19	335	0	0	0	No cases
