WHO Region	New cases in last 7 days (%)	Change in new cases in last 7 days	Cumulative cases (%)	New deaths in last 7 days (%)	Change in new deaths in last 7 days	Cumulative deaths (%)
Americas	2321202 (50%)	13%	32437597 (43%)	32397 (41%)	9%	809105 (48%)
Europe	1726941 (37%)	2%	23691857 (32%)	36286 (46%)	3%	522719 (31%)
South-East Asia	249007 (5%)	-14%	11610444 (15%)	3968 (5%)	-10%	176826 (11%)
Eastern Mediterranean	174325 (4%)	-14%	4665285 (6%)	3852 (5%)	-12%	115495 (7%)
Africa	94653 (2%)	27%	1716697 (2%)	1862 (2%)	34%	37741 (2%)
Western Pacific	46662 (1%)	3%	1006682 (1%)	636 (1%)	18%	18895 (1%)
Global	4612790 (100%)	6%	75129306 (100%)	79001 (100%)	4%	1680794 (100%)
