Reporting Country/Territory/Area	New cases in last 7 days	Cumulative cases	Cumulative cases per 1 million population	New deaths in last 7 days	Cumulative deaths	Cumulative deaths per 1 million population	Transmission classification
South-East Asia	647306	6720771	1166	9011	110711	19	
India	591913	5992532	4342	7751	94503	68	Clusters of cases
Indonesia	30652	271339	992	860	10308	38	Community transmission
Bangladesh	10501	357873	2173	216	5129	31	Community transmission
Nepal	9024	71821	2465	66	467	16	Clusters of cases
Myanmar	4728	9991	184	117	198	4	Clusters of cases
Maldives	396	10045	18583	1	34	63	Clusters of cases
Sri Lanka	66	3349	156	0	13	1	Clusters of cases
Thailand	17	3523	50	0	59	1	Clusters of cases
Bhutan	12	271	351	0	0	<1	Sporadic cases
Timor-Leste	0	27	20	0	0	<1	Sporadic cases
