Reporting Country/Territory/Area	New cases in last 7 days	Cumulative cases	Cumulative cases per 1 million population	New deaths in last 7 days	Cumulative deaths	Cumulative deaths per 1 million population	Transmission classification
Europe	1456530	19986964	21413	35249	448867	481	
Russian Federation	191454	2460770	16862	3614	43141	296	Clusters of cases
Italy	145459	1709991	28282	5151	59514	984	Clusters of cases
Germany	128622	1171322	13980	2649	18772	224	Clusters of cases
The United Kingdom	100799	1705975	25130	2984	61014	899	Community transmission
Ukraine	90627	813306	18597	1375	13588	311	Community transmission
Poland	80680	1054273	27856	3115	19861	525	Community transmission
France	72019	2241830	34345	2851	54618	837	Community transmission
Serbia	50808	213843	30708	407	1891	272	Community transmission
Turkey	45286	533198	6322	1332	14705	174	Community transmission
Romania	42363	508345	26424	1141	12186	633	Community transmission
Hungary	38751	250278	25908	1196	5868	607	Community transmission
Netherlands	37089	549784	32086	336	9649	563	Community transmission
Spain	35761	1684647	36032	767	46252	989	Community transmission
Georgia	30107	162475	40729	274	1504	377	Community transmission
Azerbaijan	28298	142323	14037	270	1593	157	Clusters of cases
Portugal	27934	318640	31249	513	4876	478	Clusters of cases
Sweden	27899	278912	27617	128	7067	700	Community transmission
Czechia	25530	544179	50815	761	8815	823	Community transmission
Austria	23956	298231	33113	852	3674	408	Community transmission
Croatia	23761	147454	35918	447	2102	512	Community transmission
Switzerland	23167	343101	39644	532	4832	558	Community transmission
Bulgaria	19097	160844	23148	980	4729	681	Clusters of cases
Lithuania	14456	74649	27421	133	626	230	Community transmission
Belgium	14377	591752	51059	684	17316	1494	Community transmission
Belarus	11955	145279	15375	55	1198	127	Community transmission
Greece	11534	114568	10992	679	2902	278	Community transmission
Slovakia	10830	115462	21148	183	981	180	Clusters of cases
Slovenia	10511	84775	40778	331	1244	598	Clusters of cases
Denmark	10504	88858	15341	55	878	152	Community transmission
Republic of Moldova	9705	115557	28646	134	2403	596	Community transmission
Israel	8607	342929	39620	58	2906	336	Community transmission
Armenia	7169	141937	47899	184	2326	785	Community transmission
Bosnia and Herzegovina	7058	93768	28581	346	2922	891	Community transmission
North Macedonia	6588	67311	32309	202	1901	912	Community transmission
Kazakhstan	5538	179344	9551	0	2477	132	Clusters of cases
Albania	5358	42148	14646	102	889	309	Clusters of cases
Latvia	4226	20787	11021	60	253	134	Clusters of cases
Luxembourg	3608	37017	59135	45	345	551	Community transmission
Finland	2911	27218	4912	22	415	75	Community transmission
Estonia	2802	14500	10931	17	126	95	Clusters of cases
Montenegro	2767	37981	60473	43	530	844	Clusters of cases
Kyrgyzstan	2675	75102	11511	29	1295	198	Clusters of cases
Norway	2624	37371	6893	26	354	65	Community transmission
Ireland	2006	73948	14976	49	2099	425	Community transmission
Cyprus	1950	12181	10089	11	59	49	Clusters of cases
Uzbekistan	1095	73904	2208	3	611	18	Clusters of cases
Malta	814	10423	23606	17	149	337	Clusters of cases
Andorra	395	7005	90662	2	78	1010	Community transmission
Tajikistan	271	12389	1299	1	87	9	Pending
San Marino	203	1789	52714	3	48	1414	Community transmission
Liechtenstein	123	1396	36605	1	16	420	Sporadic cases
Iceland	105	5476	16047	1	27	79	Community transmission
Monaco	27	637	16232	0	3	76	Sporadic cases
Holy See	0	26	32138	0	0	0	Sporadic cases
Kosovo	3906	42294	22734	98	1077	579	Community transmission
Jersey	315	1238	11379	0	32	294	Community transmission
Gibraltar	43	1042	30928	0	5	148	Clusters of cases
Faroe Islands	4	506	10355	0	0	0	Sporadic cases
Guernsey	2	288	4557	0	13	206	Community transmission
Isle of Man	1	370	4351	0	25	294	No cases
Greenland	0	18	317	0	0	0	No cases
