WHO Region	New cases in last 7 days (%)	Change in new cases in last 7 days	Cumulative cases (%)	New deaths in last 7 days (%)	Change in new deaths in last 7 days	Cumulative deaths (%)
Americas	1845816 (46%)	12%	28062331 (43%)	26624 (36%)	18%	746852 (49%)
Europe	1456530 (37%)	-9%	19986964 (30%)	35249 (48%)	-3%	448867 (29%)
South-East Asia	332396 (8%)	-10%	11071129 (17%)	5004 (7%)	2%	168458 (11%)
Eastern Mediterranean	242563 (6%)	-3%	4288875 (7%)	5084 (7%)	-13%	107258 (7%)
Africa	53083 (1%)	9%	1547607 (2%)	974 (1%)	0%	34486 (2%)
Western Pacific	40039 (1%)	-1%	914744 (1%)	461 (1%)	4%	17722 (1%)
Global	3970427 (100%)	0%	65872391 (100%)	73396 (100%)	4%	1523656 (100%)
