WHO Region	New cases in last 7 days (%)	Change in new cases in last 7 days	Cumulative cases (%)	Cumulative cases per 1 million population	New deaths in last 7 days (%)	Change in new deaths in last 7 days	Cumulative deaths (%)	Cumulative deaths per 1 million population
Americas	863093 (50%)	-11%	12283953 (53%)	1823	24250 (62%)	-17%	438576 (55%)	65
South-East Asia	493639 (28%)	4%	3533807 (15%)	613	7580 (19%)	4%	67455 (8%)	12
Europe	195999 (11%)	-1%	3970890 (17%)	581	2499 (6%)	-12%	216478 (27%)	32
Eastern Mediterranean	92534 (5%)	4%	1816207 (8%)	258	2489 (6%)	-5%	48193 (6%)	7
Africa	55165 (3%)	-8%	1000379 (4%)	151	1845 (5%)	-11%	20321 (3%)	3
Western Pacific	41722 (2%)	-5%	451311 (2%)	78	577 (1%)	<1%	9870 (1%)	2
Other	0	0	741	-	-	-	13	-
Global	1742152 (100%)	-5%	23057288 (100%)	291	39240 (100%)	-12%	800906 (100%)	103
