Reporting Country/Territory/Area	New cases in last 7 days	Cumulative cases	Cumulative cases per 1 million population	New deaths in last 7 days	Cumulative deaths	Cumulative deaths per 1 million population	Transmission classification
Africa	29076	1145397	173	841	24757	4	
South Africa	11442	659656	11122	513	15940	269	Community transmission
Ethiopia	4243	68131	593	93	1089	9	Community transmission
Algeria	1616	49623	1132	60	1665	38	Community transmission
Mozambique	1497	6537	209	6	41	1	Community transmission
Uganda	1314	6017	132	11	63	1	Clusters of cases
Nigeria	968	57145	277	17	1095	5	Community transmission
Kenya	866	36829	685	27	646	12	Community transmission
Namibia	688	10292	4051	13	111	44	Community transmission
Angola	566	3901	119	15	147	4	Clusters of cases
Zambia	558	14024	763	17	329	18	Community transmission
Senegal	495	14688	877	9	302	18	Community transmission
Cabo Verde	475	5186	9328	6	50	90	Clusters of cases
Ghana	443	45877	1476	11	297	10	Community transmission
Botswana	315	2567	1092	3	13	6	Clusters of cases
Burkina Faso	298	1797	86	0	56	3	Community transmission
Madagascar	283	16020	579	9	219	8	Community transmission
Guinea	266	10286	783	0	63	5	Community transmission
Cameroon	264	20431	770	1	416	16	Community transmission
Côte d'Ivoire	213	19200	728	0	120	5	Community transmission
Eswatini	195	5245	4521	6	104	90	Community transmission
Zimbabwe	164	7672	516	1	225	15	Community transmission
Lesotho	145	1390	649	0	33	15	Clusters of cases
Gambia	128	3504	1450	6	108	45	Community transmission
Rwanda	106	4671	361	3	25	2	Clusters of cases
Democratic Republic of the Congo	103	10487	117	6	268	3	Community transmission
Mauritania	91	7365	1584	0	161	35	Community transmission
Mali	90	3006	148	0	128	6	Community transmission
Togo	85	1640	198	4	41	5	Community transmission
Chad	66	1149	70	1	81	5	Community transmission
South Sudan	64	2642	236	0	49	4	Community transmission
Sierra Leone	63	2159	271	0	72	9	Community transmission
Gabon	53	8696	3907	0	53	24	Community transmission
Congo	52	4986	904	1	89	16	Community transmission
Malawi	49	5718	299	2	179	9	Community transmission
Central African Republic	44	4793	992	0	62	13	Community transmission
Benin	38	2280	188	0	40	3	Community transmission
Guinea-Bissau	28	2303	1170	0	39	20	Community transmission
Liberia	24	1335	264	0	82	16	Community transmission
Comoros	14	470	540	0	7	8	Community transmission
Equatorial Guinea	6	5002	3565	0	83	59	Community transmission
Mauritius	6	367	289	0	10	8	Sporadic cases
Niger	4	1182	49	0	69	3	Clusters of cases
Seychelles	4	139	1413	0	0	<1	Sporadic cases
Eritrea	3	364	103	0	0	<1	Sporadic cases
Sao Tome and Principe	2	908	4143	0	15	68	Clusters of cases
Burundi	1	473	40	0	1	<1	Clusters of cases
United Republic of Tanzania	0	509	9	0	21	<1	Community transmission
Réunion	471	3194	3567	0	10	11	Clusters of cases
Mayotte	167	3541	12979	0	40	147	Clusters of cases
