Reporting Country/Territory/Area	New cases in last 7 days	Cumulative cases	Cumulative cases per 1 million population	New deaths in last 7 days	Cumulative deaths	Cumulative deaths per 1 million population	Transmission classification
Africa	60175	945165		2073	18476		
South Africa	30465	583653	9841	1467	11677	197	Community transmission
Ethiopia	6641	28894	251	119	509	4	Community transmission
Kenya	4012	29849	555	54	472	9	Community transmission
Algeria	3440	38133	870	67	1360	31	Community transmission
Nigeria	2630	48770	237	32	974	5	Community transmission
Ghana	1677	42210	1358	25	231	7	Community transmission
Zambia	1283	9186	500	57	260	14	Community transmission
Namibia	1055	3907	1538	19	35	14	Clusters of cases
Senegal	1029	12032	719	22	251	15	Community transmission
Madagascar	802	13724	496	25	166	6	Community transmission
Eswatini	617	3745	3228	13	69	59	Community transmission
Zimbabwe	601	5176	348	28	130	9	Clusters of cases
Gambia	599	1689	699	35	54	22	Sporadic cases
Mozambique	550	2791	89	3	19	1	Community transmission
Guinea	468	8343	635	0	50	4	Community transmission
Cameroon	427	18469	696	6	401	15	Community transmission
Botswana	410	1214	516	1	3	1	Clusters of cases
Malawi	402	5026	263	14	157	8	Community transmission
Côte d'Ivoire	373	16993	644	4	108	4	Community transmission
Cabo Verde	328	3163	5689	2	34	61	Clusters of cases
Angola	307	1879	57	16	86	3	Clusters of cases
Gabon	302	8225	3695	0	51	23	Community transmission
Rwanda	218	2352	182	2	8	1	Clusters of cases
Democratic Republic of the Congo	202	9637	108	21	239	3	Community transmission
Mauritania	195	6693	1439	0	157	34	Community transmission
Congo	167	3831	694	18	76	14	Community transmission
Lesotho	161	903	422	2	25	12	Clusters of cases
Benin	127	2063	170	1	39	3	Community transmission
Uganda	116	1385	30	6	12	<1	Clusters of cases
Togo	80	1092	132	4	26	3	Community transmission
Burkina Faso	65	1240	59	0	54	3	Community transmission
Guinea-Bissau	65	2117	1076	4	33	17	Community transmission
Sierra Leone	59	1954	245	1	69	9	Community transmission
Mali	49	2614	129	0	125	6	Community transmission
Liberia	23	1257	249	3	82	16	Community transmission
South Sudan	19	2489	222	0	47	4	Community transmission
Central African Republic	11	4652	963	2	61	13	Community transmission
Chad	10	952	58	0	76	5	Community transmission
Burundi	8	413	35	0	1	<1	Clusters of cases
Niger	8	1165	48	0	69	3	Community transmission
Sao Tome and Principe	7	885	4038	0	15	68	Clusters of cases
Comoros	6	405	466	0	7	8	Community transmission
Mauritius	2	346	272	0	10	8	Sporadic cases
Seychelles	1	127	1291	0	0	<1	Sporadic cases
Equatorial Guinea	0	4821	3436	0	83	59	Community transmission
Eritrea	0	285	80	0	0	<1	Sporadic cases
United Republic of Tanzania	0	509	9	0	21	<1	Community transmission
Réunion	107	788	880	0	5	6	Clusters of cases
Mayotte	51	3119	11433	0	39	143	Clusters of cases
