Reporting Country/Territory/Area	New cases in last 7 days	Cumulative cases	Cumulative cases per 1 million population	New deaths in last 7 days	Cumulative deaths	Cumulative deaths per 1 million population	Transmission classification
Eastern Mediterranean	125597	2466722	351	2804	63156	9	
Iraq	29962	375931	9346	412	9347	232	Community transmission
Iran (Islamic Republic of)	25033	468119	5573	1352	26746	318	Community transmission
Morocco	1987	131228	3555	252	2293	62	Clusters of cases
Lebanon	8252	43480	6370	58	398	58	Community transmission
United Arab Emirates	7142	97760	9884	15	426	43	Community transmission
Jordan	6688	14749	1446	45	88	9	Community transmission
Tunisia	4830	20944	1772	62	276	23	Clusters of cases
Pakistan	4341	314616	1424	56	6513	29	Clusters of cases
Libya	4259	36087	5252	79	578	84	Community transmission
Bahrain	3535	72310	42496	19	258	152	Clusters of cases
Kuwait	3259	106458	24928	23	620	145	Community transmission
Saudi Arabia	3207	335997	9651	195	4850	139	Sporadic cases
Oman	2678	98585	19305	50	935	183	Community transmission
Qatar	1489	126339	43852	2	216	75	Community transmission
Egypt	839	103575	1012	101	5970	58	Clusters of cases
Syrian Arab Republic	291	4329	247	16	204	12	Community transmission
Somalia	157	3745	236	0	99	6	Sporadic cases
Afghanistan	114	39341	1011	9	1462	38	Clusters of cases
Sudan	43	13653	311	0	836	19	Community transmission
Yemen	11	2045	69	2	590	20	Community transmission
Djibouti	9	5418	5484	0	61	62	Sporadic cases
occupied Palestinian territory	3441	52013	10196	56	390	76	Community transmission
