Reporting Country/Territory/Area	New cases in last 7 days	Cumulative cases	Cumulative cases per 1 million population	New deaths in last 7 days	Cumulative deaths	Cumulative deaths per 1 million population	Transmission classification
Americas	804735	17794771	17399	20509	588867	576	
United States of America	327514	7583748	22911	4863	212229	641	Community transmission
Brazil	175365	5055888	23786	4251	149639	704	Community transmission
Argentina	91779	871468	19282	2626	23225	514	Community transmission
Mexico	56661	809751	6280	5015	83507	648	Community transmission
Colombia	52769	894300	17576	1098	27495	540	Community transmission
Peru	21791	843355	25578	549	33158	1006	Community transmission
Canada	15458	178117	4719	176	9585	254	Community transmission
Chile	11124	479595	25088	353	13272	694	Community transmission
Costa Rica	8224	86053	16893	125	1055	207	Community transmission
Ecuador	6477	146828	8322	591	12188	691	Community transmission
Paraguay	5591	48275	6768	155	1045	147	Community transmission
Panama	4879	118841	27543	68	2474	573	Community transmission
Venezuela (Bolivarian Republic of)	4876	81696	2873	41	684	24	Community transmission
Honduras	4283	82552	8335	106	2492	252	Community transmission
Dominican Republic	4088	118014	10879	39	2167	200	Community transmission
Guatemala	3796	97544	5445	80	3365	188	Community transmission
Bolivia (Plurinational State of)	2007	138226	11841	217	8262	708	Community transmission
Jamaica	764	7559	2553	19	138	47	Community transmission
Bahamas	623	4955	12600	10	106	270	Clusters of cases
El Salvador	593	29951	4618	30	887	137	Community transmission
Guyana	390	3358	4269	15	100	127	Clusters of cases
Belize	347	2427	6104	7	35	88	Community transmission
Trinidad and Tobago	334	5043	3603	12	90	64	Community transmission
Cuba	168	5948	525	1	123	11	Clusters of cases
Uruguay	154	2251	648	1	49	14	Clusters of cases
Suriname	119	5018	8554	1	106	181	Community transmission
Nicaragua	79	4225	638	2	153	23	Community transmission
Haiti	68	8860	777	1	230	20	Community transmission
Barbados	9	205	713	0	7	24	Clusters of cases
Antigua and Barbuda	5	111	1133	0	3	31	Sporadic cases
Saint Lucia	2	29	158	0	0	<1	Sporadic cases
Dominica	1	32	445	0	0	<1	Clusters of cases
Grenada	0	24	213	0	0	<1	No cases
Saint Kitts and Nevis	0	19	357	0	0	<1	No cases
Saint Vincent and the Grenadines	0	64	577	0	0	<1	Sporadic cases
Puerto Rico	2989	53364	18653	47	728	254	Community transmission
Guadeloupe	580	6483	16202	2	77	192	Community transmission
Martinique	308	1851	4933	1	22	59	Community transmission
Aruba	152	4150	38870	4	31	290	Community transmission
Curaçao	133	532	3242	0	1	6	Community transmission
French Guiana	115	10144	33963	2	69	231	Community transmission
Saint Martin	54	466	12054	0	8	207	Community transmission
Sint Maarten	31	699	16301	0	22	513	Community transmission
Bonaire, Sint Eustatius and Saba	24	148	5644	1	2	76	Sporadic cases
Cayman Islands	7	220	3348	0	1	15	Sporadic cases
Bermuda	3	184	2955	0	9	145	Sporadic cases
Saint Barthélemy	3	65	6576	0	0	<1	
Anguilla	0	3	200	0	0	<1	No cases
British Virgin Islands	0	71	2348	0	1	33	Clusters of cases
Falkland Islands (Malvinas)	0	13	3732	0	0	<1	No cases
Montserrat	0	13	2601	0	1	200	No cases
Saint Pierre and Miquelon	0	16	2761	0	0	<1	Sporadic cases
Turks and Caicos Islands	0	695	17950	0	6	155	Clusters of cases
United States Virgin Islands	2	1324	12679	0	20	192	Community transmission
