Reporting Country/Territory/Area	New cases in last 7 days	Cumulative cases	Cumulative cases per 1 million population	New deaths in last 7 days	Cumulative deaths	Cumulative deaths per 1 million population	Transmission classification
Americas	697780	14699174	2182	24626	508705	75	
United States of America	242694	6386832	19295	5146	191809	579	Community transmission
Brazil	189332	4282164	20146	4875	130396	613	Community transmission
Argentina	73823	535705	11853	1521	11206	248	Community transmission
Colombia	52026	702088	13798	1630	22518	443	Community transmission
Peru	39822	716670	21736	916	30470	924	Community transmission
Mexico	35209	658299	5106	3332	70183	544	Community transmission
Chile	12232	432666	22633	344	11895	622	Community transmission
Costa Rica	8289	53969	10594	114	583	114	Community transmission
Venezuela (Bolivarian Republic of)	7690	58663	2063	56	468	16	Community transmission
Paraguay	5858	26512	3717	98	496	70	Community transmission
Bolivia (Plurinational State of)	5592	125172	10723	1907	7250	621	Community transmission
Panama	4734	100330	23253	77	2140	496	Community transmission
Canada	4502	135626	3593	22	9163	243	Community transmission
Guatemala	4177	81658	4558	104	2949	165	Community transmission
Dominican Republic	3456	102232	9424	101	1941	179	Community transmission
Honduras	2251	66049	6669	74	2058	208	Community transmission
Trinidad and Tobago	750	2892	2066	18	50	36	Community transmission
El Salvador	645	26851	4140	30	782	121	Community transmission
Jamaica	547	3511	1186	10	40	14	Community transmission
Bahamas	398	2874	7308	12	67	170	Clusters of cases
Cuba	355	4653	411	8	108	10	Clusters of cases
Guyana	347	1763	2241	8	52	66	Clusters of cases
Belize	283	1435	3609	4	19	48	Community transmission
Suriname	277	4529	7720	18	93	159	Community transmission
Haiti	131	8457	742	4	216	19	Community transmission
Uruguay	120	1773	510	0	45	13	Clusters of cases
Nicaragua	104	3877	585	3	144	22	Community transmission
Saint Vincent and the Grenadines	3	64	577	0	0	<1	Sporadic cases
Barbados	2	180	626	0	7	24	Clusters of cases
Dominica	2	24	333	0	0	<1	Clusters of cases
Saint Lucia	1	27	147	0	0	<1	Sporadic cases
Antigua and Barbuda	0	95	970	0	3	31	Clusters of cases
Grenada	0	24	213	0	0	<1	No cases
Saint Kitts and Nevis	0	17	320	0	0	<1	No cases
Ecuador	-3313	114732	6503	4112	10836	614	Community transmission
Puerto Rico	2600	37092	12965	71	535	187	Community transmission
Guadeloupe	1717	3080	7698	4	24	60	Community transmission
Aruba	527	2819	26404	3	16	150	Community transmission
French Guiana	199	9521	31877	1	63	211	Community transmission
Martinique	181	939	2502	0	18	48	Community transmission
Curaçao	57	135	823	0	1	6	Community transmission
Turks and Caicos Islands	50	641	16556	0	5	129	Clusters of cases
United States Virgin Islands	44	1211	11597	3	19	182	Community transmission
Sint Maarten	26	530	12359	0	19	443	Community transmission
Saint Martin	17	256	6622	0	6	155	Community transmission
Bonaire, Sint Eustatius and Saba	7	25	953	0	0	<1	Sporadic cases
Saint Pierre and Miquelon	5	11	1898	0	0	<1	Sporadic cases
British Virgin Islands	3	66	2183	0	1	33	Clusters of cases
Cayman Islands	3	208	3165	0	1	15	Sporadic cases
Saint Barthélemy	3	21	2124	0	0	<1	Sporadic cases
Bermuda	2	177	2842	0	9	145	Sporadic cases
Anguilla	0	3	200	0	0	<1	No cases
Falkland Islands (Malvinas)	0	13	3732	0	0	<1	No cases
Montserrat	0	13	2601	0	1	200	No cases
