Reporting Country/Territory/Area	New cases in last 7 days	Cumulative cases	Cumulative cases per 1 million population	New deaths in last 7 days	Cumulative deaths	Cumulative deaths per 1 million population	Transmission classification
South-East Asia	687119	5377062	933	8991	92391	16	
India	640545	4754356	3445	7960	78586	57	Clusters of cases
Indonesia	24081	214746	785	710	8650	32	Community transmission
Bangladesh	12479	336044	2040	255	4702	29	Community transmission
Nepal	7843	53120	1823	56	336	12	Clusters of cases
Myanmar	1477	2796	51	8	16	<1	Clusters of cases
Maldives	566	9052	16746	2	31	57	Clusters of cases
Sri Lanka	83	3204	150	0	12	1	Clusters of cases
Thailand	29	3473	50	0	58	1	Clusters of cases
Bhutan	16	244	316	0	0	<1	Sporadic cases
Timor-Leste	0	27	20	0	0	<1	Sporadic cases
