Reporting Country/Territory/Area	New cases in last 7 days	Cumulative cases	Cumulative cases per 1 million population	New deaths in last 7 days	Cumulative deaths	Cumulative deaths per 1 million population	Transmission classification
Africa	55165	1000379	151	1845	20321	3	
Algeria	2935	41068	937	64	1424	32	Community transmission
Angola	255	2134	65	8	94	3	Clusters of cases
Benin	52	2115	174	0	39	3	Community transmission
Botswana	94	1308	556	0	3	1	Clusters of cases
Burkina Faso	57	1297	62	1	55	3	Community transmission
Burundi	17	430	36	0	1	<1	Clusters of cases
Cabo Verde	292	3455	6214	3	37	67	Clusters of cases
Cameroon	293	18762	707	7	408	15	Community transmission
Central African Republic	27	4679	969	0	61	13	Community transmission
Chad	30	982	60	0	76	5	Community transmission
Comoros	12	417	480	0	7	8	Community transmission
Congo	19	3850	698	1	77	14	Community transmission
Côte d'Ivoire	381	17347	659	5	113	4	Community transmission
Democratic Republic of the Congo	173	9810	110	12	251	3	Community transmission
Equatorial Guinea	105	4926	3511	0	83	59	Community transmission
Eritrea	21	306	85	0	0	<1	Sporadic cases
Eswatini	444	4189	3611	14	83	72	Community transmission
Ethiopia	10139	39033	340	153	662	6	Community transmission
Gabon	163	8388	3769	2	53	24	Community transmission
Gambia	748	2437	1008	30	84	35	Sporadic cases
Ghana	1115	43325	1394	30	261	8	Community transmission
Guinea	624	8967	683	3	53	4	Community transmission
Guinea-Bissau	32	2149	1092	0	33	17	Community transmission
Kenya	2269	32118	597	70	542	10	Community transmission
Lesotho	112	1015	474	5	30	14	Clusters of cases
Liberia	28	1285	254	0	82	16	Community transmission
Madagascar	553	14277	516	12	178	6	Community transmission
Malawi	356	5382	281	11	168	9	Community transmission
Mali	85	2699	133	0	125	6	Community transmission
Mauritania	201	6984	1483	1	158	34	Community transmission
Mauritius	0	346	272	0	10	8	Sporadic cases
Mozambique	513	3304	106	1	20	1	Community transmission
Namibia	1631	5538	2180	11	46	18	Community transmission
Niger	7	1172	48	0	69	3	Clusters of cases
Nigeria	3135	51905	252	23	997	5	Community transmission
Rwanda	537	2889	223	3	11	1	Clusters of cases
Sao Tome and Principe	7	892	4070	0	15	68	Clusters of cases
Senegal	818	12850	767	15	266	16	Community transmission
Seychelles	0	127	1291	0	0	<1	Sporadic cases
Sierra Leone	26	1980	248	0	69	9	Community transmission
South Africa	23392	607045	10235	1310	12987	219	Community transmission
South Sudan	10	2499	223	0	47	4	Community transmission
Togo	120	1212	146	1	27	3	Community transmission
Uganda	732	2166	47	8	20	<1	Clusters of cases
United Republic of Tanzania	0	509	9	0	21	<1	Community transmission
Zambia	1441	10627	578	17	277	15	Community transmission
Zimbabwe	717	5893	396	23	153	10	Community transmission
Mayotte	118	3237	11865	0	39	143	Clusters of cases
Réunion	329	1117	1248	1	6	7	Clusters of cases
