Reporting Country/Territory/Area	New cases in last 7 days	Cumulative cases	Cumulative cases per 1 million population	New deaths in last 7 days	Cumulative deaths	Cumulative deaths per 1 million population	Transmission classification
Western Pacific	36046	834216	425	439	16816	9	
Japan	13502	130179	1029	91	1974	16	Clusters of cases
Philippines	10515	416852	3804	289	8080	74	Community transmission
Malaysia	7470	53679	1658	26	332	10	Clusters of cases
Republic of Korea	2187	30733	599	12	505	10	Clusters of cases
China	220	92648	63	0	4749	3	Clusters of cases
Mongolia	166	582	178	0	0	<1	Sporadic cases
Australia	96	27807	1090	0	907	36	Clusters of cases
Viet Nam	41	1306	13	0	35	<1	Clusters of cases
Singapore	32	58148	9939	0	28	5	Clusters of cases
New Zealand	27	1672	347	0	25	5	Clusters of cases
Cambodia	4	306	18	0	0	<1	Sporadic cases
Papua New Guinea	4	604	68	0	7	1	Community transmission
Lao People's Democratic Republic	1	25	3	0	0	<1	Sporadic cases
Brunei Darussalam	0	148	338	0	3	7	No cases
Fiji	0	35	39	0	2	2	Sporadic cases
Solomon Islands	0	16	23	0	0	<1	Sporadic cases
French Polynesia	1272	12978	46200	10	63	224	Sporadic cases
Guam	501	6355	37654	11	104	616	Clusters of cases
Marshall Islands	3	4	68	0	0	<1	Sporadic cases
New Caledonia	2	32	112	0	0	<1	Sporadic cases
Northern Mariana Islands (Commonwealth of the)	2	104	1807	0	2	35	Pending
Wallis and Futuna	1	2	178	0	0	<1	Sporadic cases
Vanuatu	0	1	3	0	0	<1	Sporadic cases
