Reporting Country/Territory/Area	New cases in last 7 days	Cumulative cases	Cumulative cases per 1 million population	New deaths in last 7 days	Cumulative deaths	Cumulative deaths per 1 million population	Transmission classification
Eastern Mediterranean	88733	1723673		2624	45704		
Iraq	25194	172583	4291	475	5785	144	Community transmission
Iran (Islamic Republic of)	16378	341070	4061	1228	19492	232	Community transmission
Saudi Arabia	10053	297315	8540	239	3369	97	Clusters of cases
Morocco	9010	41017	1111	152	632	17	Clusters of cases
Pakistan	4614	288717	1307	94	6168	28	Clusters of cases
Kuwait	4498	75697	17725	24	498	117	Clusters of cases
Bahrain	2801	46430	27286	8	170	100	Clusters of cases
Libya	2249	7327	1066	31	139	20	Clusters of cases
Lebanon	2219	8442	1237	23	97	14	Community transmission
Qatar	2159	114809	39850	10	192	67	Community transmission
United Arab Emirates	1802	64102	6481	5	361	37	Community transmission
Oman	1567	82924	16239	53	562	110	Community transmission
Egypt	1022	96336	941	149	5141	50	Clusters of cases
Afghanistan	542	37596	966	63	1375	35	Clusters of cases
Syrian Arab Republic	468	1593	91	10	60	3	Community transmission
Sudan	420	12314	281	25	798	18	Community transmission
Tunisia	345	2023	171	3	54	5	Sporadic cases
Jordan	93	1339	131	0	11	1	Clusters of cases
Yemen	61	1862	62	16	529	18	Community transmission
Djibouti	29	5367	5432	0	59	60	Clusters of cases
Somalia	29	3256	205	0	93	6	Sporadic cases
occupied Palestinian territory	3180	21554	4225	16	119	23	Clusters of cases
