Reporting Country/Territory/Area	New cases in last 7 days	Cumulative cases	Cumulative cases per 1 million population	New deaths in last 7 days	Cumulative deaths	Cumulative deaths per 1 million population	Transmission classification
South-East Asia	493639	3533807	613	7580	67455	12	
Bangladesh	18100	292625	1777	282	3907	24	Community transmission
Bhutan	22	155	201	0	0	<1	Sporadic cases
India	455258	3044940	2206	6726	56706	41	Clusters of cases
Indonesia	14030	151498	554	523	6594	24	Community transmission
Maldives	981	6660	12321	4	26	48	Clusters of cases
Myanmar	70	444	8	0	6	<1	Sporadic cases
Nepal	5098	31117	1068	44	146	5	Clusters of cases
Sri Lanka	61	2947	138	1	12	1	Clusters of cases
Thailand	18	3395	49	0	58	1	Clusters of cases
Timor-Leste	1	26	20	0	0	<1	No cases
