Reporting Country/Territory/Area	New cases in last 7 days	Cumulative cases	Cumulative cases per 1 million population	New deaths in last 7 days	Cumulative deaths	Cumulative deaths per 1 million population	Transmission classification
Eastern Mediterranean	238390	3545801	4852	5747	90502	123	
Iran (Islamic Republic of)	76275	749525	8924	3202	41034	489	Community transmission
Jordan	36503	141305	13849	523	1704	167	Community transmission
Morocco	36026	288211	7808	500	4697	127	Clusters of cases
Iraq	20896	516915	12851	340	11623	289	Community transmission
Pakistan	12708	354461	1605	166	7109	32	Clusters of cases
Lebanon	11170	104267	15276	93	806	118	Community transmission
Tunisia	9796	79339	6713	431	2279	193	Community transmission
United Arab Emirates	8103	149135	15079	14	528	53	Community transmission
Libya	5589	72628	10570	75	995	145	Community transmission
Kuwait	5136	136341	31926	27	835	196	Community transmission
Saudi Arabia	2721	352950	10138	116	5641	162	Sporadic cases
Oman	2275	119442	23390	40	1326	260	Community transmission
Egypt	1585	110547	1080	87	6442	63	Clusters of cases
Qatar	1557	135570	47056	2	234	81	Community transmission
Bahrain	1259	84523	49673	4	333	196	Clusters of cases
Afghanistan	1002	43035	1105	49	1605	41	Clusters of cases
Sudan	471	14626	334	0	1116	25	Community transmission
Syrian Arab Republic	466	6613	378	28	341	19	Community transmission
Somalia	72	4301	271	0	107	7	Sporadic cases
Djibouti	40	5645	5714	0	61	62	Clusters of cases
Yemen	2	2072	69	1	603	20	Sporadic cases
occupied Palestinian territory	4738	74350	14574	49	633	124	Community transmission
