Reporting Country/Territory/Area	New cases in last 7 days	Cumulative cases	Cumulative cases per 1 million population	New deaths in last 7 days	Cumulative deaths	Cumulative deaths per 1 million population	Transmission classification
Africa	114530	1831227	1632	2558	40299	36	
South Africa	82434	994911	16775	1982	26521	447	Community transmission
Nigeria	5643	83576	405	29	1247	6	Community transmission
Algeria	3076	97857	2232	63	2722	62	Community transmission
Namibia	2961	21398	8421	16	187	74	Community transmission
Ethiopia	2919	122413	1065	55	1901	17	Community transmission
Uganda	2861	33563	734	15	245	5	Community transmission
Kenya	1692	95843	1782	22	1655	31	Community transmission
Burkina Faso	1301	6255	299	3	77	4	Community transmission
Democratic Republic of the Congo	1070	16280	182	197	566	6	Community transmission
Eswatini	1062	8367	7212	26	163	140	Community transmission
Zambia	1051	19671	1070	9	382	21	Community transmission
Senegal	853	18523	1106	26	387	23	Community transmission
Zimbabwe	812	12963	872	23	341	23	Community transmission
Botswana	749	13622	5793	0	38	16	Community transmission
Mozambique	685	18162	581	12	159	5	Community transmission
Ghana	633	54286	1747	2	333	11	Community transmission
Rwanda	585	7817	604	13	72	6	Clusters of cases
Angola	523	17149	522	13	399	12	Community transmission
Niger	442	2803	116	7	89	4	Community transmission
Cameroon	428	26277	990	0	448	17	Community transmission
Mali	410	6574	325	29	249	12	Community transmission
Côte d'Ivoire	309	22081	837	0	133	5	Community transmission
Lesotho	292	2577	1203	6	50	23	Community transmission
Eritrea	238	992	280	1	1	0	Sporadic cases
Malawi	190	6343	332	1	188	10	Community transmission
Togo	159	3555	429	2	68	8	Community transmission
Cabo Verde	131	11698	21040	1	112	201	Community transmission
Chad	119	1986	121	1	103	6	Community transmission
Guinea	114	13646	1039	0	80	6	Community transmission
Gabon	97	9497	4267	0	64	29	Community transmission
South Sudan	80	3308	296	0	62	6	Community transmission
Comoros	72	715	822	0	7	8	Community transmission
Sierra Leone	63	2549	320	1	76	10	Community transmission
Benin	53	3205	264	0	44	4	Community transmission
Madagascar	46	17633	637	1	260	9	Community transmission
Burundi	43	804	68	0	2	0	Community transmission
Equatorial Guinea	22	5236	3732	0	85	61	Community transmission
Liberia	21	1800	356	0	83	16	Community transmission
Central African Republic	12	4948	1024	0	63	13	Community transmission
Seychelles	9	211	2145	0	0	0	Sporadic cases
Gambia	4	3792	1569	0	123	51	Community transmission
Sao Tome and Principe	2	1014	4627	0	17	78	Community transmission
Congo	0	6200	1124	0	100	18	Community transmission
Guinea-Bissau	0	2447	1243	1	45	23	Community transmission
Mauritania	0	10971	2360	0	225	48	Community transmission
Mauritius	0	524	412	0	10	8	Clusters of cases
United Republic of Tanzania	0	509	9	0	21	0	Community transmission
Réunion	205	8909	9951	0	42	47	Clusters of cases
Mayotte	59	5767	21139	1	54	198	Clusters of cases
