Reporting Country/Territory/Area	New cases in last 7 days	Cumulative cases	Cumulative cases per 1 million population	New deaths in last 7 days	Cumulative deaths	Cumulative deaths per 1 million population	Transmission classification
Western Pacific	40489	874705	445	445	17261	9	
Japan	14474	144653	1144	132	2106	17	Clusters of cases
Philippines	10945	427797	3904	253	8333	76	Community transmission
Malaysia	9497	63176	1952	22	354	11	Clusters of cases
Republic of Korea	3030	33763	659	18	523	10	Clusters of cases
China	681	93329	63	1	4750	3	Clusters of cases
Mongolia	178	760	232	0	0	<1	Sporadic cases
Australia	78	27885	1094	0	907	36	Clusters of cases
Singapore	57	58205	9949	1	29	5	Clusters of cases
Papua New Guinea	41	645	72	0	7	1	Community transmission
Viet Nam	35	1341	14	0	35	<1	Clusters of cases
New Zealand	24	1696	352	0	25	5	Clusters of cases
Lao People's Democratic Republic	14	39	5	0	0	<1	Sporadic cases
Cambodia	9	315	19	0	0	<1	Sporadic cases
Fiji	3	38	42	0	2	2	Sporadic cases
Brunei Darussalam	2	150	343	0	3	7	No cases
Solomon Islands	1	17	25	0	0	<1	Sporadic cases
French Polynesia	1118	14096	50180	10	73	260	Sporadic cases
Guam	300	6655	39431	8	112	664	Clusters of cases
Northern Mariana Islands (Commonwealth of the)	1	105	1824	0	2	35	Pending
Wallis and Futuna	1	3	267	0	0	<1	Sporadic cases
Marshall Islands	0	4	68	0	0	<1	Sporadic cases
New Caledonia	0	32	112	0	0	<1	Sporadic cases
Vanuatu	0	1	3	0	0	<1	Sporadic cases
