Reporting Country/Territory/Area	New cases in last 7 days	Cumulative cases	Cumulative cases per 1 million population	New deaths in last 7 days	Cumulative deaths	Cumulative deaths per 1 million population	Transmission classification
Western Pacific	36260	487571	84	692	10562	2	0
Philippines	25882	213131	1945	453	3419	31	Community transmission
Japan	5517	67264	532	88	1264	10	Clusters of cases
Republic of Korea	2300	19699	384	14	323	6	Clusters of cases
Australia	945	25547	1002	115	600	24	Clusters of cases
Singapore	451	56717	9695	0	27	5	Clusters of cases
China	210	90351	61	11	4728	3	Clusters of cases
Papua New Guinea	98	459	51	1	5	1	Community transmission
Malaysia	60	9317	288	0	125	4	Clusters of cases
New Zealand	54	1378	286	0	22	5	Clusters of cases
Viet Nam	26	1040	11	6	32	<1	Clusters of cases
Mongolia	3	301	92	0	0	<1	Sporadic cases
Brunei Darussalam	1	144	329	0	3	7	Sporadic cases
Cambodia	0	273	16	0	0	<1	Sporadic cases
Fiji	0	28	31	1	2	2	Sporadic cases
Lao People's Democratic Republic	0	22	3	0	0	<1	Sporadic cases
Guam	527	1339	7934	3	10	59	Clusters of cases
French Polynesia	184	482	1716	0	0	<1	Sporadic cases
Northern Mariana Islands (Commonwealth of the)	2	56	973	0	2	35	Pending
New Caledonia	0	23	81	0	0	<1	Sporadic cases
