Reporting Country/Territory/Area	New cases in last 7 days	Cumulative cases	Cumulative cases per 1 million population	New deaths in last 7 days	Cumulative deaths	Cumulative deaths per 1 million population	Transmission classification
Europe	220777	4205708	615	2723	219131	32	0
Spain	37308	439286	9396	132	29011	620	Clusters of cases
Russian Federation	33577	990326	6786	710	17093	117	Clusters of cases
France	33410	256829	3935	89	30465	467	Community transmission
Ukraine	14116	119074	2723	256	2527	58	Community transmission
Israel	11036	110863	12808	87	885	102	Community transmission
Turkey	10032	267064	3167	182	6284	75	Community transmission
Germany	8907	241771	2886	26	9295	111	Clusters of cases
Italy	8717	266853	4414	43	35473	587	Clusters of cases
Romania	8289	85833	4462	306	3539	184	Community transmission
The United Kingdom	8151	332756	4902	75	41498	611	Community transmission
Poland	5058	66239	1750	81	2032	54	Community transmission
Netherlands	3529	69563	4060	24	6215	363	Community transmission
Kazakhstan	3470	130673	6959	148	1781	95	Clusters of cases
Republic of Moldova	3332	36404	9024	55	990	245	Community transmission
Uzbekistan	2605	41303	1234	42	311	9	Clusters of cases
Belgium	2329	84505	7291	25	9891	853	Community transmission
Czechia	2304	24094	2250	10	421	39	Clusters of cases
Switzerland	2089	41615	4808	5	1724	199	Community transmission
Portugal	1996	57448	5634	24	1818	178	Clusters of cases
Croatia	1961	9861	2402	13	183	45	Community transmission
Austria	1838	26937	2991	1	733	81	Community transmission
Bosnia and Herzegovina	1834	19546	5958	62	588	179	Community transmission
Greece	1596	9977	957	20	260	25	Clusters of cases
Belarus	1238	71523	7569	34	671	71	Community transmission
Azerbaijan	1069	36174	3568	14	529	52	Clusters of cases
Bulgaria	1033	16164	2326	66	605	87	Clusters of cases
Albania	1004	9279	3224	30	275	96	Clusters of cases
North Macedonia	985	14293	6860	39	596	286	Clusters of cases
Armenia	958	43750	14764	25	877	296	Community transmission
Sweden	857	83958	8313	2	5821	576	Community transmission
Ireland	812	28720	5816	0	1777	360	Clusters of cases
Kyrgyzstan	797	43820	6717	3	1059	162	Clusters of cases
Serbia	734	31282	4492	15	710	102	Community transmission
Denmark	573	16700	2883	3	624	108	Community transmission
Hungary	536	5669	587	3	614	64	Community transmission
Slovakia	526	3842	704	0	33	6	Clusters of cases
Montenegro	421	4777	7606	12	96	153	Clusters of cases
Norway	346	10543	1945	0	264	49	Clusters of cases
Malta	270	1847	4183	0	10	23	Sporadic cases
Lithuania	245	2839	1043	2	86	32	Community transmission
Tajikistan	239	8516	893	2	68	7	Pending
Slovenia	217	2834	1363	1	128	62	Clusters of cases
Finland	178	8049	1453	1	335	60	Community transmission
Estonia	98	2363	1781	1	64	48	Clusters of cases
Andorra	77	1124	14547	0	53	686	Community transmission
Cyprus	66	1483	1228	0	21	17	Clusters of cases
Georgia	58	1469	368	2	19	5	Community transmission
Iceland	42	2100	6154	0	10	29	Community transmission
Latvia	42	1375	729	1	34	18	Clusters of cases
Monaco	22	130	3313	0	1	25	Sporadic cases
San Marino	7	733	21598	0	42	1238	Community transmission
Liechtenstein	6	107	2806	0	1	26	Sporadic cases
Holy See	0	12	14833	0	0	<1	Sporadic cases
Luxembourg	-1124	6580	10512	0	124	198	Community transmission
Kosovo	878	13172	7080	51	498	268	Community transmission
Gibraltar	45	274	8133	0	0	<1	Clusters of cases
Faroe Islands	27	411	8411	0	0	<1	Sporadic cases
Jersey	11	374	3438	0	32	294	Community transmission
Greenland	0	14	247	0	0	<1	No cases
Guernsey	0	252	3988	0	13	206	Community transmission
Isle of Man	0	336	3951	0	24	282	No cases
