Reporting Country/Territory/Area	New cases in last 7 days	Cumulative cases	Cumulative cases per 1 million population	New deaths in last 7 days	Cumulative deaths	Cumulative deaths per 1 million population	Transmission classification
Eastern Mediterranean	92699	1996246	284	2244	52710	7	
Iraq	29273	256719	6382	531	7422	185	Community transmission
Iran (Islamic Republic of)	12850	384666	4580	795	22154	264	Community transmission
Morocco	10104	70160	1901	251	1329	36	Clusters of cases
Saudi Arabia	6021	319932	9190	209	4049	116	Clusters of cases
Kuwait	4739	88963	20832	12	540	126	Clusters of cases
United Arab Emirates	4143	73471	7429	9	388	39	Community transmission
Libya	4136	17094	2488	41	272	40	Community transmission
Lebanon	3736	20011	2932	32	187	27	Community transmission
Bahrain	3380	54771	32188	7	196	115	Clusters of cases
Pakistan	2873	298509	1351	54	6342	29	Clusters of cases
Qatar	1457	119864	41604	6	202	70	Community transmission
Oman	1375	86380	16915	55	705	138	Community transmission
Egypt	1215	99712	974	135	5511	54	Clusters of cases
Tunisia	1204	4776	404	18	93	8	Clusters of cases
Syrian Arab Republic	476	3104	177	24	130	7	Community transmission
Jordan	460	2353	231	1	16	2	Clusters of cases
Afghanistan	255	38398	986	10	1412	36	Clusters of cases
Sudan	218	13407	306	9	832	19	Community transmission
Yemen	37	1987	67	9	573	19	Community transmission
Somalia	22	3332	210	1	98	6	Sporadic cases
Djibouti	2	5387	5452	0	60	61	Sporadic cases
occupied Palestinian territory	4723	33250	6518	35	199	39	Community transmission
