Reporting Country/Territory/Area	New cases in last 7 days	Cumulative cases	Cumulative cases per 1 million population	New deaths in last 7 days	Cumulative deaths	Cumulative deaths per 1 million population	Transmission classification
Western Pacific	43984	409589		575	9293		
Philippines	31033	157918	1441	391	2600	24	Community transmission
Japan	7931	54714	433	48	1088	9	Clusters of cases
Australia	2337	23035	903	101	379	15	Clusters of cases
Singapore	732	55661	9514	0	27	5	Clusters of cases
Republic of Korea	720	15318	299	0	305	6	Clusters of cases
China	612	89761	61	22	4710	3	Clusters of cases
Viet Nam	139	951	10	13	23	<1	Clusters of cases
Malaysia	105	9175	283	0	125	4	Clusters of cases
Papua New Guinea	87	275	31	0	3	<1	Community transmission
New Zealand	52	1271	264	0	22	5	Clusters of cases
Cambodia	25	273	16	0	0	<1	Sporadic cases
Mongolia	5	298	91	0	0	<1	Sporadic cases
Lao People's Democratic Republic	2	22	3	0	0	<1	Sporadic cases
Fiji	1	28	31	0	1	1	Sporadic cases
Brunei Darussalam	0	142	325	0	3	7	Sporadic cases
Guam	104	508	3010	0	5	30	Clusters of cases
French Polynesia	97	166	591	0	0	<1	Sporadic cases
Northern Mariana Islands (Commonwealth of the)	2	50	869	0	2	35	Pending
New Caledonia	0	23	81	0	0	<1	Sporadic cases
