Reporting Country/Territory/Area	New cases in last 7 days	Cumulative cases	Cumulative cases per 1 million population	New deaths in last 7 days	Cumulative deaths	Cumulative deaths per 1 million population	Transmission classification
South-East Asia	696400	6073462	1053	9309	101700	18	
India	646263	5400619	3913	8166	86752	63	Clusters of cases
Indonesia	25941	240687	880	798	9448	35	Community transmission
Bangladesh	11328	347372	2109	211	4913	30	Community transmission
Nepal	9677	62797	2155	65	401	14	Clusters of cases
Myanmar	2467	5263	97	65	81	1	Clusters of cases
Maldives	597	9649	17851	2	33	61	Clusters of cases
Sri Lanka	79	3283	153	1	13	1	Clusters of cases
Thailand	33	3506	50	1	59	1	Clusters of cases
Bhutan	15	259	336	0	0	<1	Sporadic cases
Timor-Leste	0	27	20	0	0	<1	Sporadic cases
