Reporting Country/Territory/Area	New cases in last 7 days	Cumulative cases	Cumulative cases per 1 million population	New deaths in last 7 days	Cumulative deaths	Cumulative deaths per 1 million population	Transmission classification
Europe	1840086	15047248	16121	29043	341488	366	
Italy	242062	1144552	18930	3620	44683	739	Clusters of cases
France	203984	1918345	29389	4064	43913	673	Community transmission
The United Kingdom	172915	1344360	19803	2878	51766	763	Community transmission
Poland	169478	691118	18261	2409	10045	265	Community transmission
Russian Federation	151491	1925825	13197	2649	33186	227	Clusters of cases
Germany	131998	790503	9435	1196	12485	149	Clusters of cases
Spain	87401	1458591	31197	1380	40769	872	Community transmission
Ukraine	75526	535857	12253	1153	9603	220	Community transmission
Romania	56186	353185	18359	1020	8813	458	Community transmission
Austria	51714	198216	22008	311	1629	181	Community transmission
Czechia	47009	458229	42789	1377	6058	566	Community transmission
Switzerland	39278	256186	29601	496	2956	342	Community transmission
Netherlands	38013	441927	25791	482	8432	492	Community transmission
Portugal	37726	211266	20719	457	3305	324	Clusters of cases
Hungary	31345	140961	14592	659	3097	321	Community transmission
Belgium	27430	531184	45833	1100	14303	1234	Community transmission
Bulgaria	22950	97435	14023	459	2091	301	Clusters of cases
Georgia	21925	79678	19974	228	703	176	Community transmission
Sweden	20701	177355	17561	52	6164	610	Community transmission
Serbia	20451	81086	11644	109	989	142	Community transmission
Turkey	19316	411055	4874	615	11418	135	Community transmission
Greece	17701	72510	6957	286	1035	99	Community transmission
Croatia	17140	81844	19936	254	1006	245	Community transmission
Slovakia	11900	85567	15673	159	510	93	Clusters of cases
Armenia	10913	117337	39597	204	1763	595	Community transmission
Lithuania	10668	33387	12264	63	266	98	Community transmission
Slovenia	9851	54122	26033	122	500	241	Clusters of cases
Bosnia and Herzegovina	9688	70900	21610	367	1857	566	Community transmission
Azerbaijan	9681	73429	7242	122	946	93	Clusters of cases
Belarus	7587	112870	11945	35	1039	110	Community transmission
North Macedonia	7280	46062	22109	171	1281	615	Community transmission
Republic of Moldova	7097	88772	22006	115	2006	497	Community transmission
Denmark	6848	61078	10545	17	757	131	Community transmission
Kazakhstan	4736	160612	8554	0	2306	123	Clusters of cases
Norway	4001	27226	5022	9	294	54	Community transmission
Montenegro	3795	26888	42811	48	385	613	Clusters of cases
Kyrgyzstan	3685	66504	10193	22	1199	184	Clusters of cases
Albania	3528	27233	9463	55	612	213	Clusters of cases
Israel	3496	322371	37244	45	2716	314	Community transmission
Luxembourg	3450	25931	41425	34	219	350	Community transmission
Ireland	2671	67526	13675	33	1978	401	Community transmission
Latvia	2351	10231	5424	25	121	64	Clusters of cases
Finland	1717	19102	3448	7	369	67	Community transmission
Uzbekistan	1509	70102	2095	17	598	18	Clusters of cases
Estonia	1215	7148	5388	7	80	60	Clusters of cases
Cyprus	1180	7051	5840	12	39	32	Clusters of cases
Malta	878	7917	17930	23	95	215	Clusters of cases
Andorra	406	5725	74096	0	75	971	Community transmission
Tajikistan	279	11573	1213	2	85	9	Pending
Liechtenstein	205	970	25435	1	4	105	Sporadic cases
San Marino	152	1253	36920	0	42	1238	Community transmission
Iceland	123	5186	15197	7	25	73	Community transmission
Monaco	62	545	13887	0	2	51	Sporadic cases
Holy See	0	26	32138	0	0	<1	Sporadic cases
Kosovo	5191	28573	15359	65	799	429	Community transmission
Gibraltar	106	876	26001	1	1	30	Clusters of cases
Jersey	85	728	6691	0	32	294	Community transmission
Isle of Man	6	363	4269	1	25	294	No cases
Guernsey	4	282	4462	0	13	206	Community transmission
Faroe Islands	2	497	10171	0	0	<1	Sporadic cases
Greenland	0	17	299	0	0	<1	No cases
