Reporting Country/Territory/Area	New cases in last 7 days	Cumulative cases	Cumulative cases per 1 million population	New deaths in last 7 days	Cumulative deaths	Cumulative deaths per 1 million population	Transmission classification
Europe	694275	6918265	7412	6172	246709	264	
The United Kingdom	110827	590848	8704	443	42760	630	Community transmission
France	110665	691368	10592	480	32449	497	Community transmission
Russian Federation	83717	1298718	8899	1239	22597	155	Clusters of cases
Spain	50246	861112	18418	550	32929	704	Community transmission
Netherlands	36333	168082	9809	118	6558	383	Community transmission
Ukraine	34573	261035	5969	575	4972	114	Community transmission
Czechia	28769	109374	10213	194	905	85	Community transmission
Italy	26743	349494	5780	172	36140	598	Clusters of cases
Israel	23808	286109	33055	201	1877	217	Community transmission
Germany	23627	322864	3854	86	9615	115	Clusters of cases
Poland	23498	121638	3214	368	2972	79	Community transmission
Belgium	22667	156838	13533	112	10175	878	Community transmission
Romania	18338	152403	7922	411	5358	279	Community transmission
Turkey	11017	334031	3961	394	8778	104	Community transmission
Portugal	7327	85574	8392	72	2067	203	Clusters of cases
Austria	6666	54685	6072	49	858	95	Community transmission
Slovakia	6476	18797	3443	7	61	11	Clusters of cases
Hungary	6021	36596	3788	111	933	97	Community transmission
Switzerland	5967	60230	6959	10	1793	207	Community transmission
Republic of Moldova	5874	61762	15311	105	1458	361	Community transmission
Ireland	4046	41714	8448	11	1821	369	Community transmission
Armenia	3955	56451	19050	43	1020	344	Community transmission
Georgia	3676	11794	2957	35	85	21	Community transmission
Belarus	3171	83023	8786	40	891	94	Community transmission
Sweden	2804	98451	9748	5	5894	584	Community transmission
Denmark	2780	32082	5539	13	667	115	Community transmission
Croatia	2531	19932	4855	24	317	77	Community transmission
Uzbekistan	2473	60894	1819	24	503	15	Clusters of cases
Greece	2465	22078	2118	31	436	42	Clusters of cases
Bulgaria	2353	23871	3435	46	887	128	Clusters of cases
Bosnia and Herzegovina	2109	30343	9249	50	920	280	Community transmission
North Macedonia	1953	20555	9866	32	785	377	Clusters of cases
Slovenia	1924	8254	3970	1	141	68	Clusters of cases
Kyrgyzstan	1802	49230	7546	19	1085	166	Clusters of cases
Kazakhstan	1788	143632	7649	0	2106	112	Clusters of cases
Finland	1336	11580	2090	1	346	62	Community transmission
Azerbaijan	1191	41752	4118	13	608	60	Clusters of cases
Albania	1114	15231	5293	24	416	145	Clusters of cases
Norway	1072	15221	2808	0	275	51	Clusters of cases
Lithuania	882	5963	2190	9	103	38	Community transmission
Serbia	843	34685	4981	9	762	109	Community transmission
Montenegro	669	12917	20566	11	190	303	Clusters of cases
Luxembourg	651	9360	14953	5	130	208	Community transmission
Iceland	588	3460	10139	0	10	29	Community transmission
Andorra	586	2696	34893	2	55	712	Community transmission
Latvia	577	2596	1376	2	40	21	Clusters of cases
Malta	542	3681	8337	4	41	93	Clusters of cases
Tajikistan	285	10180	1067	2	79	8	Pending
Estonia	269	3846	2899	1	68	51	Clusters of cases
Cyprus	175	1986	1645	3	25	21	Clusters of cases
San Marino	16	766	22571	0	42	1238	Community transmission
Liechtenstein	15	138	3619	0	1	26	Sporadic cases
Monaco	11	233	5937	0	1	25	Sporadic cases
Holy See	0	12	14833	0	0	<1	Sporadic cases
Kosovo	372	16087	8647	15	635	341	Community transmission
Gibraltar	52	468	13891	0	0	<1	Clusters of cases
Jersey	28	449	4127	0	32	294	Community transmission
Faroe Islands	4	477	9762	0	0	<1	Sporadic cases
Isle of Man	4	345	4057	0	24	282	No cases
Greenland	2	16	282	0	0	<1	No cases
Guernsey	2	258	4083	0	13	206	Community transmission
