Reporting Country/Territory/Area	New cases in last 7 days	Cumulative cases	Cumulative cases per 1 million population	New deaths in last 7 days	Cumulative deaths	Cumulative deaths per 1 million population	Transmission classification
Europe	1663907	21925389	23490	34475	484570	519	
Turkey	219115	995471	11803	1494	16199	192	Community transmission
Russian Federation	193158	2653928	18186	3800	46941	322	Clusters of cases
Germany	149394	1320716	15763	3015	21787	260	Clusters of cases
The United Kingdom	124985	1830960	26971	3012	64026	943	Community transmission
Italy	115784	1825775	30197	4522	64036	1059	Clusters of cases
France	82773	2324603	35613	2774	57392	879	Community transmission
Ukraine	80909	894215	20447	1566	15154	347	Community transmission
Poland	72427	1126700	29770	2815	22676	599	Community transmission
Netherlands	53356	603140	35200	361	10010	584	Community transmission
Serbia	74594	261437	37542	384	2275	327	Community transmission
Romania	43555	551900	28688	1078	13264	689	Community transmission
Czechia	34900	579079	54074	720	9535	890	Community transmission
Sweden	32348	320098	31695	128	7514	744	Community transmission
Hungary	30122	280400	29026	1097	6965	721	Community transmission
Azerbaijan	29100	171423	16907	290	1883	186	Clusters of cases
Spain	28764	1730575	37014	636	47624	1019	Community transmission
Georgia	27251	189726	47560	286	1790	449	Community transmission
Portugal	26060	344700	33805	585	5461	536	Clusters of cases
Switzerland	25970	372329	43021	488	5378	621	Community transmission
Croatia	25069	172523	42025	460	2562	624	Community transmission
Austria	18800	317031	35201	681	4355	484	Community transmission
Lithuania	18452	93101	34200	189	815	299	Community transmission
Denmark	18258	107116	18493	57	935	161	Community transmission
Bulgaria	18108	178952	25754	897	5626	810	Clusters of cases
Slovakia	17522	132984	24358	194	1175	215	Clusters of cases
Belgium	15579	608135	52472	580	17945	1548	Community transmission
Belarus	13055	158334	16756	56	1254	133	Community transmission
Slovenia	10706	95481	45928	204	1448	697	Clusters of cases
Republic of Moldova	10166	125723	31166	144	2547	631	Community transmission
Greece	9274	123842	11882	638	3540	340	Community transmission
Israel	7843	350772	40526	50	2956	342	Community transmission
Bosnia and Herzegovina	6538	100306	30573	376	3298	1005	Community transmission
Armenia	6388	148325	50055	160	2486	839	Community transmission
North Macedonia	5776	73087	35081	195	2096	1006	Community transmission
Albania	5594	47742	16590	100	989	344	Clusters of cases
Kazakhstan	5424	185513	9880	0	2542	135	Clusters of cases
Latvia	4259	25046	13279	71	324	172	Clusters of cases
Luxembourg	4255	41272	65932	51	396	633	Community transmission
Estonia	3213	17713	13353	22	148	112	Clusters of cases
Montenegro	3014	41546	66149	49	582	927	Clusters of cases
Finland	2855	30073	5428	38	453	82	Community transmission
Norway	2651	40022	7382	33	387	71	Clusters of cases
Cyprus	2619	14800	12258	18	77	64	Clusters of cases
Kyrgyzstan	2254	77356	11857	12	1307	200	Clusters of cases
Ireland	1808	75756	15342	26	2123	430	Community transmission
Uzbekistan	907	74811	2235	1	612	18	Clusters of cases
Malta	678	11101	25141	17	166	376	Clusters of cases
Tajikistan	409	12798	1342	0	87	9	Pending
Andorra	283	7288	94325	0	78	1010	Community transmission
San Marino	143	1932	56927	3	51	1503	Community transmission
Liechtenstein	106	1502	39384	2	18	472	Sporadic cases
Iceland	76	5552	16270	1	28	82	Community transmission
Monaco	31	668	17022	0	3	76	Sporadic cases
Holy See	0	26	32138	0	0	0	Sporadic cases
Kosovo	3781	46075	24766	99	1176	632	Community transmission
Jersey	399	1637	15046	0	32	294	Community transmission
Gibraltar	28	1070	31759	0	5	148	Clusters of cases
Faroe Islands	19	525	10744	0	0	0	Sporadic cases
Greenland	1	19	335	0	0	0	No cases
Guernsey	1	289	4573	0	13	206	Community transmission
Isle of Man	0	370	4351	0	25	294	No cases
