Reporting Country/Territory/Area	New cases in last 7 days	Cumulative cases	Cumulative cases per 1 million population	New deaths in last 7 days	Cumulative deaths	Cumulative deaths per 1 million population	Transmission classification
Americas	798794	18800094	18381	16283	608727	595	
United States of America	382981	8065615	24367	4842	218131	659	Community transmission
Brazil	144412	5235344	24630	3575	153905	724	Community transmission
Argentina	94141	989680	21898	2498	26267	581	Community transmission
Colombia	51054	959572	18858	1121	28970	569	Community transmission
Mexico	31910	851227	6602	2197	86167	668	Community transmission
Peru	19062	868675	26346	490	33759	1024	Community transmission
Canada	15989	198148	5250	137	9760	259	Community transmission
Chile	10408	493305	25806	316	13676	715	Community transmission
Costa Rica	8295	95514	18750	113	1183	232	Community transmission
Ecuador	5594	153423	8696	187	12395	703	Community transmission
Paraguay	5207	54724	7672	121	1188	167	Community transmission
Panama	4657	124745	28911	72	2564	594	Community transmission
Honduras	4139	88435	8929	64	2568	259	Community transmission
Venezuela (Bolivarian Republic of)	4062	86636	3047	41	736	26	Community transmission
Guatemala	3484	101599	5671	150	3541	198	Community transmission
Dominican Republic	2911	121667	11216	28	2203	203	Community transmission
El Salvador	1505	31666	4882	30	926	143	Community transmission
Bolivia (Plurinational State of)	1336	139771	11974	177	8481	727	Community transmission
Bahamas	673	5773	14680	10	123	313	Clusters of cases
Jamaica	636	8321	2810	30	173	58	Community transmission
Guyana	314	3734	4747	7	109	139	Clusters of cases
Belize	301	2813	7074	8	44	111	Community transmission
Cuba	222	6258	553	2	127	11	Clusters of cases
Uruguay	199	2531	729	2	51	15	Clusters of cases
Trinidad and Tobago	198	5297	3785	5	96	69	Community transmission
Suriname	95	5130	8745	3	109	186	Community transmission
Nicaragua	72	4297	649	1	154	23	Community transmission
Haiti	65	8925	783	1	231	20	Community transmission
Barbados	14	222	773	0	7	24	Clusters of cases
Saint Lucia	4	36	196	0	0	<1	Sporadic cases
Grenada	3	27	240	0	0	<1	No cases
Saint Vincent and the Grenadines	3	67	604	0	0	<1	Sporadic cases
Antigua and Barbuda	2	119	1215	0	3	31	Sporadic cases
Dominica	1	33	458	0	0	<1	Clusters of cases
Saint Kitts and Nevis	0	19	357	0	0	<1	No cases
Puerto Rico	3286	57950	20256	33	768	268	Community transmission
Guadeloupe	639	7122	17799	16	111	277	Community transmission
Martinique	415	2266	6038	3	25	67	Community transmission
Curaçao	141	744	4534	0	1	6	Community transmission
Aruba	135	4322	40481	1	34	318	Community transmission
French Guiana	95	10268	34378	0	69	231	Community transmission
Saint Martin	65	531	13735	0	8	207	Community transmission
Sint Maarten	38	753	17560	0	22	513	Community transmission
Cayman Islands	13	233	3545	0	1	15	Sporadic cases
Saint Barthélemy	7	72	7284	0	0	<1	Sporadic cases
United States Virgin Islands	5	1335	12784	1	21	201	Community transmission
Bonaire, Sint Eustatius and Saba	2	150	5721	1	3	114	Community transmission
Turks and Caicos Islands	2	698	18028	0	6	155	Clusters of cases
Bermuda	1	185	2971	0	9	145	Sporadic cases
British Virgin Islands	1	72	2381	0	1	33	Clusters of cases
Anguilla	0	3	200	0	0	<1	No cases
Falkland Islands (Malvinas)	0	13	3732	0	0	<1	No cases
Montserrat	0	13	2601	0	1	200	No cases
Saint Pierre and Miquelon	0	16	2761	0	0	<1	Sporadic cases
