Reporting Country/Territory/Area	New cases in last 7 days	Cumulative cases	Cumulative cases per 1 million population	New deaths in last 7 days	Cumulative deaths	Cumulative deaths per 1 million population	Transmission classification
Western Pacific	26199	651841	332	633	14265	7	
Philippines	17596	336926	3075	560	6238	57	Community transmission
Japan	3573	88912	703	30	1627	13	Clusters of cases
Malaysia	3008	15096	466	18	155	5	Clusters of cases
Republic of Korea	515	24606	480	11	432	8	Clusters of cases
China	184	91305	62	0	4746	3	Clusters of cases
Australia	123	27244	1068	4	897	35	Clusters of cases
Singapore	66	57866	9891	0	27	5	Clusters of cases
New Zealand	17	1515	314	0	25	5	Clusters of cases
Viet Nam	11	1107	11	0	35	<1	Clusters of cases
Papua New Guinea	10	550	61	0	7	1	Community transmission
Cambodia	5	283	17	0	0	<1	Sporadic cases
Mongolia	2	315	96	0	0	<1	Sporadic cases
Brunei Darussalam	0	146	334	0	3	7	No cases
Fiji	0	32	36	0	2	2	Sporadic cases
Lao People's Democratic Republic	0	23	3	0	0	<1	Sporadic cases
Solomon Islands	0	1	1	0	0	<1	Sporadic cases
French Polynesia	728	2754	9804	2	10	36	Sporadic cases
Guam	357	3056	18107	8	59	350	Clusters of cases
Northern Mariana Islands (Commonwealth of the)	4	77	1338	0	2	35	Pending
New Caledonia	0	27	95	0	0	<1	Sporadic cases
