Reporting Country/Territory/Area	New cases in last 7 days	Cumulative cases	Cumulative cases per 1 million population	New deaths in last 7 days	Cumulative deaths	Cumulative deaths per 1 million population	Transmission classification
Eastern Mediterranean	201880	4490755	6145	4377	111635	153	
Iran (Islamic Republic of)	71832	1100818	13106	1933	51949	618	Community transmission
Pakistan	21865	435056	1970	421	8724	39	Sporadic cases
Morocco	20859	397597	10772	405	6589	179	Sporadic cases
Jordan	19762	257275	25215	325	3335	327	Community transmission
Iraq	11102	573622	14261	154	12565	312	Community transmission
Lebanon	9369	145245	21280	100	1190	174	Community transmission
United Arab Emirates	8479	183755	18579	20	609	62	Community transmission
Tunisia	7402	110393	9341	310	3836	325	Community transmission
Libya	4351	89880	13081	59	1278	186	Community transmission
Egypt	3075	121089	1183	148	6898	67	Clusters of cases
Kuwait	1880	146044	34198	22	911	213	Community transmission
Sudan	1639	21386	488	46	1347	31	Community transmission
Oman	1340	125669	24609	28	1463	286	Community transmission
Afghanistan	1311	48952	1257	95	1960	50	Clusters of cases
Bahrain	1233	88964	52283	7	348	205	Clusters of cases
Saudi Arabia	1223	359749	10333	82	6036	173	Sporadic cases
Qatar	1044	140821	48880	1	240	83	Community transmission
Syrian Arab Republic	721	9041	517	64	506	29	Community transmission
Somalia	584	4579	288	0	121	8	Sporadic cases
Djibouti	33	5725	5795	0	61	62	Clusters of cases
Yemen	6	2089	70	0	607	20	Sporadic cases
occupied Palestinian territory	13300	123002	24111	157	1062	208	Community transmission
