Reporting Country/Territory/Area	New cases in last 7 days	Cumulative cases	Cumulative cases per 1 million population	New deaths in last 7 days	Cumulative deaths	Cumulative deaths per 1 million population	Transmission classification
Western Pacific	41722	451311	78	577	9870	2	
Australia	1567	24602	965	106	485	19	Clusters of cases
Brunei Darussalam	1	143	327	0	3	7	No cases
Cambodia	0	273	16	0	0	<1	Sporadic cases
China	380	90141	61	7	4717	3	Clusters of cases
Fiji	0	28	31	0	1	1	Sporadic cases
Japan	7033	61747	488	88	1176	9	Clusters of cases
Lao People's Democratic Republic	0	22	3	0	0	<1	Sporadic cases
Malaysia	82	9257	286	0	125	4	Clusters of cases
Mongolia	0	298	91	0	0	<1	Sporadic cases
New Zealand	53	1324	275	0	22	5	Clusters of cases
Papua New Guinea	86	361	40	1	4	<1	Community transmission
Philippines	29331	187249	1709	366	2966	27	Community transmission
Republic of Korea	2081	17399	339	4	309	6	Clusters of cases
Singapore	605	56266	9618	0	27	5	Clusters of cases
Viet Nam	63	1014	10	3	26	<1	Clusters of cases
French Polynesia	132	298	1061	0	0	<1	Sporadic cases
Guam	304	812	4811	2	7	41	Clusters of cases
New Caledonia	0	23	81	0	0	<1	Sporadic cases
Northern Mariana Islands (Commonwealth of the)	4	54	938	0	2	35	Pending
