Reporting Country/Territory/Area	New cases in last 7 days	Cumulative cases	Cumulative cases per 1 million population	New deaths in last 7 days	Cumulative deaths	Cumulative deaths per 1 million population	Transmission classification
Europe	180196	3754649		-2728	214092		
Russian Federation	35317	922853	6324	754	15685	107	Clusters of cases
Spain	22952	342813	7332	53	28617	612	Clusters of cases
France	16765	202118	3096	76	30277	464	Clusters of cases
Ukraine	10407	91356	2089	173	2070	47	Community transmission
Romania	8751	69374	3606	295	2954	154	Community transmission
Turkey	8495	248117	2942	126	5955	71	Community transmission
Germany	7562	223453	2667	35	9231	110	Clusters of cases
Kazakhstan	7059	119781	6379	0	1433	76	Clusters of cases
Israel	6835	88488	10223	54	640	74	Community transmission
The United Kingdom	6604	316371	4660	-5208	41358	609	Community transmission
Poland	4923	56090	1482	69	1869	49	Community transmission
Uzbekistan	4747	34944	1044	38	228	7	Clusters of cases
Netherlands	4450	62437	3644	12	6160	360	Community transmission
Italy	3335	253438	4192	189	35392	585	Clusters of cases
Belgium	2914	77776	6711	59	9935	857	Community transmission
Republic of Moldova	2462	29905	7413	54	895	222	Community transmission
Sweden	1971	84294	8347	20	5783	573	Community transmission
Kyrgyzstan	1937	41856	6416	27	1495	229	Clusters of cases
Bosnia and Herzegovina	1713	15802	4816	70	466	142	Community transmission
Czechia	1656	19891	1857	6	395	37	Clusters of cases
Serbia	1608	29471	3340	38	670	76	Community transmission
Switzerland	1469	37831	4371	3	1714	198	Community transmission
Portugal	1444	53981	5294	25	1775	174	Clusters of cases
Greece	1437	6858	658	15	226	22	Clusters of cases
Austria	1276	23211	2577	7	728	81	Community transmission
Armenia	1253	41663	14060	27	818	276	Community transmission
Denmark	1041	15483	2673	4	621	107	Community transmission
Bulgaria	990	14333	2063	50	495	71	Clusters of cases
Albania	985	7260	2523	32	225	78	Clusters of cases
Croatia	877	6420	1564	8	165	40	Clusters of cases
North Macedonia	775	12546	6022	12	535	257	Clusters of cases
Belarus	686	69424	7347	22	607	64	Community transmission
Azerbaijan	626	34107	3364	18	506	50	Clusters of cases
Ireland	547	27191	5507	2	1774	359	Clusters of cases
Norway	382	9850	1817	5	261	48	Clusters of cases
Montenegro	349	4013	6389	8	75	119	Clusters of cases
Luxembourg	326	7439	11884	4	123	196	Community transmission
Malta	313	1247	2824	0	9	20	Sporadic cases
Slovakia	289	2855	523	0	31	6	Clusters of cases
Tajikistan	284	8029	842	2	64	7	Pending
Hungary	224	4877	505	5	607	63	Community transmission
Lithuania	155	2386	876	0	81	30	Community transmission
Slovenia	154	2401	1155	4	124	60	Clusters of cases
Finland	152	7720	1393	2	333	60	Clusters of cases
Georgia	111	1336	335	0	17	4	Clusters of cases
Cyprus	99	1332	1103	1	20	17	Clusters of cases
Iceland	44	1999	5858	0	10	29	Community transmission
Andorra	41	997	12904	1	53	686	Community transmission
Estonia	37	2184	1646	0	63	47	Clusters of cases
Latvia	27	1315	697	0	32	17	Clusters of cases
Monaco	15	143	3644	0	1	25	Sporadic cases
Liechtenstein	4	93	2439	0	1	26	Sporadic cases
San Marino	2	719	21186	0	42	1238	Community transmission
Holy See	0	12	14833	0	0	<1	Sporadic cases
Kosovo	1216	11232	6037	75	380	204	Community transmission
Faroe Islands	79	370	7572	0	0	<1	Sporadic cases
Gibraltar	13	206	6114	0	0	<1	Clusters of cases
Jersey	11	356	3272	0	31	285	Community transmission
Isle of Man	0	336	3951	0	24	282	No cases
Guernsey	0	252	3988	0	13	206	Community transmission
Greenland	0	14	247	0	0	<1	No cases
