Reporting Country/Territory/Area	New cases in last 7 days	Cumulative cases	Cumulative cases per 1 million population	New deaths in last 7 days	Cumulative deaths	Cumulative deaths per 1 million population	Transmission classification
Eastern Mediterranean	114057	2215733	315	2629	57641	8	
Iraq	28819	315597	7846	550	8491	211	Community transmission
Iran (Islamic Republic of)	19103	419043	4989	1089	24118	287	Community transmission
Morocco	15381	99816	2704	242	1795	49	Clusters of cases
United Arab Emirates	5393	84242	8518	5	404	41	Community transmission
Bahrain	4913	64499	37905	10	221	130	Clusters of cases
Libya	4886	27234	3963	72	426	62	Community transmission
Kuwait	4838	99049	23193	23	581	136	Community transmission
Lebanon	4628	28297	4146	47	286	42	Community transmission
Saudi Arabia	4221	329271	9458	218	4458	128	Sporadic cases
Pakistan	4190	305671	1384	37	6416	29	Clusters of cases
Oman	3416	91753	17967	56	818	160	Community transmission
Tunisia	3101	9736	824	48	155	13	Clusters of cases
Qatar	1623	123146	42743	4	209	73	Community transmission
Jordan	1478	4540	445	8	30	3	Community transmission
Egypt	1044	101900	996	123	5750	56	Clusters of cases
Afghanistan	403	39044	1003	21	1441	37	Clusters of cases
Syrian Arab Republic	259	3765	215	18	170	10	Community transmission
Sudan	65	13535	309	2	836	19	Community transmission
Somalia	25	3401	214	0	98	6	Sporadic cases
Yemen	17	2030	68	3	586	20	Community transmission
Djibouti	7	5401	5467	0	61	62	Sporadic cases
occupied Palestinian territory	6247	44763	8775	53	291	57	Community transmission
