Reporting Country/Territory/Area	New cases in last 7 days	Cumulative cases	Cumulative cases per 1 million population	New deaths in last 7 days	Cumulative deaths	Cumulative deaths per 1 million population	Transmission classification
Eastern Mediterranean	124482	2340215	333	2704	60345	9	
Iraq	30372	345969	8601	444	8935	222	Community transmission
Iran (Islamic Republic of)	24043	443086	5275	1276	25394	302	Community transmission
Morocco	15425	115241	3122	246	2041	55	Clusters of cases
Lebanon	6931	35228	5161	54	340	50	Community transmission
United Arab Emirates	6376	90618	9162	7	411	42	Community transmission
Tunisia	5442	15178	1284	52	207	18	Clusters of cases
Pakistan	4604	310275	1405	41	6457	29	Clusters of cases
Libya	4594	31828	4632	73	499	73	Community transmission
Bahrain	4276	68775	40418	18	239	140	Clusters of cases
Oman	4154	95907	18781	67	885	173	Community transmission
Kuwait	4150	103199	24165	16	597	140	Community transmission
Jordan	3521	8061	790	13	43	4	Community transmission
Saudi Arabia	3519	332790	9559	197	4655	134	Sporadic cases
Qatar	1704	124850	43335	5	214	74	Community transmission
Egypt	836	102736	1004	119	5869	57	Clusters of cases
Syrian Arab Republic	273	4038	231	18	188	11	Community transmission
Somalia	187	3588	226	1	99	6	Sporadic cases
Afghanistan	183	39227	1008	12	1453	37	Clusters of cases
Sudan	71	13606	310	0	836	19	Community transmission
Djibouti	8	5409	5475	0	61	62	Sporadic cases
Yemen	4	2034	68	2	588	20	Community transmission
occupied Palestinian territory	3809	48572	9521	43	334	65	Community transmission
