Reporting Country/Territory/Area	New cases in last 7 days	Cumulative cases	Cumulative cases per 1 million population	New deaths in last 7 days	Cumulative deaths	Cumulative deaths per 1 million population	Transmission classification
Western Pacific	26473	733828	374	398	15565	8	
Philippines	12910	380729	3474	287	7221	66	Community transmission
Malaysia	5806	31548	975	28	249	8	Clusters of cases
Japan	4612	101146	800	55	1766	14	Clusters of cases
Republic of Korea	799	26635	520	9	466	9	Clusters of cases
China	246	91921	62	0	4746	3	Clusters of cases
Australia	91	27590	1082	2	907	36	Clusters of cases
Singapore	50	58015	9917	0	28	5	Clusters of cases
New Zealand	24	1603	332	0	25	5	Clusters of cases
Viet Nam	20	1180	12	0	35	<1	Clusters of cases
Mongolia	9	346	106	0	0	<1	Sporadic cases
Papua New Guinea	6	589	66	0	7	1	Community transmission
Cambodia	4	291	17	0	0	<1	Sporadic cases
Solomon Islands	4	8	12	0	0	<1	Sporadic cases
Fiji	1	34	38	0	2	2	Sporadic cases
Brunei Darussalam	0	148	338	0	3	7	Sporadic cases
Lao People's Democratic Republic	0	24	3	0	0	<1	Sporadic cases
French Polynesia	1403	7262	25852	9	29	103	Sporadic cases
Guam	477	4632	27445	8	79	468	Clusters of cases
Northern Mariana Islands (Commonwealth of the)	8	96	1668	0	2	35	Pending
Marshall Islands	2	2	34	0	0	<1	Sporadic cases
New Caledonia	1	28	98	0	0	<1	Sporadic cases
Wallis and Futuna	0	1	89	0	0	<1	Sporadic cases
