Reporting Country/Territory/Area	New cases in last 7 days	Cumulative cases	Cumulative cases per 1 million population	New deaths in last 7 days	Cumulative deaths	Cumulative deaths per 1 million population	Transmission classification
Eastern Mediterranean	144133	2786477	3813	3492	70902	97	
Iran (Islamic Republic of)	30237	534641	6365	1830	30712	366	Community transmission
Iraq	23400	430678	10707	408	10317	256	Community transmission
Morocco	21070	175749	4761	306	2976	81	Clusters of cases
Jordan	12055	38937	3816	149	380	37	Community transmission
Tunisia	9283	40542	3430	170	626	53	Community transmission
United Arab Emirates	9254	116517	11781	16	466	47	Community transmission
Lebanon	8726	62944	9222	62	526	77	Community transmission
Libya	6159	49949	7269	76	732	107	Community transmission
Kuwait	4915	116832	27357	39	710	166	Community transmission
Oman	4167	110594	21657	62	1114	218	Community transmission
Pakistan	3520	323459	1464	68	6659	30	Clusters of cases
Saudi Arabia	2910	342583	9840	147	5201	149	Sporadic cases
Bahrain	2284	78224	45972	20	302	177	Clusters of cases
Qatar	1449	129671	45008	4	224	78	Community transmission
Egypt	910	105547	1031	69	6130	60	Clusters of cases
Syrian Arab Republic	360	5134	293	24	251	14	Community transmission
Afghanistan	342	40287	1035	11	1497	38	Clusters of cases
Djibouti	29	5469	5535	0	61	62	Sporadic cases
Somalia	17	3864	243	0	99	6	Sporadic cases
Sudan	26	13724	313	0	836	19	Community transmission
Yemen	4	2060	69	1	599	20	Community transmission
occupied Palestinian territory	3016	59082	11581	30	484	95	Community transmission
