Reporting Country/Territory/Area	New cases in last 7 days	Cumulative cases	Cumulative cases per 1 million population	New deaths in last 7 days	Cumulative deaths	Cumulative deaths per 1 million population	Transmission classification
South-East Asia	513444	8546666	4228	6864	135275	67	
India	440745	7597063	5505	5697	115197	83	Clusters of cases
Indonesia	28810	365240	1335	666	12617	46	Community transmission
Nepal	23620	136036	4669	113	757	26	Clusters of cases
Bangladesh	10222	390206	2369	146	5681	34	Community transmission
Myanmar	8811	37205	684	240	914	17	Clusters of cases
Sri Lanka	847	5625	263	0	13	1	Clusters of cases
Maldives	319	11232	20779	2	37	68	Clusters of cases
Thailand	50	3700	53	0	59	1	Clusters of cases
Bhutan	19	330	428	0	0	<1	Sporadic cases
Timor-Leste	1	29	22	0	0	<1	Sporadic cases
