Reporting Country/Territory/Area	New cases in last 7 days	Cumulative cases	Cumulative cases per 1 million population	New deaths in last 7 days	Cumulative deaths	Cumulative deaths per 1 million population	Transmission classification
South-East Asia	249007	11610444	5744	3968	176826	87	
India	174194	10031223	7269	2458	145477	105	Clusters of cases
Indonesia	46317	657948	2405	1006	19659	72	Community transmission
Bangladesh	10382	499560	3033	222	7242	44	Community transmission
Myanmar	8335	114198	2099	178	2398	44	Clusters of cases
Nepal	5591	253184	8689	88	1777	61	Clusters of cases
Sri Lanka	3914	36049	1683	16	165	8	Clusters of cases
Thailand	139	4331	62	0	60	1	Clusters of cases
Maldives	126	13474	24927	0	48	89	Clusters of cases
Bhutan	9	446	578	0	0	0	Clusters of cases
Timor-Leste	0	31	24	0	0	0	Sporadic cases
