Reporting Country/Territory/Area	New cases in last 7 days	Cumulative cases	Cumulative cases per 1 million population	New deaths in last 7 days	Cumulative deaths	Cumulative deaths per 1 million population	Transmission classification
Europe	478119	6187384	905	5039	240175	35	
France	77045	580703	8896	455	31969	490	Community transmission
Russian Federation	63563	1215001	8326	1034	21358	146	Clusters of cases
The United Kingdom	50740	480021	7071	346	42317	623	Community transmission
Spain	40587	789932	16895	519	32086	686	Clusters of cases
Israel	32179	255160	29479	194	1629	188	Community transmission
Ukraine	27828	226462	5178	438	4397	101	Community transmission
Netherlands	23228	131749	7689	83	6440	376	Community transmission
Czechia	17311	80605	7527	120	711	66	Community transmission
Germany	15097	299237	3572	72	9529	114	Clusters of cases
Italy	14647	322751	5338	150	35968	595	Clusters of cases
Romania	12830	134065	6969	260	4947	257	Community transmission
Poland	12160	98140	2593	180	2604	69	Community transmission
Belgium	11656	127529	11004	62	10044	867	Community transmission
Turkey	10048	323014	3830	455	8384	99	Community transmission
Hungary	6561	30575	3165	86	822	85	Community transmission
Republic of Moldova	5354	55888	13854	74	1353	335	Community transmission
Portugal	5308	78247	7674	51	1995	196	Clusters of cases
Austria	5079	48019	5332	22	809	90	Community transmission
Slovakia	3721	12321	2257	10	54	10	Clusters of cases
Uzbekistan	3468	58421	1746	25	479	14	Clusters of cases
Ireland	3108	37668	7629	8	1810	367	Community transmission
Armenia	3096	52496	17716	26	977	330	Community transmission
Denmark	3089	29302	5059	6	654	113	Community transmission
Georgia	2864	8118	2035	22	50	13	Community transmission
Belarus	2563	79852	8451	38	851	90	Community transmission
Switzerland	2516	54263	6270	6	1783	206	Community transmission
Greece	2385	19613	1882	29	405	39	Clusters of cases
Sweden	2283	94283	9336	2	5895	584	Community transmission
Bulgaria	1521	21518	3097	52	841	121	Clusters of cases
Montenegro	1514	12083	19238	16	174	277	Clusters of cases
Bosnia and Herzegovina	1439	28234	8606	62	870	265	Community transmission
Croatia	1394	17401	4239	24	293	71	Community transmission
North Macedonia	1259	18602	8929	32	753	361	Clusters of cases
Kazakhstan	1219	141484	7535	0	2075	111	Clusters of cases
Kyrgyzstan	1177	47428	7270	3	1066	163	Clusters of cases
Slovenia	1139	6330	3045	4	140	67	Clusters of cases
Albania	964	14117	4905	17	392	136	Clusters of cases
Lithuania	786	5081	1866	5	94	35	Community transmission
Norway	743	14149	2610	5	275	51	Clusters of cases
Finland	667	10244	1849	2	345	62	Community transmission
Azerbaijan	666	40561	4000	10	595	59	Clusters of cases
Serbia	530	33842	4860	7	753	108	Community transmission
Estonia	412	3577	2696	3	67	51	Clusters of cases
Luxembourg	398	8709	13913	1	125	200	Community transmission
Latvia	365	2019	1070	2	38	20	Clusters of cases
Tajikistan	290	9895	1037	2	77	8	Pending
Andorra	274	2110	27309	0	53	686	Community transmission
Iceland	271	2872	8416	0	10	29	Community transmission
Malta	210	3139	7109	8	37	84	Clusters of cases
Cyprus	127	1811	1500	0	22	18	Clusters of cases
Monaco	12	222	5657	0	1	25	Sporadic cases
Liechtenstein	6	123	3225	0	1	26	Sporadic cases
San Marino	4	750	22099	0	42	1238	Community transmission
Holy See	0	12	14833	0	0	<1	Sporadic cases
Kosovo	333	15715	8447	11	620	333	Community transmission
Faroe Islands	13	473	9680	0	0	<1	Sporadic cases
Gibraltar	52	416	12348	0	0	<1	Clusters of cases
Jersey	19	421	3869	0	32	294	Community transmission
Guernsey	0	256	4051	0	13	206	Community transmission
Isle of Man	1	341	4010	0	24	282	No cases
Greenland	0	14	247	0	0	<1	No cases
