Reporting Country/Territory/Area	New cases in last 7 days	Cumulative cases	Cumulative cases per 1 million population	New deaths in last 7 days	Cumulative deaths	Cumulative deaths per 1 million population	Transmission classification
Western Pacific	28317	688736	351	464	14823	8	
Philippines	17412	359169	3278	365	6675	61	Community transmission
Malaysia	4531	21363	660	25	190	6	Clusters of cases
Japan	3744	93480	739	43	1676	13	Clusters of cases
Republic of Korea	593	25333	494	12	447	9	Clusters of cases
China	185	91546	62	0	4746	3	Clusters of cases
Australia	139	27399	1074	7	905	35	Clusters of cases
Singapore	38	57915	9899	1	28	5	Clusters of cases
Papua New Guinea	31	581	65	0	7	1	Community transmission
Viet Nam	19	1140	12	0	35	<1	Clusters of cases
New Zealand	15	1531	317	0	25	5	Clusters of cases
Mongolia	5	324	99	0	0	<1	Sporadic cases
Solomon Islands	2	3	4	0	0	<1	Sporadic cases
Brunei Darussalam	1	147	336	0	3	7	No cases
Cambodia	0	285	17	0	0	<1	Sporadic cases
Fiji	0	32	36	0	2	2	Sporadic cases
Lao People's Democratic Republic	0	23	3	0	0	<1	Sporadic cases
French Polynesia	1043	4610	16411	4	16	57	Sporadic cases
Guam	550	3742	22172	7	66	391	Clusters of cases
Northern Mariana Islands (Commonwealth of the)	9	86	1494	0	2	35	Pending
New Caledonia	0	27	95	0	0	<1	Sporadic cases
