Reporting Country/Territory/Area	New cases in last 7 days	Cumulative cases	Cumulative cases per 1 million population	New deaths in last 7 days	Cumulative deaths	Cumulative deaths per 1 million population	Transmission classification
Western Pacific	40039	914744	466	461	17722	9	
Japan	15445	160098	1266	209	2315	18	Clusters of cases
Philippines	10272	438069	3998	193	8526	78	Community transmission
Malaysia	8183	71359	2205	26	380	12	Clusters of cases
Republic of Korea	3783	37546	732	22	545	11	Clusters of cases
China	831	94160	64	3	4753	3	Clusters of cases
Mongolia	82	842	257	0	0	0	Clusters of cases
Australia	71	27956	1096	1	908	36	Clusters of cases
Singapore	50	58255	9958	0	29	5	Sporadic cases
Cambodia	31	346	21	0	0	0	Sporadic cases
New Zealand	26	1722	357	0	25	5	Clusters of cases
Papua New Guinea	26	671	75	0	7	1	Community transmission
Viet Nam	24	1365	14	0	35	0	Clusters of cases
Fiji	6	44	49	0	2	2	Sporadic cases
Brunei Darussalam	1	151	345	0	3	7	Sporadic cases
Lao People's Democratic Republic	0	39	5	0	0	0	Sporadic cases
Solomon Islands	0	17	25	0	0	0	Sporadic cases
French Polynesia	1011	15107	53779	6	79	281	Sporadic cases
Guam	190	6845	40557	1	113	670	Clusters of cases
Northern Mariana Islands (Commonwealth of the)	4	109	1894	0	2	35	Pending
New Caledonia	3	35	123	0	0	0	Sporadic cases
Marshall Islands	0	4	68	0	0	0	Sporadic cases
Vanuatu	0	1	3	0	0	0	Sporadic cases
Wallis and Futuna	0	3	267	0	0	0	Sporadic cases
