Reporting Country/Territory/Area	New cases in last 7 days	Cumulative cases	Cumulative cases per 1 million population	New deaths in last 7 days	Cumulative deaths	Cumulative deaths per 1 million population	Transmission classification
South-East Asia	614502	7335273	1272	8456	119167	21	
India	556841	6549373	4746	7279	101782	74	Clusters of cases
Indonesia	28167	299506	1095	747	11055	40	Community transmission
Nepal	12749	84570	2903	61	528	18	Clusters of cases
Bangladesh	9692	367565	2232	196	5325	32	Community transmission
Myanmar	6512	16503	303	173	371	7	Clusters of cases
Maldives	420	10465	19360	0	34	63	Clusters of cases
Thailand	62	3585	51	0	59	1	Clusters of cases
Sri Lanka	46	3395	159	0	13	1	Clusters of cases
Bhutan	12	283	367	0	0	<1	Sporadic cases
Timor-Leste	1	28	21	0	0	<1	Sporadic cases
