WHO Region	New cases in last 7 days (%)	Change in new cases in last 7 days	Cumulative cases (%)	New deaths in last 7 days (%)	Change in new deaths in last 7 days	Cumulative deaths (%)
Europe	1840086 (46%)	-10%	15047248 (28%)	29043 (49%)	18%	341488 (26%)
Americas	1450998 (36%)	41%	22960102 (43%)	19106 (32%)	11%	675735 (52%)
South-East Asia	373786 (9%)	-4%	10015731 (19%)	4534 (8%)	-12%	153860 (12%)
Eastern Mediterranean	238390 (6%)	11%	3545801 (7%)	5747 (10%)	1%	90052 (7%)
Africa	40990 (1%)	22%	1398935 (3%)	834 (1%)	<1%	31450 (2%)
Western Pacific	32973 (1%)	5%	798170 (1%)	435 (1%)	15%	16377 (1%)
Global	3977223 (100%)	6%	53766728 (100%)	59699 (100%)	11%	1308975 (100%)
