Reporting Country/Territory/Area	New cases in last 7 days	Cumulative cases	Cumulative cases per 1 million population	New deaths in last 7 days	Cumulative deaths	Cumulative deaths per 1 million population	Transmission classification
South-East Asia	351822	10367553	5129	4706	158566	78	
India	281227	9095806	6591	3592	133227	97	Clusters of cases
Indonesia	30301	493308	1804	626	15774	58	Community transmission
Bangladesh	14785	445281	2704	177	6350	39	Community transmission
Myanmar	11114	77848	1431	188	1722	32	Clusters of cases
Nepal	10340	218639	7504	90	1305	45	Clusters of cases
Sri Lanka	3580	19771	923	30	83	4	Clusters of cases
Maldives	424	12578	23269	3	45	83	Clusters of cases
Thailand	47	3913	56	0	60	1	Clusters of cases
Bhutan	4	379	491	0	0	<1	Sporadic cases
Timor-Leste	0	30	23	0	0	<1	Sporadic cases
