Reporting Country/Territory/Area	New cases in last 7 days	Cumulative cases	Cumulative cases per 1 million population	New deaths in last 7 days	Cumulative deaths	Cumulative deaths per 1 million population	Transmission classification
South-East Asia	445886	8969707	4437	5756	140827	70	
India	370260	7946429	5758	4503	119502	87	Clusters of cases
Indonesia	28218	392934	1437	774	13411	49	Community transmission
Nepal	25929	159830	5486	115	862	30	Clusters of cases
Bangladesh	10212	400251	2430	134	5818	35	Community transmission
Myanmar	8913	46200	849	228	1122	21	Clusters of cases
Sri Lanka	2046	8413	393	1	16	1	Clusters of cases
Maldives	243	11532	21334	1	37	68	Clusters of cases
Thailand	50	3746	54	0	59	1	Clusters of cases
Bhutan	15	342	443	0	0	<1	Sporadic cases
Timor-Leste	0	30	23	0	0	<1	Sporadic cases
