Reporting Country/Territory/Area	New cases in last 7 days	Cumulative cases	Cumulative cases per 1 million population	New deaths in last 7 days	Cumulative deaths	Cumulative deaths per 1 million population	Transmission classification
Western Pacific	32973	798170	406	435	16377	8	
Philippines	12376	406337	3708	306	7791	71	Community transmission
Japan	9591	116677	923	71	1883	15	Clusters of cases
Malaysia	6852	46209	1428	24	306	9	Clusters of cases
Republic of Korea	1119	28546	557	15	493	10	Clusters of cases
China	233	92428	63	1	4749	3	Clusters of cases
Singapore	62	58116	9934	0	28	5	Clusters of cases
Australia	59	27711	1087	0	907	36	Clusters of cases
Mongolia	59	416	127	0	0	<1	Sporadic cases
Viet Nam	52	1265	13	0	35	<1	Clusters of cases
New Zealand	19	1645	341	0	25	5	Clusters of cases
Cambodia	7	302	18	0	0	<1	Sporadic cases
Papua New Guinea	3	600	67	0	7	1	Community transmission
Solomon Islands	3	16	23	0	0	<1	Sporadic cases
Fiji	1	35	39	0	2	2	Sporadic cases
Brunei Darussalam	0	148	338	0	3	7	No cases
Lao People's Democratic Republic	0	24	3	0	0	<1	Sporadic cases
French Polynesia	1711	11706	41672	14	53	189	Sporadic cases
Guam	820	5854	34685	4	93	551	Clusters of cases
Northern Mariana Islands (Commonwealth of the)	4	102	1772	0	2	35	Pending
New Caledonia	1	30	105	0	0	<1	Sporadic cases
Vanuatu	1	1	3	0	0	<1	Sporadic cases
Marshall Islands	0	1	17	0	0	<1	Sporadic cases
Wallis and Futuna	0	1	89	0	0	<1	Sporadic cases
