Reporting Country/Territory/Area	New cases in last 7 days	Cumulative cases	Cumulative cases per 1 million population	New deaths in last 7 days	Cumulative deaths	Cumulative deaths per 1 million population	Transmission classification
Africa	44134	1044513	157	1401	21722	3	
South Africa	15506	622551	10497	994	13981	236	Community transmission
Ethiopia	10621	49654	432	108	770	7	Community transmission
Algeria	2714	43782	998	67	1491	34	Community transmission
Nigeria	1822	53727	261	14	1011	5	Community transmission
Kenya	1676	33794	628	30	572	11	Community transmission
Namibia	1578	7116	2801	23	69	27	Community transmission
Zambia	1275	11902	647	7	284	15	Community transmission
Rwanda	954	3843	297	5	16	1	Clusters of cases
Ghana	624	43949	1414	9	270	9	Community transmission
Senegal	606	13456	804	16	282	17	Community transmission
Uganda	590	2756	60	8	28	1	Clusters of cases
Côte d'Ivoire	519	17893	678	2	115	4	Community transmission
Madagascar	514	14791	534	12	190	7	Community transmission
Zimbabwe	513	6406	431	43	196	13	Community transmission
Mozambique	456	3760	120	2	22	1	Community transmission
Angola	417	2551	78	13	107	3	Clusters of cases
Cameroon	380	19142	721	3	411	15	Community transmission
Gambia	360	2797	1157	12	96	40	Community transmission
Botswana	325	1633	694	3	6	3	Clusters of cases
Cabo Verde	323	3778	6795	2	39	70	Clusters of cases
Eswatini	321	4510	3887	8	91	78	Community transmission
Guinea	284	9251	704	6	59	4	Community transmission
Democratic Republic of the Congo	183	9993	112	4	255	3	Community transmission
Togo	178	1390	168	0	27	3	Community transmission
Malawi	146	5528	289	6	174	9	Community transmission
Congo	129	3979	721	1	78	14	Community transmission
Mauritania	118	7012	1508	0	158	34	Community transmission
Gabon	117	8505	3821	0	53	24	Community transmission
Burkina Faso	60	1357	65	0	55	3	Community transmission
Mali	58	2757	136	1	126	6	Community transmission
Lesotho	51	1066	498	1	31	14	Clusters of cases
Sierra Leone	39	2019	253	1	70	9	Community transmission
Benin	30	2145	177	1	40	3	Community transmission
Chad	26	1008	61	1	77	5	Community transmission
Central African Republic	21	4700	973	0	61	13	Community transmission
South Sudan	20	2519	225	0	47	4	Community transmission
Liberia	18	1303	258	0	82	16	Community transmission
Burundi	15	445	37	0	1	<1	Clusters of cases
Equatorial Guinea	15	4941	3522	0	83	59	Community transmission
Eritrea	12	318	90	0	0	<1	Sporadic cases
Comoros	6	423	486	0	7	8	Community transmission
Seychelles	4	131	1332	0	0	<1	Sporadic cases
Niger	3	1175	49	0	69	3	Clusters of cases
Sao Tome and Principe	3	895	4084	0	15	68	Clusters of cases
Guinea-Bissau	0	2149	1092	0	33	17	Community transmission
Mauritius	0	346	272	0	10	8	Sporadic cases
United Republic of Tanzania	0	509	9	0	21	<1	Community transmission
Réunion	440	1557	1739	-3	3	3	Clusters of cases
Mayotte	64	3301	12100	1	40	147	Clusters of cases
