Reporting Country/Territory/Area	New cases in last 7 days	Cumulative cases	Cumulative cases per 1 million population	New deaths in last 7 days	Cumulative deaths	Cumulative deaths per 1 million population	Transmission classification
Americas	999652	20477535	20022	17267	639353	625	
United States of America	548965	8952086	27045	5678	228185	689	Community transmission
Brazil	163002	5516658	25953	3006	159477	750	Community transmission
Argentina	87811	1157179	25604	2454	30792	681	Community transmission
Colombia	64209	1063151	20894	1333	31135	612	Community transmission
Mexico	38036	918811	7126	2977	91289	708	Community transmission
Canada	20267	231999	6147	222	10110	268	Community transmission
Peru	17064	900180	27301	378	34411	1044	Community transmission
Chile	9714	510256	26692	315	14207	743	Community transmission
Ecuador	8578	168192	9533	128	12670	718	Community transmission
Costa Rica	7040	108866	21371	106	1371	269	Community transmission
Honduras	5006	96888	9782	57	2669	269	Community transmission
Panama	5001	132867	30794	66	2688	623	Community transmission
Paraguay	4337	62596	8776	109	1387	194	Community transmission
Guatemala	3307	107939	6025	120	3729	208	Community transmission
Venezuela (Bolivarian Republic of)	3173	91589	3221	34	793	28	Community transmission
Dominican Republic	3000	127018	11709	25	2245	207	Community transmission
Bolivia (Plurinational State of)	1019	141631	12133	107	8715	747	Community transmission
El Salvador	860	33445	5156	31	975	150	Community transmission
Jamaica	424	9094	3071	20	206	70	Community transmission
Belize	412	3462	8707	11	58	146	Community transmission
Bahamas	376	6644	16895	12	142	361	Clusters of cases
Cuba	353	6887	608	0	128	11	Clusters of cases
Uruguay	323	3082	887	5	58	17	Clusters of cases
Guyana	183	4143	5267	7	124	158	Clusters of cases
Trinidad and Tobago	181	5668	4050	3	107	76	Community transmission
Nicaragua	62	4424	668	1	156	24	Community transmission
Suriname	46	5201	8866	2	111	189	Community transmission
Haiti	39	9054	794	1	232	20	Community transmission
Saint Lucia	26	78	425	0	0	<1	Sporadic cases
Dominica	12	50	695	0	0	<1	Clusters of cases
Barbados	9	236	821	0	7	24	Clusters of cases
Antigua and Barbuda	5	127	1297	0	3	31	Sporadic cases
Grenada	1	28	249	0	0	<1	No cases
Saint Vincent and the Grenadines	1	74	667	0	0	<1	Sporadic cases
Saint Kitts and Nevis	0	19	357	0	0	<1	No cases
Puerto Rico	4848	66128	23115	28	822	287	Community transmission
Martinique	1024	3818	10174	4	31	83	Community transmission
Guadeloupe	413	7742	19349	24	139	347	Community transmission
French Guiana	160	10536	35275	1	70	234	Community transmission
Curaçao	141	944	5753	0	1	6	Community transmission
Aruba	83	4472	41886	1	37	347	Community transmission
Saint Martin	53	591	15288	1	9	233	Community transmission
United States Virgin Islands	30	1376	13177	0	21	201	Community transmission
Sint Maarten	29	805	18772	0	22	513	Community transmission
Saint Barthélemy	12	89	9004	0	0	<1	Sporadic cases
Bermuda	9	199	3196	0	9	145	Sporadic cases
Turks and Caicos Islands	4	703	18157	0	6	155	Clusters of cases
Bonaire, Sint Eustatius and Saba	3	153	5835	0	3	114	Sporadic cases
Cayman Islands	1	240	3652	0	1	15	Sporadic cases
Anguilla	0	3	200	0	0	<1	No cases
British Virgin Islands	0	72	2381	0	1	33	Clusters of cases
Falkland Islands (Malvinas)	0	13	3732	0	0	<1	No cases
Montserrat	0	13	2601	0	1	200	No cases
Saint Pierre and Miquelon	0	16	2761	0	0	<1	Sporadic cases
