Reporting Country/Territory/Area	New cases in last 7 days	Cumulative cases	Cumulative cases per 1 million population	New deaths in last 7 days	Cumulative deaths	Cumulative deaths per 1 million population	Transmission classification
Africa	32123	1298315	1157	832	29277	26	
South Africa	12115	716759	12085	536	19008	320	Community transmission
Kenya	4594	49997	930	71	920	17	Community transmission
Ethiopia	4424	93707	815	73	1437	12	Community transmission
Angola	1564	9644	293	26	270	8	Community transmission
Algeria	1427	55630	1269	51	1897	43	Community transmission
Mozambique	1188	12161	389	11	88	3	Community transmission
Uganda	842	11557	253	3	101	2	Community transmission
Cabo Verde	684	8423	15150	9	94	169	Community transmission
Botswana	681	5923	2519	1	21	9	Community transmission
Nigeria	623	62111	301	6	1132	5	Community transmission
Ghana	517	47690	1535	6	316	10	Community transmission
Zambia	328	16200	881	2	348	19	Community transmission
Namibia	316	12675	4988	2	133	52	Community transmission
Guinea	191	11669	889	1	71	5	Community transmission
Senegal	175	15565	930	4	322	19	Community transmission
Zimbabwe	159	8303	559	5	242	16	Community transmission
Madagascar	154	16968	613	6	244	9	Community transmission
Côte d'Ivoire	130	20470	776	0	122	5	Community transmission
Cameroon	129	21793	821	2	426	16	Community transmission
Democratic Republic of the Congo	122	11173	125	2	305	3	Community transmission
Togo	113	2187	264	1	52	6	Community transmission
Lesotho	101	1940	906	1	43	20	Clusters of cases
Congo	97	5253	952	0	92	17	Community transmission
Mali	93	3499	173	0	133	7	Community transmission
Rwanda	89	5073	392	0	34	3	Clusters of cases
Eswatini	82	5863	5054	1	116	100	Community transmission
Burkina Faso	70	2459	118	0	67	3	Community transmission
Chad	69	1441	88	3	96	6	Community transmission
Benin	61	2557	211	0	41	3	Community transmission
Mauritania	59	7663	1648	0	163	35	Community transmission
South Sudan	41	2890	258	1	56	5	Community transmission
Gabon	38	8937	4015	0	54	24	Community transmission
Eritrea	36	461	130	0	0	<1	Sporadic cases
Malawi	35	5894	308	2	183	10	Community transmission
Mauritius	28	439	345	0	10	8	Sporadic cases
Comoros	21	517	595	0	7	8	Community transmission
Liberia	18	1416	280	0	82	16	Community transmission
Sierra Leone	18	2346	294	1	74	9	Community transmission
Burundi	14	558	47	0	1	<1	Clusters of cases
Guinea-Bissau	14	2403	1221	0	41	21	Community transmission
Gambia	10	3660	1514	1	119	49	Community transmission
Equatorial Guinea	9	5079	3620	0	83	59	Community transmission
Sao Tome and Principe	8	941	4294	0	15	68	Clusters of cases
Central African Republic	7	4863	1007	0	62	13	Community transmission
Niger	6	1215	50	0	69	3	Clusters of cases
Seychelles	4	152	1546	0	0	<1	Sporadic cases
United Republic of Tanzania	0	509	9	0	21	<1	Community transmission
Réunion	373	5361	5988	3	22	25	Clusters of cases
Mayotte	246	4321	15839	1	44	161	Clusters of cases
