Reporting Country/Territory/Area	New cases in last 7 days	Cumulative cases	Cumulative cases per 1 million population	New deaths in last 7 days	Cumulative deaths	Cumulative deaths per 1 million population	Transmission classification
Europe	1989636	13144973	14083	25531	311542	334	
France	382553	1714361	26264	3376	39849	610	Community transmission
Italy	223060	902490	14927	2445	41063	679	Clusters of cases
The United Kingdom	159781	1171445	17256	2333	48888	720	Community transmission
Poland	158909	521640	13783	2005	7636	202	Community transmission
Russian Federation	137553	1774334	12158	2302	30537	209	Clusters of cases
Germany	125575	658505	7860	808	11289	135	Clusters of cases
Spain	95732	1328832	28421	2584	38833	831	Community transmission
Czechia	76118	411220	38400	1430	4681	437	Community transmission
Ukraine	64891	460331	10526	1144	8450	193	Community transmission
Romania	55660	296999	15438	825	7793	405	Community transmission
Netherlands	53150	403914	23573	565	7950	464	Community transmission
Belgium	52215	500685	43201	1194	13029	1124	Community transmission
Switzerland	50152	211160	24399	338	2404	278	Community transmission
Austria	39918	146502	16266	221	1318	146	Community transmission
Portugal	32261	173540	17019	341	2848	279	Clusters of cases
Hungary	30417	109616	11347	619	2438	252	Community transmission
Bulgaria	21641	74485	10720	353	1632	235	Clusters of cases
Georgia	17026	57753	14477	140	475	119	Community transmission
Turkey	16372	391739	4645	551	10803	128	Community transmission
Slovakia	16003	73667	13493	132	351	64	Clusters of cases
Greece	15558	54809	5258	123	749	72	Clusters of cases
Croatia	15388	64704	15761	206	752	183	Community transmission
Sweden	14429	146461	14502	26	6022	596	Community transmission
Armenia	14170	106424	35915	196	1559	526	Community transmission
Serbia	13681	60635	8707	60	880	126	Community transmission
Bosnia and Herzegovina	11122	61212	18658	256	1490	454	Community transmission
Slovenia	9964	44271	21295	147	378	182	Clusters of cases
Azerbaijan	8479	63748	6287	94	824	81	Clusters of cases
Lithuania	7895	22719	8346	38	203	75	Community transmission
Denmark	7879	54230	9363	19	740	128	Community transmission
North Macedonia	7205	38782	18615	116	1110	533	Community transmission
Belarus	5824	105283	11142	19	1004	106	Community transmission
Republic of Moldova	5635	81675	20247	106	1891	469	Community transmission
Kazakhstan	5013	155876	8302	47	2306	123	Clusters of cases
Luxembourg	4548	22481	35913	28	185	296	Community transmission
Norway	3662	23225	4284	3	285	53	Clusters of cases
Israel	3607	318077	36748	84	2641	305	Community transmission
Ireland	3399	64855	13134	32	1945	394	Community transmission
Montenegro	3378	23070	36732	24	337	537	Clusters of cases
Kyrgyzstan	3376	62819	9629	27	1177	180	Clusters of cases
Albania	2830	23705	8237	48	557	194	Clusters of cases
Latvia	1986	7880	4178	25	96	51	Clusters of cases
Uzbekistan	1538	68593	2049	13	581	17	Clusters of cases
Cyprus	1505	5871	4863	2	28	23	Clusters of cases
Finland	1272	17385	3138	4	362	65	Community transmission
Estonia	1028	5933	4473	0	73	55	Clusters of cases
Malta	997	7039	15942	12	74	168	Clusters of cases
Andorra	563	5319	68841	0	75	971	Community transmission
Tajikistan	277	11294	1184	1	83	9	Pending
Liechtenstein	232	765	20059	0	3	79	Sporadic cases
Iceland	198	5063	14837	6	18	53	Community transmission
San Marino	143	1101	32442	0	42	1238	Community transmission
Monaco	124	483	12308	0	2	51	Sporadic cases
Holy See	0	26	32138	0	0	<1	Sporadic cases
Kosovo	3583	23382	12568	63	734	395	Community transmission
Gibraltar	77	770	22855	0	0	<1	Clusters of cases
Jersey	69	643	5910	0	32	294	Community transmission
Guernsey	11	278	4399	0	13	206	Community transmission
Isle of Man	4	357	4198	0	24	282	No cases
Faroe Islands	0	495	10130	0	0	<1	Sporadic cases
Greenland	0	17	299	0	0	<1	No cases
