WHO Region	New cases in last 7 days (%)	Change in new cases in last 7 days	Cumulative cases (%)	New deaths in last 7 days (%)	Change in new deaths in last 7 days	Cumulative deaths (%)
Americas	1652915 (42%)	3%	26216515 (42%)	22488 (32%)	2%	720228 (50%)
Europe	1573354 (40%)	-13%	18495511 (30%)	35321 (51%)	5%	412362 (28%)
South-East Asia	371180 (9%)	6%	10738733 (17%)	4888 (7%)	4%	163454 (11%)
Eastern Mediterranean	248909 (6%)	-1%	4045906 (7%)	5800 (8%)	8%	102160 (7%)
Africa	48483 (1%)	3%	1494524 (2%)	974 (1%)	-10%	33512 (2%)
Western Pacific	40489 (1%)	12%	874705 (1%)	445 (1%)	1%	17261 (1%)
Global	3935330 (100%)	4%	61866635 (100%)	69916 (100%)	3%	1448990 (100%)
