Reporting Country/Territory/Area	New cases in last 7 days	Cumulative cases	Cumulative cases per 1 million population	New deaths in last 7 days	Cumulative deaths	Cumulative deaths per 1 million population	Transmission classification
South-East Asia	539341	4073148	707	7821	75276	13	
India	497793	3542733	2567	6792	63498	46	Clusters of cases
Indonesia	17697	169195	619	667	7261	27	Community transmission
Bangladesh	16300	308925	1876	299	4206	26	Community transmission
Nepal	6223	37340	1282	61	207	7	Clusters of cases
Maldives	918	7578	14019	2	28	52	Clusters of cases
Myanmar	305	749	14	0	6	<1	Clusters of cases
Sri Lanka	48	2995	140	0	12	1	Clusters of cases
Bhutan	40	195	253	0	0	<1	Sporadic cases
Thailand	16	3411	49	0	58	1	Clusters of cases
Timor-Leste	1	27	20	0	0	<1	No cases
