Reporting Country/Territory/Area	New cases in last 7 days	Cumulative cases	Cumulative cases per 1 million population	New deaths in last 7 days	Cumulative deaths	Cumulative deaths per 1 million population	Transmission classification
Americas	767410	15466584	2295	19132	527837	78	
United States of America	275171	6662003	20127	5633	197442	596	Community transmission
Brazil	213019	4495183	21148	5397	135793	639	Community transmission
Argentina	77953	613658	13578	1499	12705	281	Community transmission
Colombia	48383	750471	14749	1332	23850	469	Community transmission
Peru	39742	756412	22941	813	31283	949	Community transmission
Mexico	30655	688954	5344	2620	72803	565	Community transmission
Chile	12008	444674	23262	359	12254	641	Community transmission
Ecuador	10888	125620	7120	253	11089	629	Community transmission
Costa Rica	8405	62374	12244	103	686	135	Community transmission
Venezuela (Bolivarian Republic of)	6511	65174	2292	62	530	19	Community transmission
Canada	6285	141911	3760	42	9205	244	Community transmission
Paraguay	5615	32127	4504	115	611	86	Community transmission
Dominican Republic	5468	107700	9928	103	2044	188	Community transmission
Bolivia (Plurinational State of)	4879	130051	11141	300	7550	647	Community transmission
Honduras	4562	70611	7129	88	2146	217	Community transmission
Panama	4549	104879	24307	89	2229	517	Community transmission
Guatemala	3494	85152	4753	156	3105	173	Community transmission
Jamaica	1247	4758	1607	20	60	20	Community transmission
Trinidad and Tobago	847	3739	2672	10	60	43	Community transmission
El Salvador	577	27428	4229	26	808	125	Community transmission
Cuba	402	5055	446	5	113	10	Clusters of cases
Guyana	339	2102	2672	10	62	79	Clusters of cases
Bahamas	303	3177	8079	2	69	175	Clusters of cases
Suriname	162	4691	7996	3	96	164	Community transmission
Belize	155	1590	3999	1	20	50	Community transmission
Haiti	143	8600	754	5	221	19	Community transmission
Uruguay	117	1890	544	1	46	13	Clusters of cases
Nicaragua	102	3979	601	3	147	22	Community transmission
Barbados	5	185	644	0	7	24	Clusters of cases
Antigua and Barbuda	0	95	970	0	3	31	Sporadic cases
Dominica	0	24	333	0	0	<1	Clusters of cases
Grenada	0	24	213	0	0	<1	No cases
Saint Kitts and Nevis	0	17	320	0	0	<1	No cases
Saint Lucia	0	27	147	0	0	<1	Sporadic cases
Saint Vincent and the Grenadines	0	64	577	0	0	<1	Sporadic cases
Puerto Rico	3901	40993	14329	70	605	211	Community transmission
Aruba	563	3382	31677	7	23	215	Community transmission
Guadeloupe	346	3426	8562	2	26	65	Community transmission
Martinique	183	1122	2990	0	18	48	Community transmission
French Guiana	171	9692	32449	2	65	218	Community transmission
Curaçao	75	210	1280	0	1	6	Community transmission
Saint Martin	74	330	8536	0	6	155	Community transmission
Sint Maarten	35	565	13176	0	19	443	Community transmission
United States Virgin Islands	31	1242	11894	0	19	182	Community transmission
Turks and Caicos Islands	26	667	17227	0	5	129	Clusters of cases
Bonaire, Sint Eustatius and Saba	11	36	1373	1	1	38	Sporadic cases
British Virgin Islands	5	71	2348	0	1	33	Clusters of cases
Saint Barthélemy	2	23	2327	0	0	<1	Sporadic cases
Bermuda	1	178	2858	0	9	145	Sporadic cases
Anguilla	0	3	200	0	0	<1	No cases
Cayman Islands	0	208	3165	0	1	15	Sporadic cases
Falkland Islands (Malvinas)	0	13	3732	0	0	<1	No cases
Montserrat	0	13	2601	0	1	200	No cases
Saint Pierre and Miquelon	0	11	1898	0	0	<1	Sporadic cases
