WHO Region	New cases in last 7 days (%)	Change in new cases in last 7 days	Cumulative cases (%)	New deaths in last 7 days (%)	Change in new deaths in last 7 days	Cumulative deaths (%)
Europe	1989636 (54%)	11%	13144973 (26%)	25531 (47%)	44%	311542 (25%)
Americas	1031573 (28%)	3%	21509104 (43%)	17289 (32%)	<1%	656629 (53%)
South-East Asia	390157 (11%)	2%	9641945 (19%)	5132 (9%)	10%	149326 (12%)
Eastern Mediterranean	214072 (6%)	18%	3307411 (7%)	5675 (10%)	23%	84305 (7%)
Africa	33687 (1%)	2%	1357945 (3%)	831 (2%)	30%	30616 (2%)
Western Pacific	31370 (1%)	19%	765197 (2%)	377 (1%)	-5%	15942 (1%)
Global	3690495 (100%)	8%	49727316 (100%)	54835 (100%)	21%	1248373 (100%)
