Reporting Country/Territory/Area	New cases in last 7 days	Cumulative cases	Cumulative cases per 1 million population	New deaths in last 7 days	Cumulative deaths	Cumulative deaths per 1 million population	Transmission classification
Western Pacific	22986	600891	104	462	13129	2	
Philippines	17796	301256	2749	354	5284	48	Community transmission
Japan	3033	81690	646	45	1545	12	Clusters of cases
Republic of Korea	636	23611	461	18	401	8	Clusters of cases
Malaysia	602	10769	333	3	133	4	Clusters of cases
Australia	131	27016	1059	26	870	34	Clusters of cases
Singapore	127	57685	9860	0	27	5	Clusters of cases
China	126	90966	62	2	4746	3	Clusters of cases
Papua New Guinea	16	532	59	1	7	1	Community transmission
New Zealand	13	1477	306	0	25	5	Clusters of cases
Mongolia	2	313	95	0	0	<1	Sporadic cases
Brunei Darussalam	1	146	334	0	3	7	No cases
Cambodia	1	276	17	0	0	<1	Sporadic cases
Viet Nam	1	1069	11	0	35	<1	Clusters of cases
Fiji	0	32	36	0	2	2	Sporadic cases
Lao People's Democratic Republic	0	23	3	0	0	<1	Sporadic cases
French Polynesia	261	1579	5621	4	6	21	Sporadic cases
Guam	237	2354	13948	9	43	255	Clusters of cases
Northern Mariana Islands (Commonwealth of the)	2	70	1216	0	2	35	Pending
New Caledonia	1	27	95	0	0	<1	Sporadic cases
