Reporting Country/Territory/Area	New cases in last 7 days	Cumulative cases	Cumulative cases per 1 million population	New deaths in last 7 days	Cumulative deaths	Cumulative deaths per 1 million population	Transmission classification
Western Pacific	31353	577905	100	781	12667	2	
Philippines	25597	283460	2587	638	4930	45	Community transmission
Japan	3439	78657	622	61	1500	12	Clusters of cases
Republic of Korea	799	22975	448	25	383	7	Clusters of cases
Malaysia	299	10167	314	2	130	4	Clusters of cases
Australia	278	26885	1054	41	844	33	Clusters of cases
Singapore	201	57558	9838	0	27	5	Clusters of cases
China	174	90840	62	3	4744	3	Clusters of cases
New Zealand	18	1464	304	1	25	5	Clusters of cases
Papua New Guinea	8	516	58	1	6	1	Community transmission
Viet Nam	8	1068	11	0	35	<1	Clusters of cases
Brunei Darussalam	0	145	331	0	3	7	No cases
Cambodia	0	275	16	0	0	<1	Sporadic cases
Fiji	0	32	36	0	2	2	Sporadic cases
Lao People's Democratic Republic	0	23	3	0	0	<1	Sporadic cases
Mongolia	0	311	95	0	0	<1	Sporadic cases
French Polynesia	298	1318	4692	0	2	7	Sporadic cases
Guam	226	2117	12543	9	34	201	Clusters of cases
Northern Mariana Islands (Commonwealth of the)	8	68	1181	0	2	35	Pending
New Caledonia	0	26	91	0	0	<1	Sporadic cases
