Reporting Country/Territory/Area	New cases in last 7 days	Cumulative cases	Cumulative cases per 1 million population	New deaths in last 7 days	Cumulative deaths	Cumulative deaths per 1 million population	Transmission classification
Eastern Mediterranean	248909	4045906	5536	5800	102160	140	
Iran (Islamic Republic of)	94491	935799	11141	3159	47486	565	Community transmission
Jordan	32548	210709	20651	454	2626	257	Community transmission
Morocco	28726	349688	9474	483	5739	155	Clusters of cases
Pakistan	20848	392356	1776	339	7942	36	Clusters of cases
Iraq	15266	548821	13645	275	12200	303	Community transmission
Lebanon	10395	125637	18407	97	991	145	Community transmission
United Arab Emirates	8717	166502	16835	21	569	58	Community transmission
Tunisia	7509	94980	8036	401	3153	267	Community transmission
Libya	4465	81273	11828	85	1153	168	Community transmission
Egypt	2507	115183	1126	86	6621	65	Clusters of cases
Kuwait	2461	142195	33296	12	875	205	Community transmission
Saudi Arabia	1877	356911	10252	109	5870	169	Sporadic cases
Afghanistan	1463	45966	1181	77	1752	45	Clusters of cases
Qatar	1415	138477	48065	2	237	82	Community transmission
Oman	1219	122579	24004	26	1391	272	Community transmission
Sudan	1217	17404	397	36	1235	28	Community transmission
Bahrain	1054	86645	50920	3	341	200	Clusters of cases
Syrian Arab Republic	561	7715	441	37	409	23	Community transmission
Somalia	69	4451	280	5	113	7	Sporadic cases
Djibouti	15	5676	5745	0	61	62	Clusters of cases
Yemen	5	2078	70	0	605	20	Sporadic cases
occupied Palestinian territory	12081	94861	18595	93	791	155	Community transmission
