Reporting Country/Territory/Area	New cases in last 7 days	Cumulative cases	Cumulative cases per 1 million population	New deaths in last 7 days	Cumulative deaths	Cumulative deaths per 1 million population	Transmission classification
Africa	29169	1227719	1094	991	27255	24	
South Africa	11180	690896	11649	735	17673	298	Community transmission
Ethiopia	6441	83429	726	70	1277	11	Community transmission
Kenya	2235	41158	765	35	760	14	Community transmission
Uganda	1047	9538	209	7	86	2	Community transmission
Algeria	945	52940	1207	39	1795	41	Community transmission
Angola	876	6246	190	29	218	7	Community transmission
Nigeria	816	60103	292	2	1115	5	Community transmission
Mozambique	795	9844	315	6	70	2	Community transmission
Cabo Verde	617	6913	12434	12	74	133	Community transmission
Zambia	585	15415	839	3	336	18	Community transmission
Cameroon	322	21160	797	2	420	16	Community transmission
Namibia	319	11891	4680	5	128	50	Community transmission
Guinea	261	10996	837	3	69	5	Community transmission
Côte d'Ivoire	243	20036	760	0	120	5	Community transmission
Ghana	219	46987	1512	5	306	10	Community transmission
Madagascar	173	16702	603	5	237	9	Community transmission
Senegal	162	15213	909	1	313	19	Community transmission
Burkina Faso	153	2241	107	2	60	3	Community transmission
Zimbabwe	136	7994	538	1	229	15	Community transmission
Eswatini	130	5660	4879	2	113	97	Community transmission
Lesotho	128	1767	825	2	40	19	Clusters of cases
Mali	103	3273	162	1	132	7	Community transmission
Togo	95	1935	234	1	49	6	Community transmission
Democratic Republic of the Congo	89	10840	121	2	276	3	Community transmission
Chad	80	1291	79	7	92	6	Community transmission
Benin	54	2411	199	0	41	3	Community transmission
South Sudan	51	2777	248	5	55	5	Community transmission
Botswana	47	3219	1369	2	18	8	Community transmission
Sierra Leone	41	2300	288	0	72	9	Community transmission
Rwanda	40	4892	378	1	30	2	Clusters of cases
Gambia	38	3628	1501	2	117	48	Community transmission
Malawi	38	5821	304	1	180	9	Community transmission
Congo	29	5118	927	1	90	16	Community transmission
Guinea-Bissau	23	2385	1212	1	40	20	Community transmission
Equatorial Guinea	18	5063	3609	0	83	59	Community transmission
Gabon	18	8815	3960	0	54	24	Community transmission
Eritrea	16	414	117	0	0	<1	Sporadic cases
Liberia	16	1363	269	0	82	16	Community transmission
Mauritius	14	395	311	0	10	8	Sporadic cases
Mauritania	12	7523	1618	0	161	35	Community transmission
Burundi	11	524	44	0	1	<1	Clusters of cases
Central African Republic	9	4854	1005	0	62	13	Community transmission
Sao Tome and Principe	9	922	4207	0	15	68	Clusters of cases
Comoros	7	491	565	0	7	8	Community transmission
Seychelles	5	147	1495	0	0	<1	Sporadic cases
Niger	0	1200	50	0	69	3	Clusters of cases
United Republic of Tanzania	0	509	9	0	21	<1	Community transmission
Réunion	313	4491	5016	0	16	18	Clusters of cases
Mayotte	210	3989	14622	1	43	158	Clusters of cases
