Reporting Country/Territory/Area	New cases in last 7 days	Cumulative cases	Cumulative cases per 1 million population	New deaths in last 7 days	Cumulative deaths	Cumulative deaths per 1 million population	Transmission classification
Americas	973599	11420860		29250	414326		
United States of America	360607	5258565	15887	7271	167201	505	Community transmission
Brazil	313078	3275520	15410	6951	106523	501	Community transmission
Colombia	77915	445111	8748	2242	14492	285	Community transmission
Peru	52421	516296	15659	5207	25856	784	Community transmission
Argentina	46760	282437	6249	1115	5565	123	Community transmission
Mexico	41962	511369	3966	4597	55908	434	Community transmission
Chile	12879	383902	20083	384	10395	544	Community transmission
Bolivia (Plurinational State of)	10059	97950	8391	415	3939	337	Community transmission
Venezuela (Bolivarian Republic of)	7215	31381	1104	58	266	9	Community transmission
Ecuador	7116	100688	5707	149	6065	344	Community transmission
Panama	6842	79402	18402	143	1734	402	Community transmission
Dominican Republic	6767	85545	7886	149	1438	133	Community transmission
Guatemala	6124	62313	3478	158	2355	131	Community transmission
Costa Rica	4850	26931	5287	63	281	55	Community transmission
Honduras	2832	49467	4994	83	1548	156	Community transmission
Canada	2667	121652	3223	50	9020	239	Community transmission
El Salvador	2641	22619	3487	67	603	93	Community transmission
Paraguay	2514	9022	1265	39	108	15	Community transmission
Suriname	635	2838	4838	12	41	70	Community transmission
Cuba	404	3292	291	0	88	8	Clusters of cases
Bahamas	289	1119	2846	3	17	43	Clusters of cases
Trinidad and Tobago	249	474	339	2	10	7	Clusters of cases
Belize	242	388	976	1	3	8	Clusters of cases
Haiti	232	7831	687	19	196	17	Community transmission
Nicaragua	147	3413	515	5	128	19	Community transmission
Guyana	111	649	825	0	22	28	Clusters of cases
Uruguay	96	1421	409	1	38	11	Clusters of cases
Jamaica	95	1082	365	2	14	5	Clusters of cases
Barbados	10	148	515	0	7	24	Clusters of cases
Antigua and Barbuda	1	93	950	0	3	31	Clusters of cases
Saint Vincent and the Grenadines	1	57	514	0	0	<1	Sporadic cases
Dominica	0	18	250	0	0	<1	Clusters of cases
Grenada	0	24	213	0	0	<1	Clusters of cases
Saint Kitts and Nevis	0	17	320	0	0	<1	No cases
Saint Lucia	0	25	136	0	0	<1	Sporadic cases
Puerto Rico	4271	25695	8982	55	329	115	Community transmission
Aruba	631	894	8373	1	4	37	Community transmission
French Guiana	321	8588	28753	5	53	177	Community transmission
United States Virgin Islands	206	734	7029	0	9	86	Community transmission
Guadeloupe	156	446	1115	0	14	35	Clusters of cases
Turks and Caicos Islands	104	274	7077	0	2	52	Clusters of cases
Sint Maarten	87	263	6133	1	17	396	Community transmission
Saint Martin	56	109	2820	2	5	129	Sporadic cases
Saint Barthélemy	4	13	1315	0	0	<1	Sporadic cases
Bermuda	1	159	2553	0	9	145	Sporadic cases
Curaçao	1	32	195	0	1	6	Sporadic cases
Anguilla	0	3	200	0	0	<1	No cases
Bonaire, Sint Eustatius and Saba	0	13	496	0	0	<1	Sporadic cases
British Virgin Islands	0	9	298	0	1	33	Sporadic cases
Cayman Islands	0	203	3089	0	1	15	No cases
Falkland Islands (Malvinas)	0	13	3732	0	0	<1	No cases
Martinique	0	336	895	0	16	43	Clusters of cases
Montserrat	0	13	2601	0	1	200	No cases
Saint Pierre and Miquelon	0	4	690	0	0	<1	Sporadic cases
