Reporting Country/Territory/Area	New cases in last 7 days	Cumulative cases	Cumulative cases per 1 million population	New deaths in last 7 days	Cumulative deaths	Cumulative deaths per 1 million population	Transmission classification
Africa	31473	1267664	1130	1058	28469	25	
South Africa	11235	705254	11891	735	18492	312	Community transmission
Ethiopia	5005	89860	782	69	1365	12	Community transmission
Kenya	3038	45076	838	65	839	16	Community transmission
Botswana	2023	5242	2229	2	20	9	Community transmission
Algeria	1263	54616	1245	51	1865	43	Community transmission
Angola	1216	7829	238	23	248	8	Community transmission
Nigeria	1204	61558	299	8	1125	5	Community transmission
Uganda	917	10691	234	10	97	2	Community transmission
Mozambique	863	11080	354	4	75	2	Community transmission
Cabo Verde	725	7800	14029	11	87	156	Community transmission
Guinea	482	11518	877	1	70	5	Community transmission
Zambia	374	15897	865	10	346	19	Community transmission
Namibia	372	12326	4851	3	131	52	Community transmission
Cameroon	281	21570	813	3	425	16	Community transmission
Côte d'Ivoire	239	20324	770	1	121	5	Community transmission
Ghana	186	47372	1525	4	310	10	Community transmission
Democratic Republic of the Congo	159	11051	123	26	303	3	Community transmission
Senegal	155	15432	922	4	319	19	Community transmission
Burkina Faso	133	2387	114	5	65	3	Community transmission
Zimbabwe	116	8159	549	2	232	16	Community transmission
Togo	114	2071	250	2	51	6	Community transmission
Madagascar	112	16810	607	1	238	9	Community transmission
Mali	106	3407	168	0	132	7	Community transmission
Eswatini	105	5788	4989	2	116	100	Community transmission
Benin	85	2496	206	0	41	3	Community transmission
Mauritania	80	7621	1639	2	163	35	Community transmission
Rwanda	79	4992	385	4	34	3	Clusters of cases
Chad	74	1390	85	1	93	6	Community transmission
Gabon	66	8884	3991	0	54	24	Community transmission
Lesotho	66	1833	856	2	42	20	Clusters of cases
South Sudan	65	2847	254	0	55	5	Community transmission
Congo	38	5156	934	2	92	17	Community transmission
Malawi	31	5860	306	1	181	9	Community transmission
Sierra Leone	27	2331	292	1	73	9	Community transmission
Gambia	21	3655	1512	1	118	49	Community transmission
Burundi	18	550	46	0	1	<1	Clusters of cases
Liberia	14	1381	273	0	82	16	Community transmission
Mauritius	12	407	320	0	10	8	Sporadic cases
Eritrea	11	425	120	0	0	<1	Sporadic cases
Sao Tome and Principe	10	933	4257	0	15	68	Clusters of cases
Niger	9	1211	50	0	69	3	Clusters of cases
Equatorial Guinea	7	5074	3617	0	83	59	Community transmission
Comoros	5	502	577	0	7	8	Community transmission
Guinea-Bissau	4	2403	1221	1	41	21	Community transmission
Central African Republic	1	4858	1006	0	62	13	Community transmission
Seychelles	1	148	1505	0	0	<1	Sporadic cases
United Republic of Tanzania	0	509	9	0	21	<1	Community transmission
Réunion	285	4921	5496	1	17	19	Clusters of cases
Mayotte	41	4159	15245	0	43	158	Clusters of cases
