WHO Region	New cases in last 7 days (%)	Change in new cases in last 7 days	Cumulative cases (%)	New deaths in last 7 days (%)	Change in new deaths in last 7 days	Cumulative deaths (%)
Americas	973599 (53%)	<1%	11420860 (54%)	29250 (75%)	13%	414326 (54%)
South-East Asia	474368 (26%)	9%	3040168 (14%)	7306 (19%)	9%	59875 (8%)
Europe	180196 (10%)	<1%	3754649 (18%)	-2728 (-7%)	-187%	214092 (28%)
Africa	60175 (3%)	-27%	945165 (4%)	2073 (5%)	-21%	18476 (2%)
Eastern Mediterranean	88733 (5%)	10%	1723673 (8%)	2624 (7%)	-3%	45704 (6%)
Western Pacific	43984 (2%)	-5%	409589 (2%)	575 (1%)	90%	9293 (1%)
Global	1821055	1%	21294845	39100	-6%	761799
