Reporting Country/Territory/Area	New cases in last 7 days	Cumulative cases	Cumulative cases per 1 million population	New deaths in last 7 days	Cumulative deaths	Cumulative deaths per 1 million population	Transmission classification
Europe	1732918	11088612	118800	17396	285402	306	
France	275866	1331808	20403	2111	36473	559	Community transmission
Italy	174921	679430	11237	1408	38618	639	Clusters of cases
The United Kingdom	157650	1011664	14902	1810	46555	686	Community transmission
Russian Federation	122904	1636781	11216	2185	28235	193	Clusters of cases
Poland	120785	362731	9584	1280	5631	149	Community transmission
Germany	103749	532930	6361	449	10481	125	Clusters of cases
Belgium	99051	445795	38465	889	11734	1012	Community transmission
Spain	92281	1185678	25360	854	35878	767	Community transmission
Czechia	84305	335102	31292	1174	3251	304	Community transmission
Netherlands	70033	350764	20471	376	7385	431	Community transmission
Ukraine	58030	395440	9042	1017	7306	167	Community transmission
Switzerland	50405	153728	17763	159	2035	235	Community transmission
Romania	35546	241339	12545	650	6968	362	Community transmission
Austria	26814	106584	11834	119	1097	122	Community transmission
Portugal	25170	141279	13855	210	2507	246	Clusters of cases
Hungary	19952	79199	8198	394	1819	188	Community transmission
Slovakia	16863	57664	10562	60	219	40	Clusters of cases
Turkey	15583	375367	4451	525	10252	122	Community transmission
Croatia	15357	49316	12013	117	546	133	Community transmission
Bulgaria	15282	52844	7605	195	1279	184	Clusters of cases
Armenia	14417	92254	31133	183	1363	460	Community transmission
Slovenia	13030	34307	16502	50	231	111	Clusters of cases
Georgia	12296	40727	10209	134	335	84	Community transmission
Bosnia and Herzegovina	10332	50090	15268	159	1234	376	Community transmission
Sweden	10015	124355	12313	9	5938	588	Community transmission
Greece	9259	39251	3766	62	626	60	Clusters of cases
Belarus	8292	99459	10526	40	985	104	Community transmission
Serbia	8082	46954	6743	31	820	118	Community transmission
Denmark	6940	46351	8002	21	721	124	Community transmission
Azerbaijan	6256	55269	5451	66	730	72	Clusters of cases
Ireland	5348	61456	12446	31	1913	387	Community transmission
Lithuania	5246	14824	5445	36	165	61	Community transmission
North Macedonia	5183	31577	15157	97	994	477	Community transmission
Republic of Moldova	4951	76040	18850	116	1785	442	Community transmission
Luxembourg	4220	17933	28648	13	157	251	Community transmission
Israel	4054	313533	36223	146	2517	291	Community transmission
Kyrgyzstan	3693	59443	9111	16	1150	176	Clusters of cases
Kazakhstan	3400	150863	8035	32	2251	120	Clusters of cases
Norway	2331	19563	3609	3	282	52	Clusters of cases
Montenegro	2090	18958	30185	47	313	498	Clusters of cases
Albania	2017	20875	7254	36	509	177	Clusters of cases
Uzbekistan	1855	67055	2003	21	568	17	Clusters of cases
Finland	1461	16113	2908	5	358	65	Community transmission
Latvia	1427	5894	3125	17	71	38	Clusters of cases
Cyprus	922	4366	3616	1	26	22	Clusters of cases
Andorra	718	4756	61554	6	75	971	Community transmission
Malta	667	6042	13684	12	62	140	Clusters of cases
Estonia	554	4905	3698	0	73	55	Clusters of cases
Iceland	471	4865	14257	1	12	35	Community transmission
Tajikistan	281	11017	1155	1	82	9	Pending
Liechtenstein	193	533	13976	2	3	79	Sporadic cases
San Marino	114	958	28228	0	42	1238	Community transmission
Monaco	63	359	9148	0	2	51	Sporadic cases
Holy See	0	26	32138	0	0	<1	Sporadic cases
Kosovo	2085	19799	10642	20	671	361	Community transmission
Gibraltar	52	693	20569	0	0	<1	Clusters of cases
Jersey	44	574	5276	0	32	294	Community transmission
Faroe Islands	5	495	10130	0	0	<1	Sporadic cases
Isle of Man	5	353	4151	0	24	282	No cases
Guernsey	2	267	4225	0	13	206	Community transmission
Greenland	0	17	299	0	0	<1	No cases
