Reporting Country/Territory/Area	New cases in last 7 days	Cumulative cases	Cumulative cases per 1 million population	New deaths in last 7 days	Cumulative deaths	Cumulative deaths per 1 million population	Transmission classification
Europe	1573354	18495511	19815	35321	412362	442	
Italy	184001	1564532	25876	5102	54363	899	Clusters of cases
Russian Federation	179987	2269316	15550	3348	39527	271	Clusters of cases
Poland	130118	973593	25725	3458	16746	442	Community transmission
Germany	124431	1042700	12445	2101	16123	192	Clusters of cases
The United Kingdom	111789	1605176	23645	3404	58030	855	Community transmission
Ukraine	97935	722679	16525	1262	12213	279	Community transmission
France	80458	2169811	33242	3597	51767	793	Community transmission
Romania	53174	465982	24222	1129	11045	574	Community transmission
Turkey	47107	487912	5785	1154	13373	159	Community transmission
Serbia	46910	163035	23412	316	1484	213	Community transmission
Spain	42528	1628208	34824	939	44668	955	Community transmission
Hungary	36909	211527	21896	872	4672	484	Community transmission
Portugal	34736	290706	28510	539	4363	428	Clusters of cases
Netherlands	34017	512695	29921	455	9313	544	Community transmission
Austria	33366	274275	30453	667	2822	313	Community transmission
Czechia	27899	518649	48431	959	8054	752	Community transmission
Georgia	27636	132368	33182	254	1230	308	Community transmission
Switzerland	24305	317017	36630	598	4236	489	Community transmission
Azerbaijan	24127	114025	11246	216	1323	130	Clusters of cases
Sweden	23505	243129	24074	83	6681	662	Community transmission
Croatia	23283	123693	30130	351	1655	403	Community transmission
Bulgaria	21050	141747	20400	929	3749	540	Clusters of cases
Lithuania	15453	60193	22111	119	493	181	Community transmission
Belgium	15447	576499	49743	807	16536	1427	Community transmission
Greece	12913	103034	9885	696	2223	213	Community transmission
Belarus	10889	133324	14109	54	1143	121	Community transmission
Slovenia	9980	74264	35722	256	913	439	Clusters of cases
Slovakia	9375	104632	19165	154	798	146	Clusters of cases
Republic of Moldova	9163	105852	26240	139	2269	562	Community transmission
Denmark	8719	78354	13527	42	823	142	Community transmission
Armenia	8544	134768	45480	190	2142	723	Community transmission
Bosnia and Herzegovina	7401	86710	26429	330	2576	785	Community transmission
North Macedonia	7092	60723	29146	212	1699	816	Community transmission
Kazakhstan	6421	173806	9256	60	2477	132	Clusters of cases
Albania	4594	36790	12784	102	787	273	Clusters of cases
Israel	4071	332192	38379	47	2831	327	Community transmission
Latvia	3817	16561	8780	40	193	102	Clusters of cases
Luxembourg	3647	33409	53371	40	300	479	Community transmission
Montenegro	3428	34887	55547	48	487	775	Clusters of cases
Norway	3309	34747	6409	22	328	61	Community transmission
Finland	3091	24307	4387	18	393	71	Community transmission
Kyrgyzstan	2846	72427	11101	35	1266	194	Clusters of cases
Estonia	2323	11698	8818	22	109	82	Clusters of cases
Ireland	1799	71942	14570	28	2050	415	Community transmission
Cyprus	1775	10231	8474	5	48	40	Clusters of cases
Uzbekistan	1257	72809	2175	5	608	18	Clusters of cases
Malta	588	9501	21518	21	128	290	Clusters of cases
Andorra	403	6610	85550	0	76	984	Community transmission
Tajikistan	264	12118	1271	0	86	9	Pending
Liechtenstein	164	1273	33380	7	15	393	Sporadic cases
San Marino	159	1586	46732	2	45	1326	Community transmission
Iceland	102	5371	15740	0	26	76	Community transmission
Monaco	26	607	15467	0	3	76	Sporadic cases
Holy See	0	26	32132	0	0	<1	Sporadic cases
Kosovo	4843	38388	20634	85	979	526	Community transmission
Jersey	117	923	8483	0	32	294	Community transmission
Gibraltar	56	999	29652	2	5	148	Clusters of cases
Faroe Islands	3	502	10273	0	0	<1	Sporadic cases
Guernsey	3	286	4526	0	13	206	Community transmission
Isle of Man	1	369	4340	0	25	294	No cases
Greenland	0	18	317	0	0	<1	No cases
