Reporting Country/Territory/Area	New cases in last 7 days	Cumulative cases	Cumulative cases per 1 million population	New deaths in last 7 days	Cumulative deaths	Cumulative deaths per 1 million population	Transmission classification
Eastern Mediterranean	159166	2955552	4044	4035	75133	103	
Iran (Islamic Republic of)	36215	574856	6844	2197	32953	392	Community transmission
Iraq	25629	455398	11322	370	10671	265	Community transmission
Morocco	23550	199745	5412	377	3373	91	Clusters of cases
Jordan	14629	55055	5396	210	624	61	Community transmission
Tunisia	9863	52399	4434	251	983	83	Community transmission
United Arab Emirates	9377	126234	12763	16	480	49	Community transmission
Lebanon	8959	72186	10576	45	579	85	Community transmission
Libya	5584	57223	8328	65	801	117	Community transmission
Kuwait	5444	122317	28642	50	749	175	Community transmission
Pakistan	4037	328602	1488	73	6739	31	Clusters of cases
Oman	3541	113354	22197	76	1190	233	Community transmission
Saudi Arabia	2698	345232	9917	116	5313	153	Sporadic cases
Bahrain	2404	80533	47329	19	316	186	Clusters of cases
Qatar	1738	131432	45619	6	230	80	Community transmission
Egypt	1100	106707	1043	78	6211	61	Clusters of cases
Afghanistan	482	40937	1052	15	1518	39	Clusters of cases
Syrian Arab Republic	326	5461	312	22	272	16	Community transmission
Djibouti	78	5541	5608	0	65	66	Sporadic cases
Somalia	33	3941	248	3	104	7	Sporadic cases
Sudan	31	13747	314	1	837	19	Community transmission
Yemen	5	2064	69	3	600	20	Community transmission
occupied Palestinian territory	3443	62588	12269	42	525	103	Community transmission
