Reporting Country/Territory/Area	New cases in last 7 days	Cumulative cases	Cumulative cases per 1 million population	New deaths in last 7 days	Cumulative deaths	Cumulative deaths per 1 million population	Transmission classification
Europe	291387	4796426	702	3050	225494	33	
France	53471	353986	5423	203	30749	471	Community transmission
Spain	45475	566326	12113	220	29747	636	Clusters of cases
Russian Federation	37306	1062811	7283	758	18578	127	Clusters of cases
The United Kingdom	21010	365178	5379	74	41623	613	Community transmission
Ukraine	18441	154335	3529	332	3178	73	Community transmission
Turkey	11407	289635	3434	379	6999	83	Community transmission
Israel	10878	142213	16430	46	1068	123	Community transmission
Italy	9959	286297	4735	69	35603	589	Clusters of cases
Germany	9443	259428	3096	24	9349	112	Clusters of cases
Romania	8522	102386	5322	277	4127	215	Community transmission
Czechia	7649	35401	3306	22	453	42	Clusters of cases
Netherlands	7147	80937	4724	12	6244	364	Community transmission
Hungary	3933	11825	1224	9	633	66	Community transmission
Austria	3895	32951	3659	19	754	84	Community transmission
Uzbekistan	3566	47042	1406	45	388	12	Clusters of cases
Portugal	3367	63310	6209	22	1860	182	Clusters of cases
Poland	3263	73650	1946	69	2182	58	Community transmission
Republic of Moldova	3241	42714	10589	55	1118	277	Community transmission
Switzerland	2746	46595	5384	11	1742	201	Community transmission
Belgium	2584	91443	7890	13	9919	856	Community transmission
Kazakhstan	2460	136384	7263	70	1948	104	Clusters of cases
Denmark	1669	19216	3318	2	629	109	Community transmission
Greece	1650	13036	1251	22	302	29	Clusters of cases
Croatia	1629	13368	3256	21	218	53	Community transmission
Sweden	1520	86505	8565	11	5846	579	Community transmission
Belarus	1312	73975	7829	39	744	79	Community transmission
Ireland	1196	30730	6223	6	1783	361	Clusters of cases
Montenegro	1101	6706	10677	10	118	188	Clusters of cases
Albania	1083	11185	3887	18	330	115	Clusters of cases
Armenia	1079	45862	15477	19	916	309	Community transmission
Azerbaijan	980	38172	3765	14	559	55	Clusters of cases
Bulgaria	937	17891	2575	52	717	103	Clusters of cases
Slovakia	927	5453	999	1	38	7	Clusters of cases
Bosnia and Herzegovina	820	22254	6783	24	668	204	Community transmission
Norway	746	11866	2189	1	265	49	Clusters of cases
North Macedonia	696	15694	7533	32	646	310	Clusters of cases
Georgia	577	2227	558	0	19	5	Community transmission
Kyrgyzstan	478	44881	6879	2	1063	163	Clusters of cases
Slovenia	472	3603	1733	1	131	63	Clusters of cases
Serbia	451	32300	4638	8	731	105	Community transmission
Luxembourg	305	7159	11437	0	124	198	Community transmission
Finland	287	8512	1536	2	337	61	Community transmission
Tajikistan	257	9014	945	2	72	8	Pending
Lithuania	256	3296	1211	0	86	32	Community transmission
Malta	232	2247	5089	1	15	34	Sporadic cases
Estonia	165	2655	2001	0	64	48	Clusters of cases
Andorra	129	1344	17395	0	53	686	Community transmission
Latvia	39	1464	776	0	35	19	Clusters of cases
Iceland	26	2162	6336	0	10	29	Community transmission
Monaco	22	169	4306	0	1	25	Sporadic cases
Cyprus	16	1523	1261	0	21	17	Clusters of cases
San Marino	6	741	21834	0	42	1238	Community transmission
Liechtenstein	1	109	2858	0	1	26	Sporadic cases
Holy See	0	12	14833	0	0	<1	Sporadic cases
Kosovo	539	14523	7806	33	579	311	Community transmission
Gibraltar	18	323	9587	0	0	<1	Clusters of cases
Faroe Islands	5	418	8554	0	0	<1	Sporadic cases
Guernsey	1	253	4003	0	13	206	Community transmission
Isle of Man	1	337	3963	0	24	282	No cases
Greenland	0	14	247	0	0	<1	No cases
Jersey	-4	380	3493	0	32	294	Community transmission
