Reporting Country/Territory/Area	New cases in last 7 days	Cumulative cases	Cumulative cases per 1 million population	New deaths in last 7 days	Cumulative deaths	Cumulative deaths per 1 million population	Transmission classification
Americas	1845816	28062331	27437	26624	746852	730	
United States of America	1251632	14191298	42874	13767	276503	835	Community transmission
Brazil	295618	6533968	30739	3990	175964	828	Community transmission
Mexico	66095	1156770	8972	3990	108863	844	Community transmission
Colombia	62097	1352607	26583	1253	37467	736	Community transmission
Argentina	47354	1454631	32185	1296	39512	874	Community transmission
Canada	43505	402569	10666	602	12496	331	Community transmission
Peru	12536	970860	29445	356	36195	1098	Community transmission
Panama	11863	173607	40236	124	3154	731	Community transmission
Chile	9727	558668	29225	270	15592	816	Community transmission
Costa Rica	6592	143685	28206	83	1773	348	Community transmission
Ecuador	6482	197391	11188	385	13756	780	Community transmission
Paraguay	6063	86499	12127	93	1813	254	Community transmission
Dominican Republic	5002	147655	13611	17	2345	216	Community transmission
Guatemala	3554	125352	6997	78	4239	237	Community transmission
Honduras	2826	109960	11102	42	2941	297	Community transmission
Venezuela (Bolivarian Republic of)	2353	103877	3653	25	913	32	Community transmission
Belize	1796	7383	18568	29	170	428	Community transmission
Uruguay	1428	6731	1938	6	80	23	Clusters of cases
El Salvador	1313	39718	6123	46	1153	178	Community transmission
Bolivia (Plurinational State of)	831	145325	12450	44	8987	770	Community transmission
Cuba	541	8714	769	3	136	12	Clusters of cases
Jamaica	394	11063	3736	10	261	88	Community transmission
Guyana	291	5601	7121	2	151	192	Clusters of cases
Trinidad and Tobago	149	6735	4812	3	121	86	Community transmission
Haiti	106	9370	822	1	233	20	Community transmission
Bahamas	74	7570	19250	0	163	415	Clusters of cases
Nicaragua	42	4671	705	1	161	24	Community transmission
Saint Lucia	19	265	1443	0	2	11	Sporadic cases
Barbados	15	285	992	0	7	24	Clusters of cases
Suriname	11	5322	9072	0	117	199	Sporadic cases
Antigua and Barbuda	3	144	1470	0	4	41	Sporadic cases
Saint Vincent and the Grenadines	2	87	784	0	0	0	Sporadic cases
Dominica	0	85	1181	0	0	0	Clusters of cases
Grenada	0	41	364	0	0	0	Sporadic cases
Saint Kitts and Nevis	0	22	414	0	0	0	Sporadic cases
Puerto Rico	3951	55532	19411	102	1185	414	Community transmission
Curaçao	694	2740	16698	4	7	43	Community transmission
French Guiana	228	11407	38191	1	71	238	Community transmission
Aruba	132	4923	46110	0	45	421	Community transmission
Martinique	107	5520	14710	1	41	109	Community transmission
United States Virgin Islands	95	1633	15638	0	23	220	Community transmission
Guadeloupe	83	8427	21061	0	149	372	Community transmission
Sint Maarten	64	1105	25768	0	25	583	Community transmission
Saint Martin	54	744	19245	0	12	310	Community transmission
Bermuda	41	288	4625	0	9	145	Clusters of cases
Saint Barthélemy	25	152	15377	0	0	0	Sporadic cases
Cayman Islands	14	288	4382	0	2	30	Sporadic cases
Turks and Caicos Islands	7	755	19500	0	6	155	Clusters of cases
Anguilla	3	7	467	0	0	0	Sporadic cases
Bonaire	3	145	8301	0	3	172	Sporadic cases
British Virgin Islands	1	73	2414	0	1	33	Clusters of cases
Falkland Islands (Malvinas)	0	17	4881	0	0	0	No cases
Montserrat	0	13	2601	0	1	200	No cases
Saba	0	5	3342	0	0	0	No cases
Saint Pierre and Miquelon	0	14	2416	0	0	0	Sporadic cases
Sint Eustatius	0	14	5636	0	0	0	No cases
