Reporting Country/Territory/Area	New cases in last 7 days	Cumulative cases	Cumulative cases per 1 million population	New deaths in last 7 days	Cumulative deaths	Cumulative deaths per 1 million population	Transmission classification
Africa	40990	1398935	1247	834	31450	28	
South Africa	13276	749182	12632	417	20206	341	Community transmission
Kenya	7504	69273	1288	146	1249	23	Community transmission
Algeria	5806	65975	1505	114	2125	48	Community transmission
Ethiopia	3117	102321	890	47	1565	14	Community transmission
Uganda	1723	15789	345	13	144	3	Community transmission
Ghana	1230	50018	1610	0	320	10	Community transmission
Nigeria	1206	64996	315	7	1163	6	Community transmission
Angola	1039	13374	407	19	322	10	Community transmission
Mozambique	763	14340	459	11	110	4	Community transmission
Cabo Verde	489	9780	17590	2	102	183	Community transmission
Botswana	390	8225	3498	0	27	11	Community transmission
Cameroon	350	22692	855	4	433	16	Community transmission
Zimbabwe	315	8786	591	7	257	17	Community transmission
Namibia	279	13449	5293	4	138	54	Community transmission
Democratic Republic of the Congo	243	11759	131	3	318	4	Community transmission
Mali	192	3868	191	2	139	7	Community transmission
Zambia	189	17097	930	1	350	19	Community transmission
Guinea	185	12585	958	1	74	6	Community transmission
Rwanda	181	5394	416	6	42	3	Clusters of cases
Togo	163	2605	315	3	60	7	Community transmission
Mauritania	160	7885	1696	2	165	35	Community transmission
Côte d'Ivoire	144	20945	794	2	128	5	Community transmission
Congo	136	5515	999	0	92	17	Community transmission
Madagascar	122	17233	622	5	249	9	Community transmission
Senegal	111	15779	942	1	327	20	Community transmission
Eswatini	104	6093	5252	2	119	103	Community transmission
Benin	99	2844	235	0	43	4	Community transmission
Burkina Faso	70	2635	126	1	68	3	Community transmission
South Sudan	60	3003	268	0	59	5	Community transmission
Niger	59	1301	54	1	70	3	Community transmission
Liberia	56	1498	296	0	82	16	Community transmission
Chad	48	1591	97	1	100	6	Community transmission
Gabon	40	9062	4071	3	58	26	Community transmission
Central African Republic	21	4900	1015	1	63	13	Community transmission
Gambia	21	3702	1532	2	122	50	Community transmission
Mauritius	18	470	370	0	10	8	Sporadic cases
Comoros	17	574	660	0	7	8	Community transmission
Malawi	16	5964	312	1	185	10	Community transmission
Sierra Leone	16	2389	299	0	74	9	Community transmission
Burundi	14	628	53	0	1	<1	Community transmission
Equatorial Guinea	12	5104	3638	0	85	61	Community transmission
Guinea-Bissau	6	2419	1229	2	43	22	Community transmission
Lesotho	4	1967	918	0	44	21	Community transmission
Seychelles	4	158	1607	0	0	<1	Sporadic cases
Eritrea	2	493	139	0	0	<1	Sporadic cases
Sao Tome and Principe	2	964	4399	0	16	73	Community transmission
United Republic of Tanzania	0	509	9	0	21	<1	Community transmission
Réunion	617	6881	7686	2	29	32	Clusters of cases
Mayotte	371	4921	18038	1	46	169	Clusters of cases
