Reporting Country/Territory/Area	New cases in last 7 days	Cumulative cases	Cumulative cases per 1 million population	New deaths in last 7 days	Cumulative deaths	Cumulative deaths per 1 million population	Transmission classification
Eastern Mediterranean	138751	2605478	3565	3173	66329	91	
Iran (Islamic Republic of)	28134	496253	5908	1547	28293	337	Community transmission
Iraq	24193	400124	9948	443	9790	243	Community transmission
Morocco	18613	149841	4060	279	2572	70	Clusters of cases
Tunisia	10315	31259	2645	180	456	39	Clusters of cases
Jordan	9249	23998	2352	93	181	18	Community transmission
Lebanon	9078	52558	7700	57	455	67	Community transmission
United Arab Emirates	7373	105133	10630	17	443	45	Community transmission
Libya	5599	41686	6067	45	623	91	Community transmission
Oman	5544	104129	20391	74	1009	198	Community transmission
Pakistan	4316	318932	1444	57	6570	30	Clusters of cases
Kuwait	4110	110568	25891	35	655	153	Community transmission
Bahrain	2977	75287	44245	15	273	160	Clusters of cases
Saudi Arabia	2947	338944	9736	168	5018	144	Sporadic cases
Qatar	1439	127778	44351	3	219	76	Community transmission
Egypt	812	104387	1020	70	6040	59	Clusters of cases
Afghanistan	458	39799	1022	15	1477	38	Clusters of cases
Syrian Arab Republic	344	4673	267	17	221	13	Community transmission
Somalia	102	3847	242	0	99	6	Sporadic cases
Sudan	12	13670	312	0	836	19	Community transmission
Yemen	10	2055	69	6	596	20	Community transmission
Djibouti	5	5423	5489	0	61	62	Sporadic cases
occupied Palestinian territory	3121	55134	10808	52	442	87	Community transmission
