Reporting Country/Territory/Area	New cases in last 7 days	Cumulative cases	Cumulative cases per 1 million population	New deaths in last 7 days	Cumulative deaths	Cumulative deaths per 1 million population	Transmission classification
Western Pacific	27197	715300	364	438	15314	8	
Philippines	13481	371630	3391	331	7039	64	Community transmission
Malaysia	6115	27805	859	41	236	7	Clusters of cases
Japan	3878	97498	771	41	1725	14	Clusters of cases
Republic of Korea	637	26043	508	13	460	9	Clusters of cases
China	185	91725	62	0	4746	3	Clusters of cases
Australia	116	27527	1079	1	905	35	Clusters of cases
Singapore	61	57973	9909	0	28	5	Clusters of cases
New Zealand	49	1585	329	0	25	5	Clusters of cases
Viet Nam	34	1169	12	0	35	<1	Clusters of cases
Mongolia	17	339	103	0	0	<1	Sporadic cases
Cambodia	4	288	17	0	0	<1	Sporadic cases
Papua New Guinea	2	588	66	0	7	1	Community transmission
Brunei Darussalam	1	148	338	0	3	7	Sporadic cases
Fiji	1	33	37	0	2	2	Sporadic cases
Lao People's Democratic Republic	1	24	3	0	0	<1	Sporadic cases
Solomon Islands	1	4	6	0	0	<1	Sporadic cases
French Polynesia	2062	6493	23114	6	26	93	Sporadic cases
Guam	549	4308	25525	5	75	444	Clusters of cases
Northern Mariana Islands (Commonwealth of the)	2	92	1598	0	2	35	Pending
Wallis and Futuna	1	1	89	0	0	<1	Sporadic cases
New Caledonia	0	27	95	0	0	<1	Sporadic cases
