Reporting Country/Territory/Area	New cases in last 7 days	Cumulative cases	Cumulative cases per 1 million population	New deaths in last 7 days	Cumulative deaths	Cumulative deaths per 1 million population	Transmission classification
Europe	418719	5662875	829	4547	234681	34	
France	82803	503658	7716	405	31514	483	Community transmission
Russian Federation	48039	1151438	7890	906	20324	139	Clusters of cases
Spain	45123	716481	15324	539	31232	668	Clusters of cases
The United Kingdom	38919	429281	6324	212	41971	618	Community transmission
Israel	25816	214071	24732	98	1395	161	Community transmission
Ukraine	22956	198634	4542	402	3959	91	Community transmission
Netherlands	16680	108521	6333	91	6357	371	Community transmission
Czechia	14988	63294	5910	92	591	55	Community transmission
Germany	12725	284140	3391	71	9457	113	Clusters of cases
Turkey	11618	312966	3711	484	7929	94	Community transmission
Italy	11535	308104	5096	126	35818	592	Clusters of cases
Romania	9685	121235	6302	285	4687	244	Community transmission
Belgium	7827	112709	9725	23	9974	861	Community transmission
Poland	7650	85980	2272	142	2424	64	Community transmission
Hungary	6024	24014	2486	53	736	76	Community transmission
Austria	4992	42940	4768	22	787	87	Community transmission
Portugal	4914	72939	7153	45	1944	191	Clusters of cases
Denmark	4366	26213	4526	13	648	112	Community transmission
Republic of Moldova	4198	50534	12527	78	1279	317	Community transmission
Uzbekistan	3718	54953	1642	25	454	14	Clusters of cases
Switzerland	2576	51747	5979	13	1777	205	Community transmission
Sweden	2526	90923	9003	8	5880	582	Community transmission
Greece	2250	17228	1653	45	376	36	Clusters of cases
Slovakia	2054	8600	1575	5	44	8	Clusters of cases
Ireland	2022	34560	6999	10	1802	365	Community transmission
Armenia	1969	49400	16671	21	951	321	Community transmission
Bosnia and Herzegovina	1903	26795	8167	62	808	246	Community transmission
Belarus	1828	77289	8179	37	813	86	Community transmission
Kazakhstan	1827	140175	7465	44	2043	109	Clusters of cases
Georgia	1752	5254	1317	9	28	7	Community transmission
Montenegro	1445	10284	16374	22	158	252	Clusters of cases
Croatia	1282	16007	3899	25	269	66	Community transmission
Bulgaria	1178	19997	2878	34	789	114	Clusters of cases
Albania	927	13153	4571	17	375	130	Clusters of cases
Slovenia	882	5191	2497	3	136	65	Clusters of cases
Azerbaijan	853	39895	3935	11	585	58	Clusters of cases
Kyrgyzstan	835	46251	7089	0	1063	163	Clusters of cases
North Macedonia	786	17343	8324	32	721	346	Clusters of cases
Norway	761	13406	2473	3	270	50	Clusters of cases
Finland	655	9577	1728	4	343	62	Community transmission
Lithuania	631	4295	1578	2	89	33	Community transmission
Luxembourg	593	8311	13277	0	124	198	Community transmission
Serbia	472	33312	4784	6	746	107	Community transmission
Tajikistan	302	9605	1007	2	75	8	Pending
Iceland	294	2601	7622	0	10	29	Community transmission
Estonia	290	3165	2386	0	64	48	Clusters of cases
Andorra	272	1836	23762	0	53	686	Community transmission
Malta	230	2929	6634	12	29	66	Clusters of cases
Latvia	139	1654	877	0	36	19	Clusters of cases
Cyprus	104	1684	1395	0	22	18	Clusters of cases
Monaco	14	210	5351	0	1	25	Sporadic cases
Liechtenstein	5	117	3068	0	1	26	Sporadic cases
San Marino	4	746	21981	0	42	1238	Community transmission
Holy See	0	12	14833	0	0	<1	Sporadic cases
Kosovo	423	15382	8268	8	609	327	#REF!
Faroe Islands	29	460	9414	0	0	<1	Sporadic cases
Gibraltar	18	364	10804	0	0	<1	Clusters of cases
Jersey	9	402	3695	0	32	294	Community transmission
Guernsey	2	256	4051	0	13	206	Community transmission
Isle of Man	1	340	3998	0	24	282	No cases
Greenland	0	14	247	0	0	<1	No cases
