Reporting Country/Territory/Area	New cases in last 7 days	Cumulative cases	Cumulative cases per 1 million population	New deaths in last 7 days	Cumulative deaths	Cumulative deaths per 1 million population	Transmission classification
South-East Asia	332396	11071129	5477	5004	168458	83	
India	251303	9644222	6989	3486	140182	102	Clusters of cases
Indonesia	41708	569707	2083	943	17589	64	Community transmission
Bangladesh	15260	475879	2890	227	6807	41	Community transmission
Myanmar	9887	96520	1774	194	2059	38	Clusters of cases
Nepal	9162	239885	8233	123	1577	54	Clusters of cases
Sri Lanka	4727	27228	1272	30	137	6	Clusters of cases
Maldives	212	13159	24344	1	47	87	Clusters of cases
Thailand	106	4072	58	0	60	1	Clusters of cases
Bhutan	30	426	552	0	0	0	Sporadic cases
Timor-Leste	1	31	24	0	0	0	Sporadic cases
