WHO Region	New cases in last 7 days (%)	Change in new cases in last 7 days	Cumulative cases (%)	New deaths in last 7 days (%)	Change in new deaths in last 7 days	Cumulative deaths (%)
Europe	1732918 (52%)	24%	11088612 (24%)	17396 (39%)	46%	285402 (24%)
Americas	999652 (30%)	13%	20477535 (45%)	17267 (38%)	2%	639353 (54%)
South-East Asia	381422 (11%)	-14%	9251788 (20%)	4657 (10%)	-19%	144194 (12%)
Eastern Mediterranean	181857 (5%)	14%	3092037 (7%)	4693 (10%)	16%	78599 (7%)
Africa	32943 (1%)	3%	1324258 (3%)	640 (1%)	-23%	29785 (2%)
Western Pacific	26473 (1%)	-3%	733828 (2%)	398 (1%)	-9%	15565 (1%)
Global	3355265 (100%)	14%	45968799 (100%)	45051 (100%)	13%	1192911 (100%)
