Reporting Country/Territory/Area	New cases in last 7 days	Cumulative cases	Cumulative cases per 1 million population	New deaths in last 7 days	Cumulative deaths	Cumulative deaths per 1 million population	Transmission classification
Africa	33687	1357945	1210	831	30616	27	
South Africa	10454	735906	12408	513	19789	334	Community transmission
Kenya	6577	61769	1149	107	1103	21	Community transmission
Ethiopia	3035	99204	863	49	1518	13	Community transmission
Algeria	2518	60169	1372	55	2011	46	Community transmission
Uganda	1571	14066	308	20	131	3	Community transmission
Angola	1530	12335	375	19	303	9	Community transmission
Botswana	1193	7835	3332	3	27	11	Community transmission
Nigeria	937	63790	309	12	1156	6	Community transmission
Ghana	733	48788	1570	0	320	10	Community transmission
Mozambique	708	13577	434	7	99	3	Community transmission
Cameroon	549	22342	842	3	429	16	Community transmission
Cabo Verde	498	9291	16711	5	100	180	Community transmission
Zambia	476	16908	920	0	349	19	Community transmission
Guinea	328	12400	944	1	73	6	Community transmission
Namibia	235	13170	5183	1	134	53	Community transmission
Democratic Republic of the Congo	211	11516	129	8	315	4	Community transmission
Togo	146	2442	295	2	57	7	Community transmission
Mali	122	3676	182	1	137	7	Community transmission
Côte d'Ivoire	109	20801	789	2	126	5	Community transmission
Zimbabwe	104	8471	570	7	250	17	Community transmission
Benin	102	2745	226	2	43	4	Community transmission
Congo	89	5379	975	0	92	17	Community transmission
Rwanda	76	5213	402	1	36	3	Clusters of cases
Eswatini	72	5989	5162	0	117	101	Community transmission
Burkina Faso	65	2565	123	0	67	3	Community transmission
Mauritania	62	7725	1661	0	163	35	Community transmission
Chad	60	1543	94	1	99	6	Community transmission
Gabon	54	9022	4053	0	55	25	Community transmission
Senegal	52	15668	936	2	326	19	Community transmission
Eritrea	28	491	138	0	0	<1	Sporadic cases
Comoros	27	557	641	0	7	8	Community transmission
Burundi	25	614	52	0	1	<1	Community transmission
Niger	22	1242	51	0	69	3	Community transmission
Malawi	18	5948	311	0	184	10	Community transmission
Sao Tome and Principe	17	962	4390	0	16	73	Community transmission
South Sudan	17	2943	263	0	59	5	Community transmission
Lesotho	16	1963	916	1	44	21	Community transmission
Liberia	16	1442	285	0	82	16	Community transmission
Central African Republic	13	4879	1010	0	62	13	Community transmission
Gambia	11	3681	1523	1	120	50	Community transmission
Mauritius	11	452	355	0	10	8	Sporadic cases
Sierra Leone	7	2373	297	0	74	9	Community transmission
Equatorial Guinea	4	5092	3629	2	85	61	Community transmission
Guinea-Bissau	0	2413	1226	0	41	21	Community transmission
Madagascar	0	17111	618	0	244	9	Community transmission
Seychelles	0	154	1566	0	0	<1	Sporadic cases
United Republic of Tanzania	0	509	9	0	21	<1	Community transmission
Réunion	605	6264	6996	5	27	30	Clusters of cases
Mayotte	184	4550	16678	1	45	165	Clusters of cases
