Reporting Country/Territory/Area	New cases in last 7 days	Cumulative cases	Cumulative cases per 1 million population	New deaths in last 7 days	Cumulative deaths	Cumulative deaths per 1 million population	Transmission classification
Africa	48483	1494524	1332	974	33512	30	
South Africa	19730	785139	13238	594	21439	361	Community transmission
Algeria	7438	81212	1852	135	2393	55	Community transmission
Kenya	6201	82605	1536	79	1445	27	Community transmission
Ethiopia	3578	108930	948	59	1695	15	Community transmission
Uganda	2277	19944	436	33	201	4	Community transmission
Nigeria	1102	67330	327	5	1171	6	Community transmission
Zimbabwe	702	9822	661	10	275	19	Community transmission
Angola	674	15087	459	9	345	10	Community transmission
Mozambique	605	15586	499	6	129	4	Community transmission
Cameroon	589	24117	909	2	437	16	Community transmission
Ghana	505	51379	1653	0	323	10	Community transmission
Namibia	474	14285	5622	7	150	59	Community transmission
Democratic Republic of the Congo	428	12607	141	6	333	4	Community transmission
Botswana	398	9992	4249	0	31	13	Community transmission
Mali	361	4567	226	6	149	7	Community transmission
Mauritania	349	8424	1812	3	172	37	Community transmission
Cabo Verde	292	10526	18932	0	104	187	Community transmission
Rwanda	252	5872	453	1	47	4	Clusters of cases
Guinea	241	13039	993	1	76	6	Community transmission
Eswatini	201	6406	5522	2	121	104	Community transmission
Zambia	195	17589	957	1	357	19	Community transmission
Senegal	162	16027	957	2	332	20	Community transmission
Togo	155	2926	353	1	64	8	Community transmission
Congo	142	5774	1046	1	94	17	Community transmission
Côte d'Ivoire	135	21261	806	2	131	5	Community transmission
Niger	121	1472	61	0	70	3	Community transmission
Burkina Faso	113	2816	135	0	68	3	Community transmission
Gabon	60	9191	4129	0	59	27	Community transmission
Benin	58	2974	245	0	43	4	Community transmission
South Sudan	57	3104	277	1	61	5	Community transmission
Lesotho	51	2109	984	0	44	21	Community transmission
Liberia	41	1595	315	1	83	16	Community transmission
Madagascar	31	17341	626	1	251	9	Community transmission
Chad	30	1663	101	0	101	6	Community transmission
Eritrea	26	577	163	0	0	<1	Sporadic cases
Equatorial Guinea	23	5153	3673	0	85	61	Community transmission
Malawi	22	6025	315	0	185	10	Community transmission
Burundi	19	681	57	0	1	<1	Community transmission
Comoros	18	610	701	0	7	8	Community transmission
Seychelles	11	172	1749	0	0	<1	Sporadic cases
Mauritius	10	501	394	0	10	8	Clusters of cases
Gambia	8	3734	1545	0	123	51	Community transmission
Sao Tome and Principe	6	985	4494	0	17	78	Community transmission
Sierra Leone	5	2410	302	0	74	9	Community transmission
Central African Republic	2	4913	1017	0	63	13	Community transmission
Guinea-Bissau	1	2422	1231	0	43	22	Community transmission
United Republic of Tanzania	0	509	9	0	21	<1	Community transmission
Réunion	439	7940	8868	5	40	45	Clusters of cases
Mayotte	145	5181	18991	1	49	180	Clusters of cases
