Reporting Country/Territory/Area	New cases in last 7 days	Cumulative cases	Cumulative cases per 1 million population	New deaths in last 7 days	Cumulative deaths	Cumulative deaths per 1 million population	Transmission classification
Americas	766526	16233110	2409	19027	546864	81	
United States of America	298149	6960152	21027	5036	202478	612	Community transmission
Brazil	194430	4689613	22063	4744	140537	661	Community transmission
Argentina	77577	691235	15294	2503	15208	336	Community transmission
Colombia	47846	798317	15689	1253	25103	493	Community transmission
Peru	38172	794584	24099	754	32037	972	Community transmission
Mexico	31904	720858	5591	3041	75844	588	Community transmission
Chile	11305	455979	23853	337	12591	659	Community transmission
Canada	8545	150456	3986	50	9255	245	Community transmission
Costa Rica	8442	70816	13902	126	812	159	Community transmission
Ecuador	8361	133981	7594	184	11273	639	Community transmission
Venezuela (Bolivarian Republic of)	6099	71273	2506	61	591	21	Community transmission
Paraguay	5099	37226	5219	150	761	107	Community transmission
Panama	4552	109431	25362	82	2311	536	Community transmission
Guatemala	4550	89702	5007	108	3213	179	Community transmission
Dominican Republic	3257	110957	10228	49	2093	193	Community transmission
Honduras	3229	73840	7455	125	2271	229	Community transmission
Bolivia (Plurinational State of)	3171	133222	11413	250	7800	668	Community transmission
Jamaica	1096	5854	1977	28	88	30	Community transmission
El Salvador	987	28415	4381	18	826	127	Community transmission
Bahamas	613	3790	9638	20	89	226	Clusters of cases
Guyana	607	2709	3444	11	73	93	Clusters of cases
Trinidad and Tobago	546	4285	3062	10	70	50	Community transmission
Cuba	357	5412	478	7	120	11	Clusters of cases
Belize	218	1808	4547	3	23	58	Community transmission
Suriname	126	4817	8211	6	102	174	Community transmission
Nicaragua	86	4065	614	2	149	22	Community transmission
Haiti	84	8684	762	6	227	20	Community transmission
Uruguay	77	1967	566	1	47	14	Clusters of cases
Barbados	5	190	661	0	7	24	Clusters of cases
Antigua and Barbuda	3	98	1001	0	3	31	Sporadic cases
Saint Kitts and Nevis	2	19	357	0	0	<1	No cases
Dominica	0	24	333	0	0	<1	Clusters of cases
Grenada	0	24	213	0	0	<1	No cases
Saint Lucia	0	27	147	0	0	<1	Sporadic cases
Saint Vincent and the Grenadines	0	64	577	0	0	<1	Sporadic cases
Puerto Rico	4420	45413	15874	37	642	224	Community transmission
Guadeloupe	1528	4954	12381	16	42	105	Community transmission
Aruba	374	3756	35180	2	25	234	Community transmission
Martinique	176	1298	3459	2	20	53	Community transmission
French Guiana	171	9863	33022	0	65	218	Community transmission
Curaçao	105	315	1920	0	1	6	Community transmission
United States Virgin Islands	54	1296	12411	0	19	182	Community transmission
Saint Martin	53	383	9907	2	8	207	Community transmission
Sint Maarten	53	618	14412	3	22	513	Community transmission
Bonaire, Sint Eustatius and Saba	49	85	3242	0	1	38	Sporadic cases
Saint Barthélemy	25	48	4856	0	0	<1	Sporadic cases
Turks and Caicos Islands	13	680	17563	0	5	129	Clusters of cases
Saint Pierre and Miquelon	5	16	2761	0	0	<1	Community transmission
Bermuda	3	181	2907	0	9	145	Sporadic cases
Cayman Islands	2	210	3195	0	1	15	Sporadic cases
Anguilla	0	3	200	0	0	<1	No cases
British Virgin Islands	0	71	2348	0	1	33	Clusters of cases
Falkland Islands (Malvinas)	0	13	3732	0	0	<1	No cases
Montserrat	0	13	2601	0	1	200	No cases
