Reporting Country/Territory/Area	New cases in last 7 days	Cumulative cases	Cumulative cases per 1 million population	New deaths in last 7 days	Cumulative deaths	Cumulative deaths per 1 million population	Transmission classification
Americas	1603498	24563600	24017	22005	697740	682	
United States of America	1147581	11789012	35616	9918	252460	763	Community transmission
Brazil	209512	6020164	28322	3876	168613	793	Community transmission
Argentina	62664	1359042	30070	1745	36790	814	Community transmission
Colombia	50747	1233444	24241	1260	34929	686	Community transmission
Canada	33401	320719	8498	506	11334	300	Community transmission
Mexico	28576	1025969	7957	3199	100823	782	Community transmission
Peru	13437	946087	28694	378	35484	1076	Community transmission
Chile	9467	539143	28203	253	15030	786	Community transmission
Panama	7812	152289	35295	76	2932	680	Community transmission
Costa Rica	7295	129418	25405	71	1608	316	Community transmission
Ecuador	5249	184876	10479	142	13139	745	Community transmission
Paraguay	4666	75058	10523	91	1647	231	Community transmission
Dominican Republic	4545	137770	12700	26	2308	213	Community transmission
Guatemala	3698	118417	6610	154	4074	227	Community transmission
Venezuela (Bolivarian Republic of)	2576	99017	3482	22	866	30	Community transmission
Honduras	2100	104179	10518	35	2855	288	Community transmission
El Salvador	892	37250	5743	31	1070	165	Community transmission
Bolivia (Plurinational State of)	785	143854	12324	65	8900	762	Community transmission
Uruguay	594	4477	1289	5	69	20	Clusters of cases
Jamaica	460	10240	3458	8	237	80	Community transmission
Belize	341	5056	12715	22	107	269	Community transmission
Guyana	281	5005	6363	5	143	182	Clusters of cases
Trinidad and Tobago	281	6261	4474	2	113	81	Community transmission
Cuba	230	7798	688	1	132	12	Clusters of cases
Bahamas	204	7367	18734	8	163	415	Clusters of cases
Nicaragua	50	4583	692	1	159	24	Community transmission
Haiti	46	9214	808	0	232	20	Community transmission
Saint Lucia	43	203	1106	0	2	11	Sporadic cases
Suriname	21	5289	9016	2	116	198	Sporadic cases
Grenada	9	41	364	0	0	<1	Sporadic cases
Antigua and Barbuda	6	139	1419	0	4	41	Sporadic cases
Barbados	6	255	887	0	7	24	Clusters of cases
Saint Vincent and the Grenadines	6	84	757	0	0	<1	Sporadic cases
Dominica	4	72	1000	0	0	<1	Clusters of cases
Saint Kitts and Nevis	0	19	357	0	0	<1	No cases
Puerto Rico	4662	46434	16231	91	1012	354	Community transmission
Martinique	359	5091	13566	2	39	104	Community transmission
Curaçao	346	1561	9513	1	3	18	Community transmission
French Guiana	170	11014	36875	0	70	234	Community transmission
Guadeloupe	127	8225	20556	5	144	360	Community transmission
Sint Maarten	59	973	22690	1	24	560	Community transmission
United States Virgin Islands	57	1491	14278	0	23	220	Community transmission
Aruba	54	4693	43956	2	45	421	Community transmission
Saint Martin	35	690	17848	0	12	310	Community transmission
Saint Barthélemy	18	127	12848	0	0	<1	Sporadic cases
Turks and Caicos Islands	10	726	18751	0	6	155	Clusters of cases
Cayman Islands	7	261	3971	1	2	30	Sporadic cases
Bermuda	5	227	3645	0	9	145	Sporadic cases
Bonaire	3	139	7957	0	3	172	Sporadic cases
Falkland Islands (Malvinas)	1	16	4594	0	0	<1	No cases
Anguilla	0	3	200	0	0	<1	No cases
British Virgin Islands	0	72	2381	0	1	33	Clusters of cases
Montserrat	0	13	2601	0	1	200	No cases
Saba	0	5	3342	0	0	<1	No cases
Saint Pierre and Miquelon	0	14	2416	0	0	<1	Sporadic cases
Sint Eustatius	0	14	5636	0	0	<1	No cases
