Reporting Country/Territory/Area	New cases in last 7 days	Cumulative cases	Cumulative cases per 1 million population	New deaths in last 7 days	Cumulative deaths	Cumulative deaths per 1 million population	Transmission classification
Americas	854959	13138912	1950	23178	461754	69	
United States of America	288304	5855521	17690	6443	180689	546	Community transmission
Brazil	272473	3804803	17900	6146	119504	562	Community transmission
Colombia	68382	590520	11605	2199	18767	369	Community transmission
Argentina	62966	392009	8674	1510	8305	184	Community transmission
Peru	53894	629961	19106	1226	28471	863	Community transmission
Mexico	36004	585738	4543	3536	63146	490	Community transmission
Chile	12301	408009	21344	389	11181	585	Community transmission
Bolivia (Plurinational State of)	6974	114409	9801	480	4846	415	Community transmission
Costa Rica	6351	38485	7555	67	407	80	Community transmission
Panama	6232	90624	21003	107	1966	456	Community transmission
Guatemala	5823	73679	4113	148	2728	152	Community transmission
Ecuador	5817	112906	6399	260	6537	371	Community transmission
Venezuela (Bolivarian Republic of)	5691	43879	1543	41	358	13	Community transmission
Honduras	5429	58810	5938	195	1827	184	Community transmission
Paraguay	3338	15874	2226	98	280	39	Community transmission
Dominican Republic	3165	93726	8640	119	1673	154	Community transmission
Canada	2986	127358	3374	44	9108	241	Community transmission
El Salvador	1117	25537	3937	54	708	109	Community transmission
Trinidad and Tobago	678	1577	1127	6	19	14	Community transmission
Jamaica	665	2011	679	3	19	6	Clusters of cases
Suriname	388	3848	6559	10	66	113	Community transmission
Bahamas	354	2057	5231	13	40	102	Clusters of cases
Cuba	308	3925	347	5	94	8	Clusters of cases
Guyana	299	1180	1500	5	35	44	Clusters of cases
Belize	222	870	2188	7	12	30	Community transmission
Haiti	124	8174	717	5	201	18	Community transmission
Nicaragua	119	3659	552	4	137	21	Community transmission
Uruguay	40	1556	448	1	43	12	Clusters of cases
Barbados	9	166	578	0	7	24	Clusters of cases
Saint Vincent and the Grenadines	2	60	541	0	0	<1	Sporadic cases
Dominica	1	20	278	0	0	<1	Clusters of cases
Antigua and Barbuda	0	94	960	0	3	31	Clusters of cases
Grenada	0	24	213	0	0	<1	Clusters of cases
Saint Kitts and Nevis	0	17	320	0	0	<1	No cases
Saint Lucia	0	26	142	0	0	<1	Sporadic cases
Puerto Rico	2973	32550	11378	47	428	150	Community transmission
Aruba	461	1848	17309	2	8	75	Community transmission
French Guiana	279	9076	30387	3	58	194	Community transmission
United States Virgin Islands	186	1118	10706	4	14	134	Community transmission
Guadeloupe	164	935	2337	0	15	37	Clusters of cases
Turks and Caicos Islands	143	490	12656	1	3	77	Clusters of cases
Martinique	132	596	1588	0	16	43	Clusters of cases
Sint Maarten	91	444	10354	0	17	396	Community transmission
Saint Martin	37	213	5510	0	5	129	Sporadic cases
Curaçao	18	55	335	0	1	6	Sporadic cases
British Virgin Islands	14	35	1158	0	1	33	Sporadic cases
Bonaire, Sint Eustatius and Saba	2	15	572	0	0	<1	Sporadic cases
Saint Barthélemy	2	18	1821	0	0	<1	Sporadic cases
Bermuda	1	168	2698	0	9	145	Sporadic cases
Anguilla	0	3	200	0	0	<1	No cases
Cayman Islands	0	205	3119	0	1	15	Sporadic cases
Falkland Islands (Malvinas)	0	13	3732	0	0	<1	No cases
Montserrat	0	13	2601	0	1	200	No cases
Saint Pierre and Miquelon	0	5	863	0	0	<1	Sporadic cases
