Reporting Country/Territory/Area	New cases in last 7 days	Cumulative cases	Cumulative cases per 1 million population	New deaths in last 7 days	Cumulative deaths	Cumulative deaths per 1 million population	Transmission classification
South-East Asia	474368	3040168		7306	59875		
India	436672	2589682	1877	6601	49980	36	Clusters of cases
Bangladesh	19412	274525	1667	260	3625	22	Community transmission
Indonesia	13965	137468	503	413	6071	22	Community transmission
Nepal	3427	26019	893	29	102	4	Clusters of cases
Maldives	781	5679	10506	3	22	41	Clusters of cases
Sri Lanka	45	2886	135	0	11	1	Clusters of cases
Thailand	26	3377	48	0	58	1	Clusters of cases
Bhutan	25	133	172	0	0	<1	Sporadic cases
Myanmar	15	374	7	0	6	<1	Sporadic cases
Timor-Leste	0	25	19	0	0	<1	No cases
