Reporting Country/Territory/Area	New cases in last 7 days	Cumulative cases	Cumulative cases per 1 million population	New deaths in last 7 days	Cumulative deaths	Cumulative deaths per 1 million population	Transmission classification
Africa	47106	1446041	1289	1088	32538	29	
South Africa	16227	765409	12906	639	20845	351	Community transmission
Algeria	7799	73774	1682	133	2258	51	Community transmission
Kenya	7131	76404	1421	117	1366	25	Community transmission
Ethiopia	3031	105352	916	71	1636	14	Community transmission
Uganda	1878	17667	386	24	168	4	Community transmission
Botswana	1369	9594	4080	4	31	13	Community transmission
Nigeria	1232	66228	321	3	1166	6	Community transmission
Angola	1039	14413	439	14	336	10	Community transmission
Ghana	856	50874	1637	3	323	10	Community transmission
Cameroon	836	23528	886	2	435	16	Community transmission
Mozambique	641	14981	479	13	123	4	Community transmission
Cabo Verde	454	10234	18407	2	104	187	Community transmission
Democratic Republic of the Congo	420	12179	136	9	327	4	Community transmission
Namibia	362	13811	5435	5	143	56	Community transmission
Mali	338	4206	208	4	143	7	Community transmission
Zimbabwe	334	9120	614	8	265	18	Community transmission
Zambia	297	17394	946	6	356	19	Community transmission
Rwanda	226	5620	434	4	46	4	Clusters of cases
Guinea	213	12798	975	1	75	6	Community transmission
Mauritania	190	8075	1737	4	169	36	Community transmission
Côte d'Ivoire	181	21126	801	1	129	5	Community transmission
Togo	166	2771	335	3	63	8	Community transmission
Congo	117	5632	1021	1	93	17	Community transmission
Eswatini	112	6205	5348	0	119	103	Community transmission
Lesotho	91	2058	961	0	44	21	Community transmission
Senegal	86	15865	948	3	330	20	Community transmission
Madagascar	77	17310	625	1	250	9	Community transmission
Benin	72	2916	241	0	43	4	Community transmission
Gabon	69	9131	4102	1	59	27	Community transmission
Burkina Faso	68	2703	129	0	68	3	Community transmission
Eritrea	58	551	155	0	0	<1	Sporadic cases
Liberia	56	1554	307	0	82	16	Community transmission
Niger	50	1351	56	0	70	3	Community transmission
South Sudan	44	3047	272	1	60	5	Community transmission
Chad	42	1633	99	1	101	6	Community transmission
Malawi	39	6003	314	0	185	10	Community transmission
Burundi	34	662	56	0	1	<1	Community transmission
Equatorial Guinea	26	5130	3656	0	85	61	Community transmission
Gambia	24	3726	1542	1	123	51	Community transmission
Mauritius	21	491	386	0	10	8	Sporadic cases
Comoros	18	592	681	0	7	8	Community transmission
Sierra Leone	16	2405	301	0	74	9	Community transmission
Sao Tome and Principe	15	979	4467	1	17	78	Community transmission
Central African Republic	11	4911	1017	0	63	13	Community transmission
Seychelles	3	161	1637	0	0	<1	Sporadic cases
Guinea-Bissau	2	2421	1230	0	43	22	Community transmission
United Republic of Tanzania	0	509	9	0	21	<1	Community transmission
Réunion	620	7501	8378	6	35	39	Clusters of cases
Mayotte	115	5036	18459	2	48	176	Clusters of cases
