Reporting Country/Territory/Area	New cases in last 7 days	Cumulative cases	Cumulative cases per 1 million population	New deaths in last 7 days	Cumulative deaths	Cumulative deaths per 1 million population	Transmission classification
Europe	360601	5195853	760	4072	229802	34	
France	66869	420855	6448	360	31109	477	Community transmission
Spain	50696	640040	13689	596	30495	652	Clusters of cases
Russian Federation	40588	1103399	7561	840	19418	133	Clusters of cases
The United Kingdom	25184	390362	5750	136	41759	615	Community transmission
Israel	23346	176452	20386	65	1176	136	Community transmission
Ukraine	21343	175678	4017	379	3557	81	Community transmission
Czechia	12905	48306	4511	46	499	47	Clusters of cases
Germany	11987	271415	3239	37	9386	112	Clusters of cases
Turkey	11713	301348	3573	446	7445	88	Community transmission
Netherlands	10904	91841	5360	22	6266	366	Community transmission
Italy	10272	296569	4905	89	35692	590	Clusters of cases
Romania	9164	111550	5799	275	4402	229	Community transmission
Hungary	6165	17990	1862	50	683	71	Community transmission
Belgium	5764	100654	8685	17	9944	858	Community transmission
Austria	4997	37948	4213	11	765	85	Community transmission
Portugal	4715	68025	6671	39	1899	186	Clusters of cases
Poland	4680	78330	2070	100	2282	60	Community transmission
Uzbekistan	4193	51235	1531	41	429	13	Clusters of cases
Republic of Moldova	3622	46336	11486	83	1201	298	Community transmission
Denmark	2631	21847	3772	6	635	110	Community transmission
Switzerland	2576	49171	5681	22	1764	204	Community transmission
Kazakhstan	1964	138348	7368	51	1999	106	Clusters of cases
Greece	1942	14978	1437	29	331	32	Clusters of cases
Ireland	1808	32538	6590	9	1792	363	Community transmission
Bosnia and Herzegovina	1758	24892	7587	63	746	227	Community transmission
Armenia	1569	47431	16006	14	930	314	Community transmission
Belarus	1486	75461	7986	32	776	82	Community transmission
Montenegro	1408	8114	12919	16	134	213	Clusters of cases
Croatia	1357	14725	3587	26	244	59	Community transmission
Georgia	1275	3502	878	0	19	5	Community transmission
Sweden	1177	88237	8737	1	5865	581	Community transmission
Slovakia	1093	6546	1199	1	39	7	Clusters of cases
Albania	1041	12226	4248	28	358	124	Clusters of cases
Bulgaria	928	18819	2708	38	755	109	Clusters of cases
Azerbaijan	870	39042	3851	15	574	57	Clusters of cases
North Macedonia	863	16557	7947	43	689	331	Clusters of cases
Norway	779	12645	2332	2	267	49	Clusters of cases
Slovenia	706	4309	2073	2	133	64	Clusters of cases
Luxembourg	559	7718	12330	0	124	198	Community transmission
Serbia	540	32840	4716	9	740	106	Community transmission
Kyrgyzstan	535	45416	6961	0	1063	163	Clusters of cases
Finland	410	8922	1610	2	339	61	Community transmission
Lithuania	368	3664	1346	1	87	32	Community transmission
Malta	359	2634	5965	2	17	39	Clusters of cases
Tajikistan	289	9303	975	1	73	8	Pending
Andorra	220	1564	20242	0	53	686	Community transmission
Estonia	220	2875	2167	0	64	48	Clusters of cases
Iceland	145	2307	6761	0	10	29	Community transmission
Cyprus	57	1580	1309	1	22	18	Clusters of cases
Latvia	51	1515	803	1	36	19	Clusters of cases
Monaco	18	192	4892	0	1	25	Sporadic cases
Liechtenstein	3	112	2937	0	1	26	Sporadic cases
San Marino	1	742	21863	0	42	1238	Community transmission
Holy See	0	12	14833	0	0	<1	Sporadic cases
Kosovo	436	14959	8041	25	604	325	Community transmission
Gibraltar	23	346	10270	0	0	<1	Clusters of cases
Faroe Islands	13	431	8820	0	0	<1	Sporadic cases
Jersey	13	393	3612	0	32	294	Community transmission
Isle of Man	2	339	3987	0	24	282	No cases
Guernsey	1	254	4019	0	13	206	Community transmission
Greenland	0	14	247	0	0	<1	No cases
