Reporting Country/Territory/Area	New cases in last 7 days	Cumulative cases	Cumulative cases per 1 million population	New deaths in last 7 days	Cumulative deaths	Cumulative deaths per 1 million population	Transmission classification
Western Pacific	30074	546552	94	680	11886	2	
Philippines	23293	257863	2353	502	4292	39	Community transmission
Japan	3799	75218	595	82	1439	11	Clusters of cases
Republic of Korea	999	22176	433	24	358	7	Clusters of cases
Malaysia	477	9868	305	0	128	4	Clusters of cases
Australia	400	26607	1043	55	803	31	Clusters of cases
Singapore	375	57357	9804	0	27	5	Clusters of cases
China	149	90666	62	6	4741	3	Clusters of cases
New Zealand	25	1446	300	0	24	5	Clusters of cases
Papua New Guinea	20	508	57	0	5	1	Community transmission
Viet Nam	11	1060	11	0	35	<1	Clusters of cases
Cambodia	1	275	16	0	0	<1	Sporadic cases
Fiji	1	32	36	0	2	2	Sporadic cases
Lao People's Democratic Republic	1	23	3	0	0	<1	Sporadic cases
Mongolia	1	311	95	0	0	<1	Sporadic cases
Brunei Darussalam	0	145	331	0	3	7	Sporadic cases
French Polynesia	300	1020	3631	2	2	7	Sporadic cases
Guam	220	1891	11204	9	25	148	Clusters of cases
Northern Mariana Islands (Commonwealth of the)	2	60	1042	0	2	35	Pending
New Caledonia	0	26	91	0	0	<1	Sporadic cases
