Reporting Country/Territory/Area	New cases in last 7 days	Cumulative cases	Cumulative cases per 1 million population	New deaths in last 7 days	Cumulative deaths	Cumulative deaths per 1 million population	Transmission classification
Europe	1771673	16873383	18077	32684	375368	402	
Italy	235979	1380531	22833	4578	49261	815	Clusters of cases
France	171008	2089353	32009	4257	48170	738	Community transmission
Russian Federation	163504	2089329	14317	2993	36179	248	Clusters of cases
Poland	152357	843475	22287	3243	13288	351	Community transmission
The United Kingdom	149027	1493387	21998	2860	54626	805	Community transmission
Germany	127766	918269	10960	1537	14022	167	Clusters of cases
Ukraine	88887	624744	14285	1348	10951	250	Community transmission
Spain	64540	1556730	33296	1191	42619	912	Community transmission
Romania	59623	412808	21458	1103	9916	515	Community transmission
Portugal	44704	255970	25103	519	3824	375	Clusters of cases
Austria	42693	240909	26749	526	2155	239	Community transmission
Netherlands	36751	478678	27936	426	8858	517	Community transmission
Serbia	35039	116125	16676	179	1168	168	Community transmission
Hungary	33657	174618	18076	703	3800	393	Community transmission
Czechia	32521	490750	45826	1037	7095	663	Community transmission
Turkey	29750	440805	5227	801	12219	145	Community transmission
Switzerland	29038	289483	33448	546	3567	412	Community transmission
Georgia	25054	104732	26254	273	976	245	Community transmission
Sweden	23307	208295	20625	99	6406	634	Community transmission
Bulgaria	23262	120697	17370	729	2820	406	Clusters of cases
Belgium	19148	556808	48044	970	15522	1339	Community transmission
Croatia	18566	100410	24459	298	1304	318	Community transmission
Greece	17611	90121	8646	492	1527	147	Community transmission
Azerbaijan	16469	89898	8866	161	1107	109	Clusters of cases
Lithuania	11353	44740	16435	108	374	137	Community transmission
Belarus	11129	123999	13123	57	1096	116	Community transmission
Slovenia	10162	64284	30922	157	657	316	Clusters of cases
Slovakia	9690	95257	17447	134	644	118	Clusters of cases
Armenia	8887	126224	42597	189	1952	659	Community transmission
Denmark	8557	69635	12022	24	781	135	Community transmission
Bosnia and Herzegovina	8409	79309	24174	389	2246	685	Community transmission
Republic of Moldova	7917	96689	23969	124	2130	528	Community transmission
North Macedonia	7569	53631	25742	206	1487	714	Community transmission
Kazakhstan	5377	166625	8874	0	2365	126	Clusters of cases
Albania	4963	32196	11188	73	685	238	Clusters of cases
Norway	4212	31438	5799	12	306	56	Community transmission
Israel	3871	327327	37817	13	2744	317	Community transmission
Luxembourg	3831	29762	47545	41	260	415	Community transmission
Montenegro	3121	30780	49008	43	434	691	Clusters of cases
Kyrgyzstan	3077	69581	10665	32	1231	189	Clusters of cases
Ireland	2617	70143	14205	44	2022	409	Community transmission
Latvia	2513	12744	6756	32	153	81	Clusters of cases
Estonia	2227	9375	7067	7	87	66	Clusters of cases
Finland	2114	21216	3829	6	375	68	Community transmission
Uzbekistan	1450	71552	2138	5	603	18	Clusters of cases
Cyprus	1405	8456	7004	4	43	36	Clusters of cases
Malta	643	8560	19387	9	104	236	Clusters of cases
Andorra	482	6207	80334	1	76	984	Community transmission
Tajikistan	281	11854	1243	1	86	9	Pending
San Marino	174	1427	42047	1	43	1267	Community transmission
Liechtenstein	139	1109	29079	4	8	210	Sporadic cases
Iceland	83	5269	15441	1	26	76	Community transmission
Monaco	33	581	14805	1	3	76	Sporadic cases
Holy See	0	26	32138	0	0	<1	Sporadic cases
Kosovo	4972	33545	18031	95	894	481	Community transmission
Gibraltar	67	943	27990	2	3	89	Clusters of cases
Jersey	78	806	7408	0	32	294	Community transmission
Isle of Man	5	368	4328	0	25	294	No cases
Guernsey	1	283	4478	0	13	206	Community transmission
Faroe Islands	2	499	10212	0	0	<1	Sporadic cases
Greenland	1	18	317	0	0	<1	No cases
