Reporting Country/Territory/Area	New cases in last 7 days	Cumulative cases	Cumulative cases per 1 million population	New deaths in last 7 days	Cumulative deaths	Cumulative deaths per 1 million population	Transmission classification
South-East Asia	616795	4689943	813	8124	83400	14	
India	571078	4113811	2981	7128	70626	51	Clusters of cases
Indonesia	21470	190665	697	679	7940	29	Community transmission
Bangladesh	14640	323565	1965	241	4447	27	Community transmission
Nepal	7937	45277	1554	73	280	10	Clusters of cases
Maldives	908	8486	15699	1	29	54	Clusters of cases
Myanmar	570	1319	24	2	8	<1	Clusters of cases
Sri Lanka	126	3121	146	0	12	1	Clusters of cases
Bhutan	33	228	295	0	0	<1	Sporadic cases
Thailand	33	3444	49	0	58	1	Clusters of cases
Timor-Leste	0	27	20	0	0	<1	Sporadic cases
