Reporting Country/Territory/Area	New cases in last 7 days	Cumulative cases	Cumulative cases per 1 million population	New deaths in last 7 days	Cumulative deaths	Cumulative deaths per 1 million population	Transmission classification
Eastern Mediterranean	250746	3796649	5195	6299	96354	132	
Iran (Islamic Republic of)	91783	841308	10016	3293	44327	528	Community transmission
Jordan	36856	178161	17461	468	2172	213	Community transmission
Morocco	32751	320962	8696	559	5256	142	Clusters of cases
Pakistan	17047	371508	1682	494	7603	34	Clusters of cases
Iraq	16640	533555	13265	302	11925	296	Community transmission
Lebanon	10975	115242	16884	88	894	131	Community transmission
United Arab Emirates	8650	157785	15953	20	548	55	Community transmission
Tunisia	8132	87471	7401	473	2752	233	Community transmission
Libya	4180	76808	11178	73	1068	155	Community transmission
Kuwait	3393	139734	32720	28	863	202	Community transmission
Egypt	2129	112676	1101	93	6535	64	Clusters of cases
Saudi Arabia	2084	355034	10198	120	5761	165	Sporadic cases
Oman	1918	121360	23765	39	1365	267	Community transmission
Qatar	1492	137062	47574	1	235	82	Community transmission
Afghanistan	1468	44503	1143	70	1675	43	Clusters of cases
Sudan	1111	15839	361	74	1193	27	Community transmission
Bahrain	1068	85591	50301	5	338	199	Clusters of cases
Syrian Arab Republic	541	7154	409	31	372	21	Community transmission
Somalia	81	4382	276	1	108	7	Sporadic cases
Djibouti	16	5661	5730	0	61	62	Clusters of cases
Yemen	1	2073	70	2	605	20	Sporadic cases
occupied Palestinian territory	8430	82780	16227	65	698	137	Community transmission
