Reporting Country/Territory/Area	New cases in last 7 days	Cumulative cases	Cumulative cases per 1 million population	New deaths in last 7 days	Cumulative deaths	Cumulative deaths per 1 million population	Transmission classification
Eastern Mediterranean	181857	3092037	4231	4693	78599	108	
Iran (Islamic Republic of)	50067	612772	7296	2544	34864	415	Community transmission
Morocco	24623	219084	5936	440	3695	100	Clusters of cases
Iraq	23477	472630	11750	342	10910	271	Community transmission
Jordan	21857	72607	7116	289	829	81	Community transmission
Lebanon	11322	81228	11901	75	637	93	Community transmission
Tunisia	9408	59813	5061	440	1317	111	Community transmission
United Arab Emirates	8865	132629	13410	20	495	50	Community transmission
Libya	6721	61095	8891	67	857	125	Community transmission
Pakistan	5937	332993	1507	79	6806	31	Clusters of cases
Kuwait	4999	125926	29487	35	779	182	Community transmission
Saudi Arabia	2730	347282	9975	121	5402	155	Sporadic cases
Oman	2597	114434	22409	61	1208	237	Community transmission
Bahrain	1670	81645	47982	9	321	189	Clusters of cases
Qatar	1591	132556	46010	3	232	81	Community transmission
Egypt	1158	107555	1051	79	6266	61	Clusters of cases
Afghanistan	657	41425	1064	25	1536	39	Clusters of cases
Syrian Arab Republic	369	5728	327	21	288	16	Community transmission
Sudan	62	13804	315	0	837	19	Community transmission
Somalia	44	3941	248	2	104	7	Sporadic cases
Djibouti	31	5561	5629	0	61	62	Clusters of cases
Yemen	3	2067	69	0	600	20	Community transmission
occupied Palestinian territory	3669	65262	12793	41	555	109	Community transmission
