Reporting Country/Territory/Area	New cases in last 7 days	Cumulative cases	Cumulative cases per 1 million population	New deaths in last 7 days	Cumulative deaths	Cumulative deaths per 1 million population	Transmission classification
Western Pacific	53073	1059751	539	663	19558	10	
Japan	21432	217312	1718	340	3213	25	Clusters of cases
Malaysia	11931	103900	3210	18	451	14	Clusters of cases
Philippines	10961	469005	4280	156	9067	83	Community transmission
Republic of Korea	7211	56872	1109	134	808	16	Clusters of cases
China	608	96324	65	7	4777	3	Clusters of cases
Australia	168	28296	1110	0	908	36	Sporadic cases
Mongolia	129	1082	330	0	0	0	Clusters of cases
Singapore	116	58519	10003	0	29	5	Sporadic cases
Viet Nam	29	1440	15	0	35	0	Clusters of cases
New Zealand	28	1788	371	0	25	5	Clusters of cases
Papua New Guinea	20	780	87	1	9	1	Community transmission
Cambodia	2	364	22	0	0	0	Sporadic cases
Brunei Darussalam	0	152	347	0	3	7	No cases
Fiji	0	46	51	0	2	2	Sporadic cases
Lao People's Democratic Republic	0	41	6	0	0	0	Sporadic cases
Solomon Islands	0	17	25	0	0	0	Sporadic cases
French Polynesia	368	16550	58916	5	108	384	Sporadic cases
Guam	63	7094	42032	2	121	717	Clusters of cases
Northern Mariana Islands (Commonwealth of the)	6	122	2120	0	2	35	Pending
New Caledonia	1	38	133	0	0	0	Sporadic cases
Marshall Islands	0	4	68	0	0	0	Sporadic cases
Vanuatu	0	1	3	0	0	0	No cases
Wallis and Futuna	0	4	356	0	0	0	Sporadic cases
