Reporting Country/Territory/Area	New cases in last 7 days	Cumulative cases	Cumulative cases per 1 million population	New deaths in last 7 days	Cumulative deaths	Cumulative deaths per 1 million population	Transmission classification
Americas	2054064	30116395	29446	29856	776708	759	
United States of America	1456800	15648098	47275	16626	293129	886	Community transmission
Brazil	302259	6836227	32161	4473	180437	849	Community transmission
Mexico	72609	1229379	9535	4156	113019	877	Community transmission
Colombia	56302	1408909	27689	1202	38669	760	Community transmission
Canada	46272	448481	11892	755	13251	351	Community transmission
Argentina	34697	1489328	32953	1094	40606	898	Community transmission
Panama	14172	187779	43520	155	3309	767	Community transmission
Chile	11113	569781	29806	254	15846	829	Community transmission
Peru	10083	980943	29751	349	36544	1108	Community transmission
Costa Rica	7262	150947	29632	122	1895	372	Community transmission
Dominican Republic	5930	153585	14158	15	2360	218	Community transmission
Paraguay	5614	92113	12914	114	1927	270	Community transmission
Ecuador	4133	201524	11422	118	13874	786	Community transmission
Honduras	3748	113708	11480	30	2971	300	Community transmission
Guatemala	3747	129099	7206	166	4405	246	Community transmission
Venezuela (Bolivarian Republic of)	2838	106715	3753	31	944	33	Community transmission
Uruguay	2118	8849	2547	10	90	26	Clusters of cases
El Salvador	1676	41394	6382	40	1193	184	Community transmission
Belize	1582	8965	22546	15	185	465	Community transmission
Bolivia (Plurinational State of)	1372	146697	12567	26	9013	772	Community transmission
Cuba	640	9354	826	1	137	12	Clusters of cases
Jamaica	545	11608	3920	10	271	92	Community transmission
Guyana	238	5839	7424	3	154	196	Clusters of cases
Haiti	121	9491	832	0	233	20	Community transmission
Trinidad and Tobago	117	6852	4896	1	122	87	Community transmission
Bahamas	89	7659	19476	0	163	415	Clusters of cases
Nicaragua	38	4709	711	1	162	24	Community transmission
Suriname	17	5339	9101	0	117	199	Sporadic cases
Saint Lucia	9	274	1492	2	4	22	Sporadic cases
Barbados	7	292	1016	0	7	24	Clusters of cases
Saint Vincent and the Grenadines	7	94	847	0	0	0	Sporadic cases
Saint Kitts and Nevis	5	27	508	0	0	0	Sporadic cases
Antigua and Barbuda	3	147	1501	0	4	41	Sporadic cases
Dominica	2	87	1208	0	0	0	Clusters of cases
Grenada	2	43	382	0	0	0	Sporadic cases
Puerto Rico	6191	61723	21575	81	1266	443	Community transmission
Curaçao	664	3404	20744	1	8	49	Community transmission
French Guiana	393	11800	39507	0	71	238	Community transmission
United States Virgin Islands	158	1791	17151	0	23	220	Community transmission
Bermuda	103	391	6279	0	9	145	Clusters of cases
Sint Maarten	96	1201	28007	1	26	606	Community transmission
Saint Martin	94	838	21677	0	12	310	Community transmission
Aruba	88	5011	46934	1	46	431	Community transmission
Martinique	33	5553	14798	3	41	109	Community transmission
Guadeloupe	24	8451	21121	0	152	380	Community transmission
Turks and Caicos Islands	14	769	19862	0	6	155	Community transmission
Saint Barthélemy	12	164	16591	0	0	0	Sporadic cases
Cayman Islands	10	298	4534	0	2	30	Sporadic cases
Bonaire	5	150	8587	0	3	172	Sporadic cases
Sint Eustatius	4	18	7246	0	0	0	Sporadic cases
Anguilla	3	10	667	0	0	0	Sporadic cases
British Virgin Islands	3	76	2513	0	1	33	Clusters of cases
Falkland Islands (Malvinas)	2	19	5455	0	0	0	No cases
Montserrat	0	13	2601	0	1	200	No cases
Saba	0	5	3342	0	0	0	No cases
Saint Pierre and Miquelon	0	14	2416	0	0	0	Sporadic cases
