Reporting Country/Territory/Area	New cases in last 7 days	Cumulative cases	Cumulative cases per 1 million population	New deaths in last 7 days	Cumulative deaths	Cumulative deaths per 1 million population	Transmission classification
Eastern Mediterranean	214702	3307411	4526	5675	84305	115	
Iran (Islamic Republic of)	60478	673250	8016	2968	37832	450	Community transmission
Morocco	33101	252185	6832	502	4197	114	Clusters of cases
Jordan	32195	104802	10272	352	1181	116	Community transmission
Iraq	23389	496019	12332	373	11283	281	Community transmission
Lebanon	11869	93097	13640	76	713	104	Community transmission
Pakistan	8760	341753	1547	137	6943	31	Clusters of cases
Tunisia	8428	69543	5884	500	1848	156	Community transmission
United Arab Emirates	8403	141032	14259	19	514	52	Community transmission
Libya	5944	67039	9756	63	920	134	Community transmission
Kuwait	5279	131205	30723	29	808	189	Community transmission
Saudi Arabia	2947	350229	10060	123	5525	159	Sporadic cases
Oman	2733	117167	22944	78	1286	252	Community transmission
Bahrain	1619	83264	48933	8	329	193	Clusters of cases
Qatar	1457	134013	46515	0	232	81	Community transmission
Egypt	1407	108962	1065	89	6355	62	Clusters of cases
Afghanistan	608	42033	1080	20	1556	40	Clusters of cases
Syrian Arab Republic	419	6147	351	25	313	18	Community transmission
Sudan	351	14155	323	279	1116	25	Community transmission
Somalia	288	4229	266	3	107	7	Sporadic cases
Djibouti	44	5605	5673	0	61	62	Clusters of cases
Yemen	3	2070	69	2	602	20	Sporadic cases
occupied Palestinian territory	4350	69612	13646	29	584	114	Community transmission
