Reporting Country/Territory/Area	New cases in last 7 days	Cumulative cases	Cumulative cases per 1 million population	New deaths in last 7 days	Cumulative deaths	Cumulative deaths per 1 million population	Transmission classification
Western Pacific	46662	1006682	512	636	18895	10	
Japan	18593	195880	1549	311	2873	23	Clusters of cases
Malaysia	9723	91969	2842	22	433	13	Clusters of cases
Philippines	9713	458044	4180	181	8911	81	Community transmission
Republic of Korea	6899	49665	969	94	674	13	Clusters of cases
China	766	95716	65	14	4770	3	Clusters of cases
Australia	103	28128	1103	0	908	36	Sporadic cases
Singapore	90	58403	9983	0	29	5	Sporadic cases
Mongolia	47	953	291	0	0	0	Clusters of cases
Papua New Guinea	40	760	85	0	8	1	Community transmission
New Zealand	20	1760	365	0	25	5	Clusters of cases
Viet Nam	16	1411	14	0	35	0	Clusters of cases
Cambodia	3	362	22	0	0	0	Sporadic cases
Fiji	2	46	51	0	2	2	Sporadic cases
Brunei Darussalam	0	152	347	0	3	7	Sporadic cases
Lao People's Democratic Republic	0	41	6	0	0	0	Sporadic cases
Solomon Islands	0	17	25	0	0	0	Sporadic cases
French Polynesia	564	16182	57606	12	103	367	Sporadic cases
Guam	78	7031	41659	2	119	705	Clusters of cases
Northern Mariana Islands (Commonwealth of the)	3	116	2015	0	2	35	Pending
New Caledonia	1	37	130	0	0	0	Sporadic cases
Wallis and Futuna	1	4	356	0	0	0	Sporadic cases
Marshall Islands	0	4	68	0	0	0	Sporadic cases
Vanuatu	0	1	3	0	0	0	No cases
