Reporting Country/Territory/Area	New cases in last 7 days	Cumulative cases	Cumulative cases per 1 million population	New deaths in last 7 days	Cumulative deaths	Cumulative deaths per 1 million population	Transmission classification
Eastern Mediterranean	87340	1903547	271	2273	50466	7	
Iraq	26396	227446	5655	538	6891	171	Community transmission
Iran (Islamic Republic of)	15024	371816	4427	857	21359	254	Community transmission
Morocco	9244	60056	1627	220	1078	29	Clusters of cases
Saudi Arabia	7541	313911	9017	221	3840	110	Clusters of cases
Kuwait	4267	84224	19722	15	528	124	Clusters of cases
Lebanon	4084	16275	2384	34	155	23	Community transmission
Pakistan	2871	295636	1338	53	6288	28	Clusters of cases
United Arab Emirates	2711	69328	7010	7	379	38	Community transmission
Libya	2521	12958	1886	43	231	34	Clusters of cases
Bahrain	2353	51391	30202	6	189	111	Clusters of cases
Qatar	1642	118407	41099	3	196	68	Community transmission
Egypt	1260	98497	963	133	5376	53	Clusters of cases
Oman	1236	85005	16646	41	650	127	Community transmission
Tunisia	834	3572	302	7	75	6	Clusters of cases
Sudan	507	13189	301	8	823	19	Community transmission
Syrian Arab Republic	485	2628	150	21	106	6	Community transmission
Jordan	317	1893	186	4	15	1	Clusters of cases
Afghanistan	144	38143	980	15	1402	36	Clusters of cases
Somalia	41	3310	208	4	97	6	Sporadic cases
Yemen	39	1950	65	17	564	19	Community transmission
Djibouti	3	5385	5450	0	60	61	Sporadic cases
occupied Palestinian territory	3820	28527	5592	26	164	32	Clusters of cases
