Reporting Country/Territory/Area	New cases in last 7 days	Cumulative cases	Cumulative cases per 1 million population	New deaths in last 7 days	Cumulative deaths	Cumulative deaths per 1 million population	Transmission classification
Western Pacific	28907	516478	89	644	11206	2	
Philippines	21439	234570	2141	371	3790	35	Community transmission
Japan	4155	71419	565	93	1357	11	Clusters of cases
Republic of Korea	1478	21177	413	11	334	7	Clusters of cases
Australia	660	26207	1028	148	748	29	Clusters of cases
Singapore	265	56982	9740	0	27	5	Clusters of cases
China	166	90517	62	7	4735	3	Clusters of cases
Malaysia	74	9391	290	3	128	4	Clusters of cases
New Zealand	43	1421	295	2	24	5	Clusters of cases
Papua New Guinea	29	488	55	0	5	1	Community transmission
Viet Nam	9	1049	11	3	35	<1	Clusters of cases
Mongolia	9	310	95	0	0	<1	Sporadic cases
Fiji	3	31	35	0	2	2	Sporadic cases
Brunei Darussalam	1	145	331	0	3	7	Sporadic cases
Cambodia	1	274	16	0	0	<1	Sporadic cases
Lao People's Democratic Republic	0	22	3	0	0	<1	Sporadic cases
Guam	332	1671	9901	6	16	95	Clusters of cases
French Polynesia	238	720	2563	0	0	<1	Sporadic cases
New Caledonia	3	26	91	0	0	<1	Sporadic cases
Northern Mariana Islands (Commonwealth of the)	2	58	1008	0	2	35	Pending
