Reporting Country/Territory/Area	New cases in last 7 days	Cumulative cases	Cumulative cases per 1 million population	New deaths in last 7 days	Cumulative deaths	Cumulative deaths per 1 million population	Transmission classification
Europe	1545682	25271220	27074	31005	554716	594	
The United Kingdom	251786	2256009	33232	3330	70405	1037	Community transmission
Russian Federation	201871	3050248	20901	3920	54778	375	Clusters of cases
Germany	146849	1640858	19584	3729	29778	355	Clusters of cases
Turkey	129088	1319035	15640	1773	19624	233	Community transmission
Italy	100676	2038759	33720	3173	71620	1185	Clusters of cases
France	89093	2507532	38416	2154	62197	953	Community transmission
Netherlands	77582	754171	44014	520	10974	640	Community transmission
Ukraine	61541	1025989	23460	1189	17774	406	Community transmission
Poland	55099	1257799	33234	1721	27118	717	Community transmission
Czechia	46459	670599	62620	713	11044	1031	Community transmission
Spain	36436	1854951	39674	384	49824	1066	Community transmission
Serbia	26839	323367	46436	351	2983	428	Community transmission
Romania	25816	613760	31904	812	15108	785	Community transmission
Portugal	22209	392996	38541	493	6556	643	Clusters of cases
Sweden	21038	396048	39216	69	8279	820	Community transmission
Switzerland	20636	426199	49245	461	6508	752	Community transmission
Denmark	19561	151167	26098	134	1153	199	Community transmission
Lithuania	18239	130598	47974	235	1254	461	Community transmission
Slovakia	16187	167523	30684	218	1773	325	Clusters of cases
Azerbaijan	14065	213192	21027	279	2454	242	Clusters of cases
Austria	13730	348359	38679	625	5752	639	Community transmission
Belarus	13343	184922	19570	60	1376	146	Community transmission
Hungary	13071	316060	32717	948	9047	937	Community transmission
Georgia	12967	221605	55552	283	2377	596	Community transmission
Israel	12342	383715	44332	63	3138	363	Community transmission
Belgium	11959	638874	55125	491	19192	1656	Community transmission
Croatia	9968	204930	49919	494	3671	894	Community transmission
Slovenia	9167	114192	54928	128	2530	1217	Clusters of cases
Ireland	6618	85394	17294	46	2200	446	Community transmission
Republic of Moldova	6418	140996	34952	156	2883	715	Community transmission
Bulgaria	6355	197384	28407	572	7123	1025	Clusters of cases
Latvia	5522	35819	18990	88	515	273	Clusters of cases
Greece	4629	135114	12963	451	4553	437	Community transmission
Kazakhstan	4566	196216	10450	0	2669	142	Clusters of cases
Armenia	4009	157147	53032	138	2763	932	Community transmission
Bosnia and Herzegovina	3806	109330	33324	298	3923	1196	Community transmission
Estonia	3598	25392	19142	30	204	154	Clusters of cases
North Macedonia	3476	81425	39083	153	2427	1165	Community transmission
Albania	3213	55755	19374	69	1143	397	Clusters of cases
Montenegro	2483	46740	74419	41	667	1062	Clusters of cases
Norway	2157	44932	8288	17	421	78	Clusters of cases
Cyprus	1915	19391	16061	22	111	92	Clusters of cases
Luxembourg	1709	45776	73127	30	470	751	Community transmission
Finland	1502	34084	6152	35	524	95	Community transmission
Kyrgyzstan	1251	80373	12319	18	1348	207	Clusters of cases
Uzbekistan	945	76751	2293	1	613	18	Clusters of cases
Malta	620	12241	27723	19	206	467	Clusters of cases
Liechtenstein	273	1998	52390	4	26	682	Sporadic cases
Andorra	246	7806	101029	3	83	1074	Community transmission
San Marino	157	2264	66710	2	57	1680	Community transmission
Monaco	74	797	20309	0	3	76	Sporadic cases
Iceland	62	5683	16654	0	28	82	Community transmission
Holy See	0	26	32138	0	0	0	Sporadic cases
Tajikistan	0	13182	1382	0	89	9	Pending
Kosovo	1723	50362	27071	57	1295	696	Community transmission
Gibraltar	350	1534	45531	0	6	178	Clusters of cases
Jersey	349	2583	23741	5	41	377	Community transmission
Faroe Islands	25	571	11685	0	0	0	Sporadic cases
Greenland	7	26	458	0	0	0	No cases
Guernsey	6	297	4700	0	13	206	Community transmission
Isle of Man	1	374	4398	0	25	294	No cases
