Reporting Country/Territory/Area	New cases in last 7 days	Cumulative cases	Cumulative cases per 1 million population	New deaths in last 7 days	Cumulative deaths	Cumulative deaths per 1 million population	Transmission classification
South-East Asia	290308	11631437	5621	4400	172858	86	
India	212807	9857029	7143	2837	143019	104	Clusters of cases
Indonesia	41924	611631	2236	1064	18653	68	Community transmission
Bangladesh	13299	489178	2970	213	7020	43	Community transmission
Myanmar	9343	105863	1946	161	2220	41	Clusters of cases
Nepal	7708	247593	8498	112	1689	58	Clusters of cases
Sri Lanka	4907	32135	1501	12	149	7	Clusters of cases
Maldives	189	13348	24694	1	48	89	Clusters of cases
Thailand	120	4192	60	0	60	1	Clusters of cases
Bhutan	11	437	566	0	0	0	Sporadic cases
Timor-Leste	0	31	24	0	0	0	Sporadic cases
