Reporting Country/Territory/Area	New cases in last 7 days	Cumulative cases	Cumulative cases per 1 million population	New deaths in last 7 days	Cumulative deaths	Cumulative deaths per 1 million population	Transmission classification
South-East Asia	575763	7911036	3914	7750	126917	63	
India	504433	7053806	5111	6552	108334	79	Clusters of cases
Indonesia	29446	328952	1203	710	11765	43	Community transmission
Nepal	21114	105684	3627	86	614	21	Clusters of cases
Myanmar	9561	26064	479	227	598	11	Clusters of cases
Bangladesh	9508	377073	2290	175	5500	33	Community transmission
Sri Lanka	1233	4628	216	0	13	1	Clusters of cases
Maldives	394	10859	20089	0	34	63	Clusters of cases
Thailand	51	3636	52	0	59	1	Clusters of cases
Bhutan	23	306	397	0	0	<1	Sporadic cases
Timor-Leste	0	28	21	0	0	<1	Sporadic cases
