Reporting Country/Territory/Area	New cases in last 7 days	Cumulative cases	Cumulative cases per 1 million population	New deaths in last 7 days	Cumulative deaths	Cumulative deaths per 1 million population	Transmission classification
South-East Asia	231978	11842422	5859	3911	180737	89	
India	156627	10187850	7382	2145	147622	107	Clusters of cases
Indonesia	48889	706837	2584	1335	20994	77	Community transmission
Bangladesh	8539	508099	3085	186	7428	45	Community transmission
Myanmar	7082	121280	2229	181	2579	47	Clusters of cases
Nepal	4516	257700	8844	42	1819	62	Clusters of cases
Sri Lanka	4331	40380	1886	22	187	9	Clusters of cases
Thailand	1689	6020	86	0	60	1	Clusters of cases
Bhutan	151	597	774	0	0	0	Clusters of cases
Maldives	144	13618	25193	0	48	89	Clusters of cases
Timor-Leste	10	41	31	0	0	0	Sporadic cases
