Reporting Country/Territory/Area	New cases in last 7 days	Cumulative cases	Cumulative cases per 1 million population	New deaths in last 7 days	Cumulative deaths	Cumulative deaths per 1 million population	Transmission classification
Eastern Mediterranean	157595	4823157	6600	3482	119004	163	
Iran (Islamic Republic of)	42891	1194963	14227	1126	54574	650	Community transmission
Morocco	15336	430562	11665	295	7204	195	Clusters of cases
Pakistan	14809	469482	2125	566	9816	44	Clusters of cases
Jordan	13559	286356	28065	184	3729	365	Community transmission
Lebanon	12902	169472	24829	109	1379	202	Community transmission
Tunisia	11079	130230	11019	300	4426	374	Community transmission
United Arab Emirates	8488	200892	20312	21	655	66	Community transmission
Iraq	7661	590779	14688	87	12767	317	Community transmission
Egypt	6424	131315	1283	283	7352	72	Clusters of cases
Libya	3881	97653	14212	69	1415	206	Community transmission
Kuwait	1674	149449	34995	11	929	218	Community transmission
Bahrain	1456	91518	53784	2	351	206	Clusters of cases
Afghanistan	1312	51848	1332	104	2158	55	Clusters of cases
Oman	1271	128290	25122	8	1491	292	Community transmission
Saudi Arabia	1218	362066	10400	64	6176	177	Sporadic cases
Qatar	1045	142903	49601	1	244	85	Community transmission
Syrian Arab Republic	882	10932	625	68	669	38	Community transmission
Sudan	216	23316	532	7	1468	33	Community transmission
Somalia	28	4690	295	3	127	8	Sporadic cases
Djibouti	24	5805	5876	0	61	62	Clusters of cases
Yemen	5	2096	70	0	607	20	Sporadic cases
occupied Palestinian territory	11434	148540	29117	174	1406	276	Community transmission
