Reporting Country/Territory/Area	New cases in last 7 days	Cumulative cases	Cumulative cases per 1 million population	New deaths in last 7 days	Cumulative deaths	Cumulative deaths per 1 million population	Transmission classification
Americas	2321202	32437597	31715	32397	809105	791	
United States of America	1666736	17314834	52310	18021	311150	940	Community transmission
Brazil	326751	7162978	33699	5213	185650	873	Community transmission
Colombia	73163	1482072	29127	1350	40019	786	Community transmission
Mexico	72167	1301546	10095	4230	117249	909	Community transmission
Canada	46505	495346	13124	789	14040	372	Community transmission
Argentina	42046	1531374	33883	1066	41672	922	Community transmission
Panama	18531	206310	47815	195	3504	812	Community transmission
Chile	13573	583354	30516	255	16101	842	Community transmission
Peru	12817	993760	30140	425	36969	1121	Community transmission
Costa Rica	6525	157472	30913	101	1996	392	Community transmission
Paraguay	6183	98296	13781	123	2050	287	Community transmission
Dominican Republic	5479	159064	14663	22	2382	220	Community transmission
Ecuador	4396	205920	11671	74	13948	791	Community transmission
Guatemala	3496	132595	7401	219	4624	258	Community transmission
Uruguay	3101	11950	3440	19	109	31	Community transmission
Venezuela (Bolivarian Republic of)	2680	109395	3847	35	979	34	Community transmission
Honduras	2504	116212	11733	52	3023	305	Community transmission
Bolivia (Plurinational State of)	2452	149149	12777	20	9033	774	Community transmission
El Salvador	1801	43195	6660	49	1242	191	Community transmission
Belize	964	9929	24971	30	215	541	Community transmission
Cuba	670	10024	885	0	137	12	Clusters of cases
Jamaica	527	12135	4098	14	285	96	Community transmission
Guyana	237	6076	7725	5	159	202	Clusters of cases
Haiti	183	9674	848	1	234	21	Community transmission
Suriname	120	5459	9306	0	117	199	Sporadic cases
Trinidad and Tobago	103	6955	4970	1	123	88	Community transmission
Bahamas	74	7733	19665	1	164	417	Clusters of cases
Grenada	51	94	835	0	0	0	Sporadic cases
Nicaragua	39	4748	717	1	163	25	Community transmission
Barbados	15	307	1068	0	7	24	Clusters of cases
Saint Lucia	6	280	1525	1	5	27	Sporadic cases
Saint Vincent and the Grenadines	6	100	901	0	0	0	Sporadic cases
Antigua and Barbuda	5	152	1552	1	5	51	Sporadic cases
Saint Kitts and Nevis	3	30	564	0	0	0	Sporadic cases
Dominica	1	88	1222	0	0	0	Clusters of cases
Puerto Rico	5488	67211	23493	76	1342	469	Community transmission
French Guiana	569	12369	41412	0	71	238	Community transmission
Curaçao	419	3823	23298	3	11	67	Community transmission
Bermuda	125	516	8286	0	9	145	Clusters of cases
United States Virgin Islands	119	1910	18291	0	23	220	Community transmission
Aruba	113	5124	47993	1	47	440	Community transmission
Saint Martin	110	948	24522	0	12	310	Community transmission
Guadeloupe	106	8557	21386	3	155	387	Community transmission
Sint Maarten	93	1294	30176	0	26	606	Community transmission
Martinique	81	5634	15013	1	42	112	Community transmission
Turks and Caicos Islands	20	789	20378	0	6	155	Clusters of cases
Saint Barthélemy	18	182	18412	0	0	0	Sporadic cases
Cayman Islands	13	311	4732	0	2	30	Sporadic cases
British Virgin Islands	10	86	2844	0	1	33	Clusters of cases
Bonaire	4	154	8816	0	3	172	Sporadic cases
Falkland Islands (Malvinas)	4	23	6604	0	0	0	No cases
Anguilla	0	10	667	0	0	0	Sporadic cases
Montserrat	0	13	2601	0	1	200	No cases
Saba	0	5	3342	0	0	0	No cases
Saint Pierre and Miquelon	0	14	2416	0	0	0	Sporadic cases
Sint Eustatius	0	18	7246	0	0	0	Sporadic cases
