Reporting Country/Territory/Area	New cases in last 7 days	Cumulative cases	Cumulative cases per 1 million population	New deaths in last 7 days	Cumulative deaths	Cumulative deaths per 1 million population	Transmission classification
Africa	74489	1622096	1446	1393	35879	32	
South Africa	42516	852965	14382	1039	23106	390	Community transmission
Uganda	4883	27071	592	14	220	5	Community transmission
Algeria	4136	91638	2090	83	2584	59	Community transmission
Nigeria	3820	72757	353	14	1194	6	Community transmission
Ethiopia	2620	115360	1003	34	1779	15	Community transmission
Botswana	2509	12501	5316	6	37	16	Community transmission
Kenya	2321	90305	1679	50	1568	29	Community transmission
Mauritania	1255	9679	2082	22	194	42	Community transmission
Namibia	1147	16097	6335	7	160	63	Community transmission
Ghana	837	52933	1704	2	327	11	Community transmission
Democratic Republic of the Congo	815	14341	160	8	352	4	Community transmission
Burkina Faso	738	3894	186	3	71	3	Community transmission
Mozambique	679	16812	538	7	140	4	Community transmission
Cabo Verde	676	11302	20328	5	110	198	Community transmission
Senegal	664	17061	1019	12	349	21	Community transmission
Mali	659	5721	283	28	191	9	Community transmission
Angola	625	16161	492	12	366	11	Community transmission
Zimbabwe	464	11081	746	14	305	21	Community transmission
Rwanda	444	6528	504	5	56	4	Clusters of cases
Cameroon	391	25143	947	0	443	17	Community transmission
Congo	275	6049	1096	5	99	18	Community transmission
Eswatini	219	6714	5787	5	127	109	Community transmission
Guinea	213	13420	1022	3	79	6	Community transmission
Côte d'Ivoire	198	21639	820	1	133	5	Community transmission
Zambia	193	18091	984	0	364	20	Community transmission
Togo	151	3202	387	1	66	8	Community transmission
Gabon	76	9330	4192	3	63	28	Community transmission
Madagascar	74	17587	635	4	259	9	Community transmission
Malawi	69	6118	320	1	186	10	Community transmission
Niger	67	1856	77	0	77	3	Community transmission
Benin	35	3090	255	0	44	4	Community transmission
Burundi	35	729	61	0	1	0	Community transmission
Equatorial Guinea	26	5185	3696	0	85	61	Community transmission
Eritrea	24	656	185	0	0	0	Sporadic cases
Chad	17	1739	106	0	102	6	Community transmission
Sierra Leone	15	2435	305	1	75	9	Community transmission
South Sudan	15	3181	284	1	62	6	Community transmission
Central African Republic	14	4936	1022	0	63	13	Community transmission
Lesotho	13	2150	1004	0	44	21	Community transmission
Gambia	12	3782	1565	0	123	51	Community transmission
Sao Tome and Principe	10	1009	4604	0	17	78	Community transmission
Comoros	9	642	718	0	7	8	Community transmission
Mauritius	9	514	404	0	10	8	Clusters of cases
Guinea-Bissau	3	2444	1242	0	44	22	Community transmission
Seychelles	3	185	1881	0	0	0	Sporadic cases
Liberia	0	1676	331	0	83	16	Community transmission
United Republic of Tanzania	0	509	9	0	21	0	Community transmission
Mayotte	370	5551	20347	3	52	191	Clusters of cases
Réunion	145	8345	9321	0	41	46	Clusters of cases
