Reporting Country/Territory/Area	New cases in last 7 days	Cumulative cases	Cumulative cases per 1 million population	New deaths in last 7 days	Cumulative deaths	Cumulative deaths per 1 million population	Transmission classification
Western Pacific	24751	625642	108	503	13632	2	
Philippines	18074	319330	2914	394	5678	52	Community transmission
Japan	3649	85339	675	52	1597	13	Clusters of cases
Malaysia	1319	12088	373	4	137	4	Clusters of cases
Republic of Korea	480	24091	470	20	421	8	Clusters of cases
China	155	91121	62	0	4746	3	Clusters of cases
Singapore	115	57800	9880	0	27	5	Clusters of cases
Australia	105	27121	1064	23	893	35	Clusters of cases
Viet Nam	27	1096	11	0	35	<1	Clusters of cases
New Zealand	21	1498	311	0	25	5	Clusters of cases
Papua New Guinea	8	540	60	0	7	1	Community transmission
Cambodia	2	278	17	0	0	<1	Sporadic cases
Solomon Islands	1	1	1	0	0	<1	No cases
Brunei Darussalam	0	146	334	0	3	7	Sporadic cases
Fiji	0	32	36	0	2	2	Sporadic cases
Lao People's Democratic Republic	0	23	3	0	0	<1	Sporadic cases
Mongolia	0	313	95	0	0	<1	Sporadic cases
French Polynesia	447	2026	7212	2	8	28	Sporadic cases
Guam	345	2699	15992	8	51	302	Clusters of cases
Northern Mariana Islands (Commonwealth of the)	3	73	1268	0	2	35	Pending
New Caledonia	0	27	95	0	0	<1	Sporadic cases
