Reporting Country/Territory/Area	New cases in last 7 days	Cumulative cases	Cumulative cases per 1 million population	New deaths in last 7 days	Cumulative deaths	Cumulative deaths per 1 million population	Transmission classification
Africa	94653	1716697	1530	1862	37741	34	
South Africa	59512	912477	15385	1433	24539	414	Community transmission
Nigeria	5176	77933	378	24	1218	6	Community transmission
Ethiopia	4134	119494	1039	67	1846	16	Community transmission
Kenya	3846	94151	1751	65	1633	30	Community transmission
Uganda	3631	30702	671	10	230	5	Community transmission
Algeria	3143	94781	2161	75	2659	61	Community transmission
Namibia	2340	18437	7256	11	171	67	Community transmission
Mauritania	1292	10971	2360	31	225	48	Community transmission
Zimbabwe	1070	12151	818	13	318	21	Community transmission
Burkina Faso	1060	4954	237	3	74	4	Community transmission
Democratic Republic of the Congo	869	15210	170	17	369	4	Community transmission
Ghana	720	53653	1727	4	331	11	Community transmission
Cameroon	706	25849	974	5	448	17	Community transmission
Rwanda	704	7232	558	3	59	5	Clusters of cases
Mozambique	665	17477	559	7	147	5	Community transmission
Senegal	609	17670	1055	12	361	22	Community transmission
Eswatini	591	7305	6297	10	137	118	Community transmission
Zambia	529	18620	1013	9	373	20	Community transmission
Niger	505	2361	98	5	82	3	Community transmission
Angola	465	16626	506	20	386	12	Community transmission
Mali	443	6164	304	29	220	11	Community transmission
Botswana	372	12873	5474	1	38	16	Community transmission
Cabo Verde	265	11567	20804	1	111	200	Community transmission
Togo	194	3396	410	0	66	8	Community transmission
Congo	151	6200	1124	1	100	18	Community transmission
Lesotho	135	2285	1067	0	44	21	Community transmission
Côte d'Ivoire	133	21772	825	0	133	5	Community transmission
Chad	128	1867	114	0	102	6	Community transmission
Guinea	112	13532	1030	1	80	6	Community transmission
Liberia	103	1779	352	0	83	16	Community transmission
Eritrea	98	754	213	0	0	0	Sporadic cases
Malawi	87	6153	322	1	187	10	Community transmission
Gabon	70	9400	4223	1	64	29	Community transmission
Benin	62	3152	260	0	44	4	Community transmission
Sierra Leone	51	2486	312	0	75	9	Community transmission
South Sudan	47	3228	288	0	62	6	Community transmission
Burundi	32	761	64	1	2	0	Community transmission
Equatorial Guinea	29	5214	3716	0	85	61	Community transmission
Comoros	19	643	739	0	7	8	Community transmission
Seychelles	17	202	2054	0	0	0	Sporadic cases
Mauritius	10	524	412	0	10	8	Clusters of cases
Gambia	6	3788	1567	0	123	51	Community transmission
Guinea-Bissau	3	2447	1243	0	44	22	Community transmission
Sao Tome and Principe	3	1012	4618	0	17	78	Community transmission
Central African Republic	0	4936	1022	0	63	13	Community transmission
Madagascar	0	17587	635	0	259	9	Community transmission
United Republic of Tanzania	0	509	9	0	21	0	Community transmission
Réunion	359	8704	9722	1	42	47	Clusters of cases
Mayotte	157	5708	20923	1	53	194	Clusters of cases
