Reporting Country/Territory/Area	New cases in last 7 days	Cumulative cases	Cumulative cases per 1 million population	New deaths in last 7 days	Cumulative deaths	Cumulative deaths per 1 million population	Transmission classification
Africa	26208	1198550	181	783	26264	4	
South Africa	10218	679716	11461	562	16938	286	Community transmission
Ethiopia	4288	76988	670	42	1207	10	Community transmission
Mozambique	1292	9049	290	10	64	2	Community transmission
Uganda	1127	8491	186	8	79	2	Community transmission
Nigeria	1089	59287	288	7	1113	5	Community transmission
Algeria	1081	51995	1186	45	1756	40	Community transmission
Kenya	1052	38923	724	36	725	13	Community transmission
Angola	698	5370	163	18	189	6	Community transmission
Namibia	654	11572	4554	3	123	48	Community transmission
Cabo Verde	595	6296	11324	6	62	112	Community transmission
Ghana	546	46768	1505	2	301	10	Community transmission
Madagascar	272	16529	597	3	232	8	Community transmission
Botswana	251	3172	1349	3	16	7	Community transmission
Côte d'Ivoire	237	19793	750	0	120	5	Community transmission
Zambia	218	14830	807	1	333	18	Community transmission
Guinea	187	10735	817	0	66	5	Community transmission
Senegal	182	15051	899	6	312	19	Community transmission
Burkina Faso	159	2088	100	2	58	3	Community transmission
Democratic Republic of the Congo	159	10751	120	3	274	3	Community transmission
Eswatini	111	5530	4767	3	111	96	Community transmission
Togo	104	1840	222	2	48	6	Community transmission
Cameroon	103	20838	785	0	418	16	Community transmission
Mali	90	3170	157	1	131	6	Community transmission
Congo	81	5089	922	0	89	16	Community transmission
Lesotho	81	1639	765	3	38	18	Clusters of cases
Gabon	69	8797	3952	0	54	24	Community transmission
Zimbabwe	55	7858	529	1	228	15	Community transmission
Sierra Leone	51	2259	283	0	72	9	Community transmission
Mauritania	49	7511	1615	0	161	35	Community transmission
Rwanda	41	4852	375	0	29	2	Clusters of cases
South Sudan	40	2726	244	1	50	4	Community transmission
Central African Republic	39	4845	1003	0	62	13	Community transmission
Guinea-Bissau	38	2362	1200	0	39	20	Community transmission
Chad	34	1211	74	2	85	5	Community transmission
Benin	32	2357	194	1	41	3	Community transmission
Burundi	29	513	43	0	1	<1	Clusters of cases
Gambia	26	3590	1486	5	115	48	Community transmission
Eritrea	23	398	112	0	0	<1	Sporadic cases
Equatorial Guinea	17	5045	3596	0	83	59	Community transmission
Malawi	17	5783	302	0	179	9	Community transmission
Mauritius	14	381	300	0	10	8	Sporadic cases
Comoros	10	484	557	0	7	8	Community transmission
Liberia	9	1347	266	0	82	16	Community transmission
Niger	6	1200	50	0	69	3	Clusters of cases
Sao Tome and Principe	2	913	4166	0	15	68	Clusters of cases
Seychelles	1	142	1444	0	0	<1	Sporadic cases
United Republic of Tanzania	0	509	9	0	21	<1	Community transmission
Réunion	493	4178	4667	5	16	18	Clusters of cases
Mayotte	238	3779	13852	2	42	154	Clusters of cases
