Reporting Country/Territory/Area	New cases in last 7 days	Cumulative cases	Cumulative cases per 1 million population	New deaths in last 7 days	Cumulative deaths	Cumulative deaths per 1 million population	Transmission classification
Americas	756926	16990036	2521	21494	568358	84	
United States of America	296082	7256234	21922	4888	207366	626	Community transmission
Brazil	190910	4880523	22961	4851	145388	684	Community transmission
Argentina	88454	779689	17251	5391	20599	456	Community transmission
Colombia	43214	841531	16539	1294	26397	519	Community transmission
Mexico	32232	753090	5841	2648	78492	609	Community transmission
Peru	26980	821564	24917	572	32609	989	Community transmission
Chile	12492	468471	24506	328	12919	676	Community transmission
Canada	12203	162659	4310	154	9409	249	Community transmission
Costa Rica	7013	77829	15278	118	930	183	Community transmission
Ecuador	6370	140351	7955	324	11597	657	Community transmission
Venezuela (Bolivarian Republic of)	5547	76820	2702	52	643	23	Community transmission
Paraguay	5458	42684	5984	129	890	125	Community transmission
Panama	4531	113962	26412	95	2406	558	Community transmission
Honduras	4429	78269	7902	115	2386	241	Community transmission
Guatemala	4046	93748	5233	72	3285	183	Community transmission
Bolivia (Plurinational State of)	2997	136219	11670	245	8045	689	Community transmission
Dominican Republic	2969	113926	10502	35	2128	196	Community transmission
El Salvador	943	29358	4526	31	857	132	Community transmission
Jamaica	941	6795	2295	31	119	40	Community transmission
Bahamas	542	4332	11016	7	96	244	Clusters of cases
Trinidad and Tobago	424	4709	3365	8	78	56	Community transmission
Cuba	368	5780	510	2	122	11	Clusters of cases
Belize	272	2080	5231	5	28	70	Community transmission
Guyana	259	2968	3773	12	85	108	Clusters of cases
Uruguay	130	2097	604	1	48	14	Clusters of cases
Haiti	108	8792	771	2	229	20	Community transmission
Suriname	82	4899	8351	3	105	179	Community transmission
Nicaragua	81	4146	626	2	151	23	Community transmission
Antigua and Barbuda	8	106	1082	0	3	31	Sporadic cases
Dominica	7	31	431	0	0	<1	Clusters of cases
Barbados	6	196	682	0	7	24	Clusters of cases
Grenada	0	24	213	0	0	<1	No cases
Saint Kitts and Nevis	0	19	357	0	0	<1	No cases
Saint Lucia	0	27	147	0	0	<1	Sporadic cases
Saint Vincent and the Grenadines	0	64	577	0	0	<1	Sporadic cases
Puerto Rico	4962	50375	17608	39	681	238	Community transmission
Guadeloupe	949	5903	14753	33	75	187	Community transmission
Martinique	245	1543	4112	1	21	56	Community transmission
Aruba	242	3998	37446	2	27	253	Community transmission
French Guiana	166	10029	33578	2	67	224	Community transmission
Curaçao	84	399	2432	0	1	6	Community transmission
Sint Maarten	50	668	15578	0	22	513	Community transmission
Bonaire, Sint Eustatius and Saba	39	124	4729	0	1	38	Sporadic cases
United States Virgin Islands	30	1326	12698	1	20	192	Community transmission
Saint Martin	29	412	10657	0	8	207	Community transmission
Turks and Caicos Islands	15	695	17950	1	6	155	Clusters of cases
Saint Barthélemy	14	62	6272	0	0	<1	
Cayman Islands	3	213	3241	0	1	15	Sporadic cases
Anguilla	0	3	200	0	0	<1	No cases
Bermuda	0	181	2907	0	9	145	Sporadic cases
British Virgin Islands	0	71	2348	0	1	33	Clusters of cases
Falkland Islands (Malvinas)	0	13	3732	0	0	<1	No cases
Montserrat	0	13	2601	0	1	200	No cases
Saint Pierre and Miquelon	0	16	2761	0	0	<1	Sporadic cases
