Reporting Country/Territory/Area	New cases in last 7 days	Cumulative cases	Cumulative cases per 1 million population	New deaths in last 7 days	Cumulative deaths	Cumulative deaths per 1 million population	Transmission classification
South-East Asia	390157	9641945	4770	5132	149326	74	
India	323672	8507754	6165	4010	126121	91	Clusters of cases
Indonesia	23748	433836	1586	671	14540	53	Community transmission
Nepal	20893	191636	6577	150	1087	37	Clusters of cases
Bangladesh	11080	418764	2543	126	6049	37	Community transmission
Myanmar	7642	60348	1109	159	1396	26	Clusters of cases
Sri Lanka	2756	13419	627	14	34	2	Clusters of cases
Maldives	303	11962	22130	1	39	72	Clusters of cases
Thailand	53	3837	55	1	60	1	Clusters of cases
Bhutan	10	359	465	0	0	<1	Sporadic cases
Timor-Leste	0	30	23	0	0	<1	Sporadic cases
