Reporting Country/Territory/Area	New cases in last 7 days	Cumulative cases	Cumulative cases per 1 million population	New deaths in last 7 days	Cumulative deaths	Cumulative deaths per 1 million population	Transmission classification
Europe	195999	3970890	581	2499	216478	32	
Albania	1015	8275	2875	20	245	85	Clusters of cases
Andorra	50	1047	13551	0	53	686	Community transmission
Armenia	1129	42792	14441	34	852	288	Community transmission
Austria	1888	25099	2787	4	732	81	Community transmission
Azerbaijan	998	35105	3462	9	515	51	Clusters of cases
Belarus	861	70285	7438	30	637	67	Community transmission
Belgium	2696	81374	7021	41	9988	862	Community transmission
Bosnia and Herzegovina	1910	17712	5399	60	526	160	Community transmission
Bulgaria	798	15131	2178	44	539	78	Clusters of cases
Croatia	1480	7900	1924	5	170	41	Clusters of cases
Cyprus	85	1417	1174	1	21	17	Clusters of cases
Czechia	1899	21790	2035	16	411	38	Clusters of cases
Denmark	644	16127	2784	0	621	107	Community transmission
Estonia	81	2265	1707	0	63	47	Clusters of cases
Finland	151	7871	1421	1	334	60	Community transmission
France	21301	223419	3423	99	30376	465	Clusters of cases
Georgia	75	1411	354	0	17	4	Clusters of cases
Germany	8631	232864	2779	38	9269	111	Clusters of cases
Greece	1523	8381	804	14	240	23	Clusters of cases
Holy See	0	12	14833	0	0	<1	Sporadic cases
Hungary	256	5133	531	4	611	63	Community transmission
Iceland	59	2058	6031	0	10	29	Community transmission
Ireland	717	27908	5652	3	1777	360	Clusters of cases
Israel	8290	99827	11533	71	798	92	Community transmission
Italy	4698	258136	4269	38	35430	586	Clusters of cases
Kazakhstan	5564	127203	6775	0	1633	87	Clusters of cases
Kyrgyzstan	1167	43023	6594	6	1056	162	Clusters of cases
Latvia	18	1333	707	1	33	17	Clusters of cases
Liechtenstein	8	101	2648	0	1	26	Sporadic cases
Lithuania	208	2594	953	3	84	31	Community transmission
Luxembourg	265	7704	12307	1	124	198	Community transmission
Malta	231	1577	3572	1	10	23	Sporadic cases
Monaco	7	108	2752	0	1	25	Sporadic cases
Montenegro	302	4315	6870	9	84	134	Clusters of cases
Netherlands	3597	66034	3854	31	6191	361	Community transmission
North Macedonia	762	13308	6388	22	557	267	Clusters of cases
Norway	347	10197	1881	3	264	49	Clusters of cases
Poland	5091	61181	1617	82	1951	52	Community transmission
Portugal	1230	55211	5415	17	1792	176	Clusters of cases
Republic of Moldova	3167	33072	8198	40	935	232	Community transmission
Romania	8170	77544	4031	279	3233	168	Community transmission
Russian Federation	33896	956749	6556	698	16383	112	Clusters of cases
San Marino	7	726	21932	0	42	1238	Community transmission
Serbia	1077	30548	4387	25	695	100	Community transmission
Slovakia	461	3316	607	2	33	6	Clusters of cases
Slovenia	216	2617	1259	3	127	61	Clusters of cases
Spain	30718	386054	8257	191	28838	617	Clusters of cases
Sweden	1774	86068	8522	27	5810	575	Community transmission
Switzerland	1695	39526	4567	5	1719	199	Community transmission
Tajikistan	248	8277	868	2	66	7	Pending
The United Kingdom	7161	324605	4782	62	41423	610	Community transmission
Turkey	8915	257032	3048	147	6102	72	Community transmission
Ukraine	13602	104958	2400	201	2271	52	Community transmission
Uzbekistan	3754	38698	1156	41	269	8	Clusters of cases
Faroe Islands	14	384	7858	0	0	<1	Sporadic cases
Gibraltar	23	229	6797	0	0	<1	Clusters of cases
Greenland	0	14	247	0	0	<1	No cases
Guernsey	0	252	3988	0	13	206	Community transmission
Isle of Man	0	336	3951	0	24	282	No cases
Jersey	7	363	3336	0	32	294	Community transmission
Kosovo	1062	12294	6608	1	447	240	Community transmission
