Reporting Country/Territory/Area	New cases in last 7 days	Cumulative cases	Cumulative cases per 1 million population	New deaths in last 7 days	Cumulative deaths	Cumulative deaths per 1 million population	Transmission classification
Americas	1450998	22960102	22449	19106	675735	661	
United States of America	1004852	10641431	32149	8042	242542	733	Community transmission
Brazil	179471	5810652	27337	2722	164737	775	Community transmission
Argentina	67564	1296378	28684	1909	35045	775	Community transmission
Colombia	54964	1182697	23244	1264	33669	662	Community transmission
Mexico	42265	997393	7736	3301	97624	757	Community transmission
Canada	31509	287318	7613	392	10828	287	Community transmission
Peru	15147	932650	28286	323	35106	1065	Community transmission
Chile	9699	529676	27708	278	14777	773	Community transmission
Panama	6717	144477	33484	86	2856	662	Community transmission
Costa Rica	6706	122123	23973	84	1537	302	Community transmission
Ecuador	6141	179627	10181	182	12997	737	Community transmission
Paraguay	3911	70392	9869	84	1556	218	Community transmission
Guatemala	3669	114719	6403	109	3920	219	Community transmission
Dominican Republic	3580	133225	12281	19	2282	210	Community transmission
Honduras	2503	102079	10306	79	2820	285	Community transmission
Venezuela (Bolivarian Republic of)	2136	96441	3392	23	844	30	Community transmission
El Salvador	1213	36358	5605	33	1039	160	Community transmission
Bolivia (Plurinational State of)	726	143069	12256	54	8835	757	Community transmission
Belize	699	4715	11858	18	85	214	Community transmission
Uruguay	513	3883	1118	3	64	18	Clusters of cases
Jamaica	308	9780	3303	11	229	77	Community transmission
Cuba	301	7568	668	1	131	12	Clusters of cases
Guyana	267	4724	6006	5	138	175	Clusters of cases
Bahamas	247	7163	18215	4	155	394	Clusters of cases
Trinidad and Tobago	182	5980	4273	0	111	79	Community transmission
Nicaragua	53	4533	684	1	158	24	Community transmission
Saint Lucia	50	160	871	2	2	11	Sporadic cases
Haiti	41	9168	804	0	232	20	Community transmission
Suriname	41	5268	8980	2	114	194	Sporadic cases
Barbados	7	249	866	0	7	24	Clusters of cases
Dominica	5	68	945	0	0	<1	Clusters of cases
Antigua and Barbuda	3	133	1358	1	4	41	Sporadic cases
Grenada	2	32	284	0	0	<1	Sporadic cases
Saint Vincent and the Grenadines	2	78	703	0	0	<1	Sporadic cases
Saint Kitts and Nevis	0	19	357	0	0	<1	No cases
Puerto Rico	4205	41772	14601	59	921	322	Community transmission
Martinique	517	4732	12610	4	37	99	Community transmission
Guadeloupe	195	8098	20239	6	139	347	Community transmission
Curaçao	185	1215	7404	0	2	12	Community transmission
French Guiana	140	10844	36306	0	70	234	Community transmission
Aruba	75	4639	43450	4	43	403	Community transmission
Saint Martin	51	655	16943	0	12	310	Community transmission
Sint Maarten	44	914	21314	1	23	536	Community transmission
United States Virgin Islands	44	1434	13732	0	23	220	Community transmission
Saint Barthélemy	19	109	11027	0	0	<1	Sporadic cases
Bermuda	13	222	3565	0	9	145	Sporadic cases
Turks and Caicos Islands	9	716	18493	0	6	155	Clusters of cases
Cayman Islands	4	254	3865	0	1	15	Sporadic cases
Falkland Islands (Malvinas)	2	15	4307	0	0	<1	No cases
Bonaire	1	136	7786	0	3	172	Sporadic cases
Anguilla	0	3	200	0	0	<1	No cases
British Virgin Islands	0	72	2381	0	1	33	Clusters of cases
Montserrat	0	13	2601	0	1	200	No cases
Saba	0	5	3342	0	0	<1	No cases
Saint Pierre and Miquelon	0	14	2416	0	0	<1	Sporadic cases
Sint Eustatius	0	14	5636	0	0	<1	Sporadic cases
