Reporting Country/Territory/Area	New cases in last 7 days	Cumulative cases	Cumulative cases per 1 million population	New deaths in last 7 days	Cumulative deaths	Cumulative deaths per 1 million population	Transmission classification
South-East Asia	381422	9251788	4577	4657	144194	71	
India	319271	8184082	5930	3577	122111	88	Clusters of cases
Indonesia	24108	410088	1499	664	13869	51	Community transmission
Nepal	15510	170743	5860	95	937	32	Clusters of cases
Bangladesh	10177	407684	2475	143	5923	36	Community transmission
Myanmar	8918	52706	969	171	1237	23	Clusters of cases
Sri Lanka	3142	10663	498	6	20	1	Clusters of cases
Maldives	238	11659	21569	1	38	70	Clusters of cases
Thailand	48	3784	54	0	59	1	Clusters of cases
Bhutan	9	349	452	0	0	<1	Sporadic cases
Timor-Leste	1	30	23	0	0	<1	Sporadic cases
