Reporting Country/Territory/Area	New cases in last 7 days	Cumulative cases	Cumulative cases per 1 million population	New deaths in last 7 days	Cumulative deaths	Cumulative deaths per 1 million population	Transmission classification
Eastern Mediterranean	174325	4665285	6384	3852	115495	158	
Iran (Islamic Republic of)	51254	1152072	13716	1499	53448	636	Community transmission
Pakistan	19617	454673	2058	526	9250	42	Clusters of cases
Morocco	17629	415226	11250	320	6909	187	Clusters of cases
Jordan	15522	272797	26737	210	3545	347	Community transmission
Lebanon	11325	156570	22939	80	1270	186	Community transmission
Iraq	9496	583118	14497	115	12680	315	Community transmission
Tunisia	8758	119151	10082	290	4126	349	Community transmission
United Arab Emirates	8649	192404	19454	25	634	64	Community transmission
Libya	3892	93772	13647	68	1346	196	Community transmission
Egypt	3802	124891	1220	171	7069	69	Clusters of cases
Kuwait	1731	147775	34603	7	918	215	Community transmission
Afghanistan	1584	50536	1298	94	2054	53	Clusters of cases
Oman	1350	127029	24873	20	1483	290	Community transmission
Sudan	1232	22823	520	79	1434	33	Community transmission
Saudi Arabia	1099	360848	10365	76	6112	176	Sporadic cases
Bahrain	1098	90062	52929	1	349	205	Clusters of cases
Qatar	1031	141858	49238	3	243	84	Community transmission
Syrian Arab Republic	1009	10050	574	95	601	34	Community transmission
Somalia	83	4662	293	3	124	8	Sporadic cases
Djibouti	56	5781	5851	0	61	62	Clusters of cases
Yemen	4	2091	70	0	607	20	Sporadic cases
occupied Palestinian territory	14104	137106	26876	170	1232	242	Community transmission
