WHO Region	New cases in last 7 days (%)	Change in new cases in last 7 days	Cumulative cases (%)	New deaths in last 7 days (%)	Change in new deaths in last 7 days	Cumulative deaths (%)
Europe	1771673 (44%)	-6%	16873383 (29%)	32684 (49%)	10%	375368 (27%)
Americas	1603498 (39%)	11%	24563600 (42%)	22005 (33%)	15%	697740 (51%)
South-East Asia	351822 (9%)	-6%	10367553 (18%)	4706 (7%)	4%	158566 (12%)
Eastern Mediterranean	250746 (6%)	5%	3796649 (7%)	6299 (9%)	10%	96354 (7%)
Africa	47106 (1%)	15%	1446041 (2%)	1088 (2%)	30%	32538 (2%)
Western Pacific	36046 (1%)	9%	834216 (1%)	439 (1%)	1%	16816 (1%)
Global	4060891 (100%)	1%	57882183 (100%)	67221 (100%)	11%	1377395 (100%)
