Reporting Country/Territory/Area	New cases in last 7 days	Cumulative cases	Cumulative cases per 1 million population	New deaths in last 7 days	Cumulative deaths	Cumulative deaths per 1 million population	Transmission classification
Western Pacific	45276	960020	489	537	18259	9	
Japan	17189	177287	1402	247	2562	20	Clusters of cases
Malaysia	10887	82246	2541	31	411	13	Clusters of cases
Philippines	10262	448331	4091	204	8730	80	Community transmission
Republic of Korea	5220	42766	834	35	580	11	Clusters of cases
China	790	94950	65	3	4756	3	Clusters of cases
Australia	69	28025	1099	0	908	36	Clusters of cases
Mongolia	64	906	276	0	0	0	Clusters of cases
Singapore	58	58313	9967	0	29	5	Sporadic cases
Papua New Guinea	49	720	80	1	8	1	Community transmission
Viet Nam	30	1395	14	0	35	0	Clusters of cases
New Zealand	18	1740	361	0	25	5	Clusters of cases
Cambodia	13	359	21	0	0	0	Sporadic cases
Lao People's Democratic Republic	2	41	6	0	0	0	Sporadic cases
Brunei Darussalam	1	152	347	0	3	7	Sporadic cases
Fiji	0	44	49	0	2	2	Sporadic cases
Solomon Islands	0	17	25	0	0	0	Sporadic cases
French Polynesia	511	15618	55598	12	91	324	Sporadic cases
Guam	108	6953	41197	4	117	693	Clusters of cases
Northern Mariana Islands (Commonwealth of the)	4	113	1963	0	2	35	Pending
New Caledonia	1	36	126	0	0	0	Sporadic cases
Marshall Islands	0	4	68	0	0	0	Sporadic cases
Vanuatu	0	1	3	0	0	0	Sporadic cases
Wallis and Futuna	0	3	267	0	0	0	Sporadic cases
