Reporting Country/Territory/Area	New cases in last 7 days	Cumulative cases	Cumulative cases per 1 million population	New deaths in last 7 days	Cumulative deaths	Cumulative deaths per 1 million population	Transmission classification
Eastern Mediterranean	242563	4288875	5869	5084	107258	147	
Iran (Islamic Republic of)	93187	1028986	12251	2530	50016	595	Community transmission
Morocco	27050	376738	10207	445	6184	168	Clusters of cases
Jordan	26804	237513	23278	384	3010	295	Community transmission
Pakistan	20835	413191	1871	361	8303	38	Clusters of cases
Iraq	13699	562520	13985	211	12411	309	Community transmission
Lebanon	10239	135876	19907	99	1090	160	Community transmission
United Arab Emirates	8774	175276	17722	20	589	60	Community transmission
Tunisia	8011	102991	8714	373	3526	298	Community transmission
Libya	4256	85529	12447	66	1219	177	Community transmission
Egypt	2831	118014	1153	129	6750	66	Clusters of cases
Kuwait	1969	144164	33758	14	889	208	Community transmission
Sudan	1937	19747	450	52	1301	30	Community transmission
Oman	1750	124329	24347	44	1435	281	Community transmission
Afghanistan	1675	47641	1224	113	1865	48	Clusters of cases
Saudi Arabia	1615	358526	10298	84	5954	171	Sporadic cases
Qatar	1306	139783	48518	2	239	83	Community transmission
Bahrain	1086	87731	51559	0	341	200	Clusters of cases
Syrian Arab Republic	605	8320	475	33	442	25	Community transmission
Somalia	74	4525	285	8	121	8	Sporadic cases
Djibouti	16	5692	5761	0	61	62	Clusters of cases
Yemen	3	2081	70	2	607	20	Sporadic cases
occupied Palestinian territory	14841	109702	21504	114	905	177	Community transmission
