Reporting Country/Territory/Area	New cases in last 7 days	Cumulative cases	Cumulative cases per 1 million population	New deaths in last 7 days	Cumulative deaths	Cumulative deaths per 1 million population	Transmission classification
Europe	1335914	9664042	10353	11733	270972	290	
France	217797	1134296	17378	1243	34721	532	Community transmission
The United Kingdom	148582	894694	13179	1166	44998	663	Community transmission
Russian Federation	114543	1547774	10606	1863	26589	182	Clusters of cases
Italy	101973	542789	8977	736	37479	620	Clusters of cases
Belgium	90817	333624	28786	390	10899	940	Community transmission
Czechia	81970	268370	25060	725	2365	221	Community transmission
Spain	78180	1046132	22375	706	34752	743	Community transmission
Poland	74716	263929	6974	827	4483	118	Community transmission
Germany	67207	449275	5362	255	10098	121	Clusters of cases
Netherlands	60936	301249	17581	281	7062	412	Community transmission
Ukraine	38538	355601	8131	682	6590	151	Community transmission
Romania	29325	212492	11046	506	6470	336	Community transmission
Switzerland	29096	120680	13944	54	1913	221	Community transmission
Portugal	18054	121133	11880	135	2343	230	Clusters of cases
Austria	15275	85048	9443	71	988	110	Community transmission
Turkey	14106	363999	4316	503	9874	117	Community transmission
Armenia	13143	80410	27136	99	1222	412	Community transmission
Hungary	12957	63642	6588	283	1535	159	Community transmission
Slovakia	12533	45155	8271	77	165	30	Clusters of cases
Georgia	10954	32127	8054	65	238	60	Community transmission
Croatia	9198	37208	9063	74	452	110	Community transmission
Slovenia	8861	24080	11583	28	188	90	Clusters of cases
Bulgaria	8454	40132	5776	116	1136	163	Clusters of cases
Ireland	7430	58067	11760	33	1885	382	Community transmission
Israel	6852	310105	35827	181	2435	281	Community transmission
Sweden	5216	110594	10951	2	5933	587	Community transmission
Greece	5060	31496	3022	64	581	56	Clusters of cases
Bosnia and Herzegovina	4939	40894	12465	85	1086	331	Community transmission
Azerbaijan	4696	50486	4979	41	679	67	Clusters of cases
Denmark	4470	41412	7150	21	708	122	Community transmission
Republic of Moldova	4437	71811	17802	100	1700	421	Community transmission
Belarus	4104	93707	9917	20	961	102	Community transmission
Kyrgyzstan	3706	56738	8697	23	1136	174	Clusters of cases
Luxembourg	3242	14399	23002	11	147	235	Community transmission
North Macedonia	3193	27199	13055	73	934	448	Community transmission
Serbia	2926	39827	5719	15	793	114	Community transmission
Lithuania	2309	10949	4022	16	136	50	Community transmission
Albania	2084	19445	6757	25	480	167	Clusters of cases
Uzbekistan	2076	65765	1965	22	554	17	Clusters of cases
Kazakhstan	1990	147615	7862	41	2219	118	Clusters of cases
Finland	1519	14970	2702	2	354	64	Community transmission
Montenegro	1138	16950	26988	30	270	430	Clusters of cases
Norway	1096	17908	3303	1	279	51	Clusters of cases
Malta	1091	5373	12169	5	50	113	Clusters of cases
Latvia	1075	4757	2522	12	60	32	Clusters of cases
Cyprus	1065	3636	3012	0	25	21	Clusters of cases
Andorra	661	4325	55976	10	72	932	Community transmission
Iceland	396	4504	13199	0	11	32	Community transmission
Estonia	299	4428	3338	5	73	55	Clusters of cases
Tajikistan	281	10819	1134	1	81	8	Pending
Liechtenstein	123	413	10829	0	1	26	Sporadic cases
Monaco	36	310	7899	0	2	51	Sporadic cases
San Marino	35	852	25105	0	42	1238	Community transmission
Holy See	0	26	32138	0	0	<1	Sporadic cases
Kosovo	1003	18105	9732	9	656	353	Community transmission
Gibraltar	97	667	19798	0	0	<1	Clusters of cases
Jersey	39	530	4871	0	32	294	Community transmission
Faroe Islands	7	490	10028	0	0	<1	Sporadic cases
Guernsey	7	266	4209	0	13	206	Community transmission
Greenland	1	17	299	0	0	<1	No cases
Isle of Man	0	348	4093	0	24	282	No cases
