Reporting Country/Territory/Area	New cases in last 7 days	Cumulative cases	Cumulative cases per 1 million population	New deaths in last 7 days	Cumulative deaths	Cumulative deaths per 1 million population	Transmission classification
Europe	927433	8027954	8601	8386	256540	275	
France	146777	867978	13298	670	33204	509	Community transmission
The United Kingdom	114584	722413	10642	819	43646	643	Community transmission
Russian Federation	100616	1415316	9698	1590	24366	167	Clusters of cases
Czechia	54820	173885	16237	357	1422	133	Community transmission
Italy	53042	414241	6851	334	36543	604	Clusters of cases
Netherlands	51713	228234	13320	170	6751	394	Community transmission
Spain	50877	936560	20031	597	33775	722	Community transmission
Belgium	47949	222160	19169	199	10413	898	Community transmission
Poland	45592	175766	4644	552	3573	94	Community transmission
Germany	39110	366299	4372	162	9789	117	Clusters of cases
Ukraine	37837	303638	6943	635	5673	130	Community transmission
Romania	24065	180388	9377	454	5872	305	Community transmission
Switzerland	13997	74227	8577	29	1822	211	Community transmission
Portugal	12481	99911	9798	95	2181	214	Clusters of cases
Israel	11861	301024	34778	199	2138	247	Community transmission
Turkey	11647	347493	4120	446	9296	110	Community transmission
Austria	9810	65557	7279	49	910	101	Community transmission
Slovakia	9471	29835	5465	21	88	16	Clusters of cases
Hungary	8626	47768	4945	188	1173	121	Community transmission
Armenia	8243	65460	22091	61	1091	368	Community transmission
Ireland	6964	49962	10118	28	1852	375	Community transmission
Georgia	5683	18663	4678	51	143	36	Community transmission
Bulgaria	5237	29503	4246	81	986	142	Clusters of cases
Republic of Moldova	4890	67050	16621	111	1584	393	Community transmission
Slovenia	4890	13683	6582	12	161	77	Clusters of cases
Croatia	4829	25580	6231	38	363	88	Community transmission
Belarus	4040	87698	9281	34	929	98	Community transmission
Sweden	3280	103200	10219	8	5918	586	Community transmission
Bosnia and Herzegovina	3218	34120	10400	60	984	300	Community transmission
Denmark	2859	35392	6110	12	680	117	Community transmission
Greece	2854	25370	2434	64	509	49	Clusters of cases
Kyrgyzstan	2814	52526	8051	26	1111	170	Clusters of cases
North Macedonia	2646	23628	11341	39	834	400	Community transmission
Azerbaijan	2565	44964	4435	15	626	62	Clusters of cases
Uzbekistan	2230	63430	1895	22	529	16	Clusters of cases
Montenegro	1746	15730	25045	32	236	376	Clusters of cases
Kazakhstan	1733	145473	7748	42	2178	116	Clusters of cases
Finland	1553	13424	2423	5	351	63	Community transmission
Albania	1543	17055	5926	32	451	157	Clusters of cases
Serbia	1261	36160	5193	12	776	111	Community transmission
Luxembourg	1111	10646	17007	3	133	212	Community transmission
Lithuania	1078	7726	2838	9	113	42	Community transmission
Norway	915	16136	2976	3	278	51	Clusters of cases
Latvia	796	3450	1829	3	44	23	Clusters of cases
Andorra	681	3377	43707	4	59	764	Community transmission
Malta	601	4282	9698	4	45	102	Clusters of cases
Iceland	538	4055	11883	1	11	32	Community transmission
Cyprus	393	2644	2190	0	25	21	Clusters of cases
Tajikistan	275	10493	1100	1	80	8	Pending
Estonia	206	4078	3074	0	68	51	Clusters of cases
Liechtenstein	79	224	5874	0	1	26	Sporadic cases
Monaco	24	265	6753	0	2	51	Sporadic cases
San Marino	18	784	23101	0	42	1238	Community transmission
Holy See	14	26	32138	0	0	<1	Sporadic cases
Kosovo	624	16848	9056	7	643	346	Community transmission
Gibraltar	76	558	16562	0	0	<1	Clusters of cases
Jersey	42	491	4513	0	32	294	Community transmission
Faroe Islands	6	485	9925	0	0	<1	Sporadic cases
Isle of Man	3	348	4093	0	24	282	No cases
Greenland	0	16	282	0	0	<1	No cases
Guernsey	0	258	4083	0	13	206	Community transmission
