Reporting Country/Territory/Area	New cases in last 7 days	Cumulative cases	Cumulative cases per 1 million population	New deaths in last 7 days	Cumulative deaths	Cumulative deaths per 1 million population	Transmission classification
Americas	884318	19737794	19298	16918	625973	612	
United States of America	436392	8548111	25825	5436	223699	676	Community transmission
Brazil	153356	5394128	25377	3257	157134	739	Community transmission
Argentina	103759	1090589	24130	2615	28896	639	Community transmission
Colombia	53588	1015885	19965	1186	30154	593	Community transmission
Mexico	39114	891160	6912	2608	88924	690	Community transmission
Peru	20699	888715	26954	385	34149	1036	Community transmission
Canada	17626	216104	5726	166	9946	264	Community transmission
Chile	10539	503598	26344	304	14003	733	Community transmission
Costa Rica	7478	103088	20237	97	1282	252	Community transmission
Ecuador	7192	161635	9161	167	12553	711	Community transmission
Honduras	5191	93214	9411	56	2623	265	Community transmission
Paraguay	4777	59594	8355	112	1309	184	Community transmission
Panama	4368	129200	29944	76	2633	610	Community transmission
Guatemala	3604	104894	5855	94	3651	204	Community transmission
Dominican Republic	3093	124843	11508	25	2225	205	Community transmission
Venezuela (Bolivarian Republic of)	2658	89565	3150	34	773	27	Community transmission
El Salvador	1129	32925	5076	27	953	147	Community transmission
Bolivia (Plurinational State of)	1050	140853	12067	169	8645	741	Community transmission
Bahamas	640	6466	16443	14	132	336	Clusters of cases
Jamaica	475	8749	2955	18	192	65	Community transmission
Cuba	364	6595	582	3	128	11	Clusters of cases
Belize	322	3145	7909	4	50	126	Community transmission
Uruguay	309	2851	821	2	53	15	Clusters of cases
Guyana	288	4023	5115	10	119	151	Clusters of cases
Trinidad and Tobago	246	5511	3938	9	105	75	Community transmission
Haiti	90	9026	792	0	232	20	Community transmission
Nicaragua	65	4362	658	1	155	23	Community transmission
Suriname	42	5170	8813	0	109	186	Community transmission
Saint Lucia	19	54	294	0	0	<1	Sporadic cases
Antigua and Barbuda	9	124	1266	0	3	31	Sporadic cases
Barbados	8	233	811	0	7	24	Clusters of cases
Saint Vincent and the Grenadines	6	73	658	0	0	<1	Sporadic cases
Dominica	5	38	528	0	0	<1	Clusters of cases
Grenada	0	28	249	0	0	<1	No cases
Saint Kitts and Nevis	0	19	357	0	0	<1	No cases
Puerto Rico	4630	63135	22069	33	804	281	Community transmission
Martinique	528	2800	7461	2	27	72	Community transmission
Guadeloupe	207	7474	18679	4	127	317	Community transmission
French Guiana	137	10385	34769	0	69	231	Community transmission
Curaçao	130	858	5229	0	1	6	Community transmission
Aruba	104	4420	41399	4	36	337	Community transmission
Sint Maarten	39	784	18283	0	22	513	Community transmission
United States Virgin Islands	17	1348	12909	0	21	201	Community transmission
Saint Martin	7	542	14020	0	8	207	Community transmission
Cayman Islands	6	239	3637	0	1	15	Sporadic cases
Bermuda	5	190	3051	0	9	145	Sporadic cases
Saint Barthélemy	5	83	8397	0	0	<1	Sporadic cases
Turks and Caicos Islands	2	701	18105	0	6	155	Clusters of cases
Anguilla	0	3	200	0	0	<1	No cases
Bonaire, Sint Eustatius and Saba	0	150	5721	0	3	114	Sporadic cases
British Virgin Islands	0	72	2381	0	1	33	Clusters of cases
Falkland Islands (Malvinas)	0	13	3732	0	0	<1	No cases
Montserrat	0	13	2601	0	1	200	No cases
Saint Pierre and Miquelon	0	16	2761	0	0	<1	Sporadic cases
