Reporting Country/Territory/Area	New cases in last 7 days	Cumulative cases	Cumulative cases per 1 million population	New deaths in last 7 days	Cumulative deaths	Cumulative deaths per 1 million population	Transmission classification
Americas	863093	12283953	1823	24250	438576	65	
Antigua and Barbuda	1	94	960	0	3	31	Clusters of cases
Argentina	46606	329043	7280	1230	6795	150	Community transmission
Bahamas	584	1703	4331	10	27	69	Clusters of cases
Barbados	9	157	546	0	7	24	Clusters of cases
Belize	260	648	1630	2	5	13	Clusters of cases
Bolivia (Plurinational State of)	9485	107435	9204	427	4366	374	Community transmission
Brazil	256810	3532330	16618	6835	113358	533	Community transmission
Canada	2720	124372	3295	44	9064	240	Community transmission
Chile	11806	395708	20700	397	10792	565	Community transmission
Colombia	77027	522138	10262	2076	16568	326	Community transmission
Costa Rica	5203	32134	6308	59	340	67	Community transmission
Cuba	325	3617	319	1	89	8	Clusters of cases
Dominica	1	19	264	0	0	<1	Clusters of cases
Dominican Republic	5016	90561	8348	116	1554	143	Community transmission
Ecuador	6401	107089	6070	212	6277	356	Community transmission
El Salvador	1801	24420	3765	51	654	101	Community transmission
Grenada	0	24	213	0	0	<1	Clusters of cases
Guatemala	5543	67856	3788	225	2580	144	Community transmission
Guyana	232	881	1120	8	30	38	Clusters of cases
Haiti	219	8050	706	0	196	17	Community transmission
Honduras	3914	53381	5390	84	1632	165	Community transmission
Jamaica	264	1346	455	2	16	5	Clusters of cases
Mexico	38365	549734	4264	3702	59610	462	Community transmission
Nicaragua	127	3540	534	5	133	20	Community transmission
Panama	4990	84392	19559	125	1859	431	Community transmission
Paraguay	3514	12536	1758	74	182	26	Community transmission
Peru	59771	576067	17471	1389	27245	826	Community transmission
Saint Kitts and Nevis	0	17	320	0	0	<1	No cases
Saint Lucia	1	26	142	0	0	<1	Sporadic cases
Saint Vincent and the Grenadines	1	58	523	0	0	<1	Sporadic cases
Suriname	622	3460	5898	15	56	95	Community transmission
Trinidad and Tobago	425	899	642	3	13	9	Community transmission
United States of America	308652	5567217	16819	7045	174246	526	Community transmission
Uruguay	95	1516	436	4	42	12	Clusters of cases
Venezuela (Bolivarian Republic of)	6807	38188	1343	51	317	11	Community transmission
Anguilla	0	3	200	0	0	<1	No cases
Aruba	493	1387	12991	2	6	56	Community transmission
Bermuda	8	167	2682	0	9	145	Sporadic cases
Bonaire, Sint Eustatius and Saba	0	13	496	0	0	<1	Sporadic cases
British Virgin Islands	12	21	695	0	1	33	Sporadic cases
Cayman Islands	2	205	3119	0	1	15	No cases
Curaçao	5	37	225	0	1	6	Sporadic cases
Falkland Islands (Malvinas)	0	13	3732	0	0	<1	No cases
French Guiana	209	8797	29453	2	55	184	Community transmission
Guadeloupe	325	771	1927	1	15	37	Clusters of cases
Martinique	128	464	1236	0	16	43	Clusters of cases
Montserrat	0	13	2601	0	1	200	No cases
Puerto Rico	3882	29577	10339	52	381	133	Community transmission
Saint Barthélemy	3	16	1619	0	0	<1	Sporadic cases
Saint Martin	67	176	4553	0	5	129	Sporadic cases
Saint Pierre and Miquelon	1	5	863	0	0	<1	Sporadic cases
Sint Maarten	90	353	8232	0	17	396	Community transmission
Turks and Caicos Islands	73	347	8962	0	2	52	Clusters of cases
United States Virgin Islands	198	932	8925	1	10	96	Community transmission
