Reporting Country/Territory/Area	New cases in last 7 days	Cumulative cases	Cumulative cases per 1 million population	New deaths in last 7 days	Cumulative deaths	Cumulative deaths per 1 million population	Transmission classification
Eastern Mediterranean	105430	2101676	299	2302	55012	8	
Iraq	30059	286778	7130	519	7941	197	Community transmission
Iran (Islamic Republic of)	15274	399940	4762	875	23029	274	Community transmission
Morocco	14275	84435	2288	224	1553	42	Clusters of cases
United Arab Emirates	5378	78849	7972	11	399	40	Community transmission
Libya	5254	22348	3252	82	354	52	Community transmission
Kuwait	5248	94211	22061	18	558	131	Community transmission
Saudi Arabia	5118	325050	9337	191	4240	122	Clusters of cases
Bahrain	4815	59586	35018	15	211	124	Clusters of cases
Lebanon	3658	23669	3468	52	239	35	Community transmission
Pakistan	2972	301481	1365	37	6379	29	Clusters of cases
Oman	1957	88337	17299	57	762	149	Community transmission
Tunisia	1859	6635	561	14	107	9	Clusters of cases
Qatar	1659	121523	42180	3	205	71	Community transmission
Egypt	1144	100856	986	116	5627	55	Clusters of cases
Jordan	709	3062	300	6	22	2	Clusters of cases
Syrian Arab Republic	402	3506	200	22	152	9	Community transmission
Afghanistan	243	38641	993	8	1420	36	Clusters of cases
Sudan	63	13470	307	2	834	19	Community transmission
Somalia	44	3376	212	0	98	6	Sporadic cases
Yemen	26	2013	67	10	583	20	Community transmission
Djibouti	7	5394	5460	1	61	62	Sporadic cases
occupied Palestinian territory	5266	38516	7550	39	238	47	Clusters of cases
