Reporting Country/Territory/Area	New cases in last 7 days	Cumulative cases	Cumulative cases per 1 million population	New deaths in last 7 days	Cumulative deaths	Cumulative deaths per 1 million population	Transmission classification
Eastern Mediterranean	92534	1816207	258	2489	48193	7	
Afghanistan	403	37999	976	12	1387	36	Clusters of cases
Bahrain	2608	49038	28819	13	183	108	Clusters of cases
Djibouti	15	5382	5447	1	60	61	Clusters of cases
Egypt	901	97237	950	102	5243	51	Clusters of cases
Iran (Islamic Republic of)	15722	356792	4248	1010	20502	244	Community transmission
Iraq	28467	201050	4998	568	6353	158	Community transmission
Jordan	237	1576	154	0	11	1	Clusters of cases
Kuwait	4260	79957	18723	15	513	120	Clusters of cases
Lebanon	3749	12191	1786	24	121	18	Community transmission
Libya	3110	10437	1519	49	188	27	Clusters of cases
Morocco	9795	50812	1377	226	858	23	Clusters of cases
Oman	845	83769	16404	47	609	119	Clusters of cases
Pakistan	4048	292765	1325	67	6235	28	Community transmission
Qatar	1956	116765	40529	1	193	67	Clusters of cases
Saudi Arabia	9055	306370	8800	250	3619	104	Community transmission
Somalia	13	3269	206	0	93	6	Clusters of cases
Sudan	368	12682	289	17	815	19	Sporadic cases
Syrian Arab Republic	550	2143	122	25	85	5	Community transmission
Tunisia	715	2738	232	14	68	6	Community transmission
United Arab Emirates	2515	66617	6736	11	372	38	Sporadic cases
Yemen	49	1911	64	18	547	18	Community transmission
occupied Palestinian territory	3153	24707	4843	19	138	27	Community transmission
