Reporting Country/Territory/Area	New cases in last 7 days	Cumulative cases	Cumulative cases per 1 million population	New deaths in last 7 days	Cumulative deaths	Cumulative deaths per 1 million population	Transmission classification
South-East Asia	371180	10738733	5313	4888	163454	81	
India	297113	9392919	6806	3469	136696	99	Clusters of cases
Indonesia	34691	527999	1930	872	16646	61	Community transmission
Bangladesh	15338	460619	2797	230	6580	40	Community transmission
Nepal	12084	230723	7919	149	1454	50	Clusters of cases
Myanmar	8785	86633	1592	143	1865	34	Clusters of cases
Sri Lanka	2730	22501	1051	24	107	5	Clusters of cases
Maldives	369	12947	23952	1	46	85	Clusters of cases
Thailand	53	3966	57	0	60	1	Clusters of cases
Bhutan	17	396	513	0	0	<1	Sporadic cases
Timor-Leste	0	30	23	0	0	<1	Sporadic cases
