Reporting Country/Territory/Area	New cases in last 7 days	Cumulative cases	Cumulative cases per 1 million population	New deaths in last 7 days	Cumulative deaths	Cumulative deaths per 1 million population	Transmission classification
Africa	53083	1547607	1379	974	34486	31	
South Africa	25310	810449	13665	628	22067	372	Community transmission
Algeria	6290	87502	1995	108	2501	57	Community transmission
Kenya	5379	87984	1636	73	1518	28	Community transmission
Ethiopia	3810	112740	981	50	1745	15	Community transmission
Uganda	2244	22188	485	5	206	5	Community transmission
Nigeria	1607	68937	334	9	1180	6	Community transmission
Democratic Republic of the Congo	919	13526	151	11	344	4	Community transmission
Zimbabwe	795	10617	714	16	291	20	Community transmission
Ghana	717	52096	1677	2	325	10	Community transmission
Namibia	665	14950	5884	3	153	60	Community transmission
Cameroon	635	24752	932	6	443	17	Community transmission
Mozambique	547	16133	516	4	133	4	Community transmission
Mali	495	5062	250	14	163	8	Community transmission
Angola	449	15536	473	9	354	11	Community transmission
Senegal	370	16397	979	5	337	20	Community transmission
Burkina Faso	340	3156	151	0	68	3	Community transmission
Niger	317	1789	74	7	77	3	Community transmission
Zambia	309	17898	974	7	364	20	Community transmission
Rwanda	212	6084	470	4	51	4	Clusters of cases
Côte d'Ivoire	180	21441	813	1	132	5	Community transmission
Madagascar	172	17513	632	4	255	9	Community transmission
Guinea	168	13207	1006	0	76	6	Community transmission
Togo	125	3051	369	1	65	8	Community transmission
Cabo Verde	100	10626	19112	1	105	189	Community transmission
Eswatini	89	6495	5598	1	122	105	Community transmission
Benin	81	3055	252	1	44	4	Community transmission
Liberia	81	1676	331	0	83	16	Community transmission
Gabon	63	9254	4158	1	60	27	Community transmission
South Sudan	62	3166	283	0	61	5	Community transmission
Chad	59	1722	105	1	102	6	Community transmission
Eritrea	55	632	178	0	0	0	Sporadic cases
Gambia	36	3770	1560	0	123	51	Community transmission
Lesotho	28	2137	998	0	44	21	Community transmission
Malawi	24	6049	316	0	185	10	Community transmission
Guinea-Bissau	19	2441	1240	1	44	22	Community transmission
Sao Tome and Principe	14	999	4558	0	17	78	Community transmission
Burundi	13	694	58	0	1	0	Community transmission
Seychelles	10	182	1851	0	0	0	Sporadic cases
Sierra Leone	10	2420	303	0	74	9	Community transmission
Central African Republic	9	4922	1019	0	63	13	Community transmission
Equatorial Guinea	6	5159	3677	0	85	61	Community transmission
Comoros	5	615	707	0	7	8	Community transmission
Mauritius	4	505	397	0	10	8	Clusters of cases
Botswana	0	9992	4249	0	31	13	Community transmission
Congo	0	5774	1046	0	94	17	Community transmission
Mauritania	0	8424	1812	0	172	37	Community transmission
United Republic of Tanzania	0	509	9	0	21	0	Community transmission
Réunion	260	8200	9159	1	41	46	Clusters of cases
Mayotte	0	5181	18991	0	49	180	Clusters of cases
