Reporting Country/Territory/Area	New cases in last 7 days	Cumulative cases	Cumulative cases per 1 million population	New deaths in last 7 days	Cumulative deaths	Cumulative deaths per 1 million population	Transmission classification
Americas	862478	14001390	2078	22325	484079	72	
United States of America	288617	6144138	18562	5974	186663	564	Community transmission
Brazil	288029	4092832	19255	6017	125521	591	Community transmission
Argentina	69873	461882	10220	1380	9685	214	Community transmission
Colombia	59542	650062	12776	2121	20888	411	Community transmission
Peru	46887	676848	20528	1083	29554	896	Community transmission
Mexico	37352	623090	4833	3705	66851	518	Community transmission
Chile	12425	420434	21994	370	11551	604	Community transmission
Costa Rica	7195	45680	8967	62	469	92	Community transmission
Venezuela (Bolivarian Republic of)	7094	50973	1793	54	412	14	Community transmission
Bolivia (Plurinational State of)	5171	119580	10244	497	5343	458	Community transmission
Ecuador	5139	118045	6691	187	6724	381	Community transmission
Dominican Republic	5050	98776	9106	167	1840	170	Community transmission
Honduras	4988	63798	6441	157	1984	200	Community transmission
Panama	4972	95596	22156	97	2063	478	Community transmission
Paraguay	4780	20654	2896	118	398	56	Community transmission
Guatemala	3802	77481	4325	117	2845	159	Community transmission
Canada	3766	131124	3474	33	9141	242	Community transmission
Jamaica	953	2964	1001	11	30	10	Clusters of cases
El Salvador	669	26206	4040	44	752	116	Community transmission
Trinidad and Tobago	565	2142	1531	13	32	23	Community transmission
Bahamas	419	2476	6296	15	55	140	Clusters of cases
Suriname	404	4252	7248	9	75	128	Community transmission
Cuba	373	4298	379	6	100	9	Clusters of cases
Belize	282	1152	2897	3	15	38	Community transmission
Guyana	236	1416	1800	9	44	56	Clusters of cases
Haiti	152	8326	730	11	212	19	Community transmission
Nicaragua	114	3773	570	4	141	21	Community transmission
Uruguay	97	1653	476	2	45	13	Clusters of cases
Barbados	12	178	619	0	7	24	Clusters of cases
Dominica	2	22	306	0	0	<1	Clusters of cases
Saint Vincent and the Grenadines	1	61	550	0	0	<1	Sporadic cases
Antigua and Barbuda	1	95	970	0	3	31	Clusters of cases
Grenada	0	24	213	0	0	<1	Clusters of cases
Saint Kitts and Nevis	0	17	320	0	0	<1	No cases
Saint Lucia	0	26	142	0	0	<1	Sporadic cases
Puerto Rico	1942	34492	12057	36	464	162	Community transmission
Aruba	444	2292	21468	5	13	122	Community transmission
Guadeloupe	428	1363	3406	5	20	50	Clusters of cases
French Guiana	246	9322	31210	4	62	208	Community transmission
Martinique	158	754	2009	2	18	48	Clusters of cases
Turks and Caicos Islands	101	591	15264	2	5	129	Clusters of cases
Sint Maarten	60	504	11753	2	19	443	Community transmission
United States Virgin Islands	49	1167	11175	2	16	153	Community transmission
British Virgin Islands	28	63	2084	0	1	33	Clusters of cases
Saint Martin	26	239	6182	1	6	155	Sporadic cases
Curaçao	23	78	475	0	1	6	Clusters of cases
Bermuda	7	175	2810	0	9	145	Sporadic cases
Bonaire, Sint Eustatius and Saba	3	18	686	0	0	<1	Sporadic cases
Saint Pierre and Miquelon	1	6	1035	0	0	<1	Sporadic cases
Saint Barthélemy	0	18	1821	0	0	<1	Sporadic cases
Anguilla	0	3	200	0	0	<1	No cases
Cayman Islands	0	205	3119	0	1	15	Sporadic cases
Falkland Islands (Malvinas)	0	13	3732	0	0	<1	No cases
Montserrat	0	13	2601	0	1	200	No cases
