Reporting Country/Territory/Area	New cases in last 7 days	Cumulative cases	Cumulative cases per 1 million population	New deaths in last 7 days	Cumulative deaths	Cumulative deaths per 1 million population	Transmission classification
Africa	38639	1083152	163	1207	22929	3	
South Africa	14333	636884	10738	798	14779	249	Community transmission
Ethiopia	7812	57466	500	127	897	8	Community transmission
Algeria	2289	46071	1051	58	1549	35	Community transmission
Namibia	1398	8514	3351	18	87	34	Community transmission
Kenya	1226	35020	651	22	594	11	Community transmission
Nigeria	1178	54905	266	43	1054	5	Community transmission
Ghana	828	44777	1441	13	283	9	Community transmission
Zambia	807	12709	691	8	292	16	Community transmission
Uganda	783	3539	77	11	39	1	Clusters of cases
Congo	649	4628	839	24	102	18	Community transmission
Mozambique	581	4341	139	4	26	1	Community transmission
Rwanda	506	4349	336	2	18	1	Clusters of cases
Cabo Verde	497	4275	7689	3	42	76	Clusters of cases
Madagascar	478	15269	551	9	199	7	Community transmission
Guinea	471	9722	740	2	61	5	Community transmission
Cameroon	462	19604	738	4	415	16	Community transmission
Zimbabwe	431	6837	460	10	206	14	Community transmission
Senegal	425	13881	829	7	289	17	Community transmission
Angola	384	2935	89	10	117	4	Clusters of cases
Côte d'Ivoire	376	18269	693	4	119	5	Community transmission
Botswana	369	2002	851	2	8	3	Clusters of cases
Gambia	323	3120	1291	3	99	41	Community transmission
Eswatini	309	4819	4154	3	94	81	Community transmission
Democratic Republic of the Congo	155	10148	113	4	259	3	Community transmission
Mauritania	122	7134	1534	2	160	34	Community transmission
Gabon	96	8601	3864	0	53	24	Community transmission
Guinea-Bissau	96	2245	1141	5	38	19	Community transmission
Malawi	83	5611	293	1	175	9	Community transmission
Lesotho	82	1148	536	0	31	14	Clusters of cases
Mali	76	2833	140	0	126	6	Community transmission
Benin	68	2213	183	0	40	3	Community transmission
Togo	53	1443	174	4	31	4	Community transmission
Burkina Faso	51	1408	67	0	55	3	Community transmission
Equatorial Guinea	31	4972	3544	0	83	59	Community transmission
Central African Republic	29	4729	979	1	62	13	Community transmission
Chad	26	1034	63	0	77	5	Community transmission
South Sudan	25	2544	227	1	48	4	Community transmission
Comoros	25	448	515	0	7	8	Community transmission
Sierra Leone	24	2043	256	1	71	9	Community transmission
Burundi	17	462	39	0	1	<1	Clusters of cases
Eritrea	12	330	93	0	0	<1	Sporadic cases
Mauritius	10	356	280	0	10	8	Sporadic cases
Seychelles	4	135	1373	0	0	<1	Sporadic cases
Liberia	3	1306	258	0	82	16	Community transmission
Sao Tome and Principe	3	898	4097	0	15	68	Clusters of cases
Niger	2	1177	49	0	69	3	Clusters of cases
United Republic of Tanzania	0	509	9	0	21	<1	Community transmission
Réunion	558	2115	2362	3	6	7	Clusters of cases
Mayotte	73	3374	12367	0	40	147	Clusters of cases
