Reporting Country/Territory/Area	New cases in last 7 days	Cumulative cases	Cumulative cases per 1 million population	New deaths in last 7 days	Cumulative deaths	Cumulative deaths per 1 million population	Transmission classification
Americas	1965774	34403371	33637	31142	840247	822	
United States of America	1334155	18648989	56341	16864	328014	991	Community transmission
Brazil	285582	7448560	35042	4838	190488	896	Community transmission
Colombia	92635	1574707	30948	1671	41690	819	Community transmission
Mexico	70697	1372243	10643	4588	121837	945	Community transmission
Canada	43952	539298	14289	741	14781	392	Community transmission
Argentina	43180	1574554	34839	750	42422	939	Community transmission
Panama	20350	226660	52531	252	3756	870	Community transmission
Chile	15040	598394	31303	303	16404	858	Community transmission
Peru	11786	1005546	30497	399	37368	1133	Community transmission
Dominican Republic	6876	165940	15297	22	2404	222	Community transmission
Paraguay	5592	103880	14565	104	2154	302	Community transmission
Costa Rica	5518	162990	31996	90	2086	409	Community transmission
Bolivia (Plurinational State of)	4441	153590	13158	50	9083	778	Community transmission
Uruguay	3898	15848	4562	34	143	41	Community transmission
Ecuador	3354	209274	11862	42	13990	793	Community transmission
Guatemala	2576	135171	7545	139	4763	266	Community transmission
Honduras	2447	118659	11980	38	3061	309	Community transmission
Venezuela (Bolivarian Republic of)	2208	111603	3925	31	1010	36	Community transmission
El Salvador	1424	44619	6879	55	1297	200	Community transmission
Cuba	1014	11038	975	4	141	12	Clusters of cases
Belize	561	10490	26381	13	228	573	Community transmission
Jamaica	549	12684	4283	9	294	99	Community transmission
Suriname	421	5880	10023	2	119	203	Sporadic cases
Guyana	213	6289	7996	3	162	206	Clusters of cases
Haiti	172	9846	863	1	235	21	Community transmission
Trinidad and Tobago	142	7097	5071	2	125	89	Community transmission
Bahamas	55	7788	19804	5	169	430	Clusters of cases
Nicaragua	42	4790	723	1	164	25	Community transmission
Barbados	40	347	1207	0	7	24	Clusters of cases
Saint Lucia	25	305	1661	0	5	27	Sporadic cases
Grenada	22	116	1031	0	0	0	Sporadic cases
Dominica	8	96	1334	0	0	0	Clusters of cases
Saint Vincent and the Grenadines	8	108	973	0	0	0	Sporadic cases
Antigua and Barbuda	3	155	1583	0	5	51	Sporadic cases
Saint Kitts and Nevis	0	30	564	0	0	0	Sporadic cases
Puerto Rico	5232	72443	25322	90	1432	501	Community transmission
Martinique	438	6072	16181	0	42	112	Community transmission
French Guiana	404	12773	42765	0	71	238	Community transmission
Curaçao	228	4051	24687	1	12	73	Community transmission
Aruba	104	5228	48967	0	47	440	Community transmission
Sint Maarten	76	1370	31948	0	26	606	Community transmission
United States Virgin Islands	69	1979	18951	0	23	220	Community transmission
Guadeloupe	63	8620	21543	0	155	387	Community transmission
Turks and Caicos Islands	55	844	21799	0	6	155	Clusters of cases
Bermuda	45	561	9009	0	9	145	Clusters of cases
Saint Martin	38	986	25505	0	12	310	Community transmission
British Virgin Islands	7	93	3076	0	1	33	Clusters of cases
Cayman Islands	7	318	4839	0	2	30	Sporadic cases
Saint Barthélemy	7	189	19120	0	0	0	Sporadic cases
Falkland Islands (Malvinas)	6	29	8326	0	0	0	No cases
Bonaire, Sint Eustatius and Saba	5	182	6941	0	3	114	
Anguilla	2	12	800	0	0	0	Sporadic cases
Saint Pierre and Miquelon	2	16	2761	0	0	0	Sporadic cases
Montserrat	0	13	2601	0	1	200	No cases
