Reporting Country/Territory/Area	New cases in last 7 days	Cumulative cases	Cumulative cases per 1 million population	New deaths in last 7 days	Cumulative deaths	Cumulative deaths per 1 million population	Transmission classification
South-East Asia	373825	10015731	4955	4534	153860	76	
India	306825	8814579	6387	3514	129635	94	Clusters of cases
Indonesia	29171	463007	1693	608	15148	55	Community transmission
Nepal	16663	208299	7149	128	1215	42	Clusters of cases
Bangladesh	11732	430496	2614	124	6173	37	Community transmission
Myanmar	6386	66734	1227	138	1534	28	Clusters of cases
Sri Lanka	2772	16191	756	19	53	2	Clusters of cases
Maldives	192	12154	22485	3	42	78	Clusters of cases
Thailand	29	3866	55	0	60	1	Clusters of cases
Bhutan	16	375	486	0	0	<1	Sporadic cases
Timor-Leste	0	30	23	0	0	<1	Sporadic cases
