Reporting Country/Territory/Area	New cases in last 7 days	Cumulative cases	Cumulative cases per 1 million population	New deaths in last 7 days	Cumulative deaths	Cumulative deaths per 1 million population	Transmission classification
Americas	1031573	21509104	21030	17289	656629	642	
United States of America	684493	9636579	29113	6315	234500	708	Community transmission
Brazil	114523	5631181	26492	2538	162015	762	Community transmission
Argentina	71635	1228814	27189	2344	33136	733	Community transmission
Colombia	64582	1127733	22163	1270	32405	637	Community transmission
Mexico	36317	955128	7408	3034	94323	732	Community transmission
Canada	23810	255809	6778	326	10436	277	Community transmission
Peru	17323	917503	27827	372	34783	1055	Community transmission
Chile	9721	519977	27201	292	14499	758	Community transmission
Costa Rica	6551	115417	22657	82	1453	285	Community transmission
Ecuador	5294	173486	9833	145	12815	726	Community transmission
Panama	4893	137760	31928	82	2770	642	Community transmission
Paraguay	3885	66481	9321	85	1472	206	Community transmission
Guatemala	3111	111050	6199	82	3811	213	Community transmission
Venezuela (Bolivarian Republic of)	2716	94305	3316	28	821	29	Community transmission
Honduras	2688	99576	10054	72	2741	277	Community transmission
Dominican Republic	2627	129645	11951	18	2263	209	Community transmission
El Salvador	1700	35145	5418	31	1006	155	Community transmission
Bolivia (Plurinational State of)	712	142343	12194	66	8781	752	Community transmission
Belize	554	4016	10100	9	67	168	Community transmission
Cuba	380	7267	642	2	130	11	Clusters of cases
Jamaica	378	9472	3199	12	218	74	Community transmission
Guyana	314	4457	5667	9	133	169	Clusters of cases
Uruguay	288	3370	970	3	61	18	Clusters of cases
Bahamas	272	6916	17587	9	151	384	Clusters of cases
Trinidad and Tobago	130	5798	4143	4	111	79	Community transmission
Haiti	73	9127	800	0	232	20	Community transmission
Nicaragua	56	4480	676	1	157	24	Community transmission
Saint Lucia	32	110	599	0	0	<1	Sporadic cases
Suriname	26	5227	8910	1	112	191	Community transmission
Dominica	13	63	875	0	0	<1	Clusters of cases
Barbados	6	242	842	0	7	24	Clusters of cases
Antigua and Barbuda	3	130	1327	0	3	31	Sporadic cases
Grenada	2	30	267	0	0	<1	No cases
Saint Vincent and the Grenadines	2	76	685	0	0	<1	Sporadic cases
Saint Kitts and Nevis	0	19	357	0	0	<1	No cases
Martinique	397	4215	11232	2	33	88	Community transmission
French Guiana	168	10704	35837	0	70	234	Community transmission
Guadeloupe	161	7903	19751	7	133	332	Community transmission
Aruba	92	4564	42748	2	39	365	Community transmission
Curaçao	86	1030	6277	1	2	12	Community transmission
Sint Maarten	65	870	20288	0	22	513	Community transmission
United States Virgin Islands	14	1390	13311	2	23	220	Community transmission
Saint Martin	13	604	15624	3	12	310	Community transmission
Bermuda	10	209	3356	0	9	145	Sporadic cases
Cayman Islands	10	250	3804	0	1	15	Sporadic cases
Turks and Caicos Islands	4	707	18260	0	6	155	Clusters of cases
Saint Pierre and Miquelon	2	14	2416	0	0	<1	Sporadic cases
Bonaire	1	135	7728	0	3	172	Sporadic cases
Saint Barthélemy	1	90	9105	0	0	<1	Sporadic cases
Anguilla	0	3	200	0	0	<1	No cases
British Virgin Islands	0	72	2381	0	1	33	Clusters of cases
Falkland Islands (Malvinas)	0	13	3732	0	0	<1	No cases
Montserrat	0	13	2601	0	1	200	No cases
Saba	0	5	3342	0	0	<1	No cases
Sint Eustatius	0	14	5636	0	0	<1	Sporadic cases
Puerto Rico	-28561	37567	13131	40	862	301	Community transmission
