Reporting Country/Territory/Area	New cases in last 7 days	Cumulative cases	Cumulative cases per 1 million population	New deaths in last 7 days	Cumulative deaths	Cumulative deaths per 1 million population	Transmission classification
Americas	1652915	26216515	25633	22488	720228	704	
United States of America	1150654	12939666	39092	10276	262736	794	Community transmission
Brazil	218186	6238350	29349	3361	171974	809	Community transmission
Mexico	64706	1090675	8459	4050	104873	813	Community transmission
Colombia	57066	1290510	25362	1285	36214	712	Community transmission
Argentina	48235	1407277	31137	1426	38216	846	Community transmission
Canada	38345	359064	9514	560	11894	315	Community transmission
Peru	12237	958324	29065	355	35839	1087	Community transmission
Chile	9798	548941	28716	292	15322	802	Community transmission
Panama	9455	161744	37486	98	3030	702	Community transmission
Costa Rica	7675	137093	26912	82	1690	332	Community transmission
Ecuador	6033	190909	10821	232	13371	758	Community transmission
Paraguay	5378	80436	11277	73	1720	241	Community transmission
Dominican Republic	4883	142653	13150	20	2328	215	Community transmission
Guatemala	3381	121798	6798	87	4161	232	Community transmission
Honduras	2955	107134	10817	44	2899	293	Community transmission
Venezuela (Bolivarian Republic of)	2507	101524	3570	22	888	31	Community transmission
El Salvador	1155	38405	5921	37	1107	171	Community transmission
Uruguay	826	5303	1527	5	74	21	Clusters of cases
Bolivia (Plurinational State of)	640	144494	12378	43	8943	766	Community transmission
Belize	531	5587	14051	34	141	355	Community transmission
Jamaica	429	10669	3603	14	251	85	Community transmission
Cuba	375	8173	722	1	133	12	Clusters of cases
Trinidad and Tobago	325	6586	4706	5	118	84	Community transmission
Guyana	305	5310	6751	6	149	189	Clusters of cases
Bahamas	129	7496	19062	0	163	415	Clusters of cases
Haiti	50	9264	812	0	232	20	Community transmission
Nicaragua	46	4629	699	1	160	24	Community transmission
Saint Lucia	43	246	1340	0	2	11	Sporadic cases
Suriname	22	5311	9053	1	117	199	Sporadic cases
Barbados	15	270	940	0	7	24	Clusters of cases
Dominica	13	85	1181	0	0	<1	Clusters of cases
Saint Kitts and Nevis	3	22	414	0	0	<1	Sporadic cases
Antigua and Barbuda	2	141	1440	0	4	41	Sporadic cases
Saint Vincent and the Grenadines	1	85	766	0	0	<1	Sporadic cases
Grenada	0	41	364	0	0	<1	Sporadic cases
Puerto Rico	5147	51581	18030	71	1083	379	Community transmission
Curaçao	485	2046	12469	0	3	18	Community transmission
Martinique	322	5413	14424	1	40	107	Community transmission
French Guiana	165	11179	37428	0	70	234	Community transmission
Guadeloupe	119	8344	20854	5	149	372	Community transmission
Aruba	98	4791	44874	0	45	421	Community transmission
Sint Maarten	68	1041	24276	1	25	583	Community transmission
United States Virgin Islands	47	1538	14728	0	23	220	Community transmission
Turks and Caicos Islands	22	748	19319	0	6	155	Clusters of cases
Bermuda	20	247	3966	0	9	145	Clusters of cases
Cayman Islands	13	274	4169	0	2	30	Sporadic cases
Bonaire	3	142	8129	0	3	172	Sporadic cases
Anguilla	1	4	267	0	0	<1	Sporadic cases
Falkland Islands (Malvinas)	1	17	4881	0	0	<1	No cases
British Virgin Islands	0	72	2381	0	1	33	Clusters of cases
Montserrat	0	13	2601	0	1	200	No cases
Saba	0	5	3342	0	0	<1	No cases
Saint Barthélemy	0	127	12848	0	0	<1	Sporadic cases
Saint Martin	0	690	17848	0	12	310	Community transmission
Saint Pierre and Miquelon	0	14	2416	0	0	<1	Sporadic cases
Sint Eustatius	0	14	5636	0	0	<1	No cases
