Reporting Country/Territory/Area	New cases in last 7 days	Cumulative cases	Cumulative cases per 1 million population	New deaths in last 7 days	Cumulative deaths	Cumulative deaths per 1 million population	Transmission classification
Western Pacific	31370	765197	390	377	15942	8	
Philippines	13232	393961	3595	264	7485	68	Community transmission
Malaysia	7809	39357	1216	33	282	9	Clusters of cases
Japan	5940	107086	847	46	1812	14	Clusters of cases
Republic of Korea	792	27427	535	12	478	9	Clusters of cases
China	274	92195	63	2	4748	3	Clusters of cases
Australia	62	27652	1084	0	907	36	Clusters of cases
Singapore	39	58054	9923	0	28	5	Clusters of cases
Viet Nam	33	1213	12	0	35	<1	Clusters of cases
New Zealand	23	1626	337	0	25	5	Clusters of cases
Mongolia	11	357	109	0	0	<1	Sporadic cases
Papua New Guinea	8	597	67	0	7	1	Community transmission
Solomon Islands	5	13	19	0	0	<1	Sporadic cases
Cambodia	4	295	18	0	0	<1	Sporadic cases
Brunei Darussalam	0	148	338	0	3	7	No cases
Fiji	0	34	38	0	2	2	Sporadic cases
Lao People's Democratic Republic	0	24	3	0	0	<1	Sporadic cases
French Polynesia	2733	9995	35581	10	39	139	Sporadic cases
Guam	402	5034	29827	10	89	527	Clusters of cases
Northern Mariana Islands (Commonwealth of the)	2	98	1703	0	2	35	Pending
New Caledonia	1	29	102	0	0	<1	Sporadic cases
Marshall Islands	0	1	17	0	0	<1	Sporadic cases
Wallis and Futuna	0	1	89	0	0	<1	Sporadic cases
