Reporting Country/Territory/Area	New cases in last 7 days	Cumulative cases	Cumulative cases per 1 million population	New deaths in last 7 days	Cumulative deaths	Cumulative deaths per 1 million population	Transmission classification
Africa	26945	1172942	177	724	25481	4	
South Africa	9842	669498	11288	436	16376	276	Community transmission
Ethiopia	4569	72700	632	76	1165	10	Community transmission
Uganda	1347	7364	161	8	71	2	Community transmission
Algeria	1291	50914	1161	46	1711	39	Community transmission
Mozambique	1220	7757	248	13	54	2	Community transmission
Nigeria	1053	58198	282	11	1106	5	Community transmission
Kenya	1042	37871	704	43	689	13	Community transmission
Angola	771	4672	142	24	171	5	Community transmission
Namibia	626	10918	4297	9	120	47	Community transmission
Zambia	588	14612	795	3	332	18	Community transmission
Cabo Verde	515	5701	10254	6	56	101	Community transmission
Côte d'Ivoire	356	19556	741	0	120	5	Community transmission
Botswana	354	2921	1242	0	13	6	Community transmission
Ghana	345	46222	1488	2	299	10	Community transmission
Cameroon	304	20735	781	2	418	16	Community transmission
Guinea	262	10548	803	3	66	5	Community transmission
Madagascar	237	16257	587	10	229	8	Community transmission
Senegal	181	14869	888	4	306	18	Community transmission
Eswatini	174	5419	4671	4	108	93	Community transmission
Lesotho	168	1558	727	2	35	16	Clusters of cases
Rwanda	140	4811	371	4	29	2	Clusters of cases
Burkina Faso	132	1929	92	0	56	3	Community transmission
Zimbabwe	131	7803	525	2	227	15	Community transmission
Democratic Republic of the Congo	105	10592	118	3	271	3	Community transmission
Mauritania	97	7462	1605	0	161	35	Community transmission
Togo	96	1736	210	5	46	6	Community transmission
Mali	74	3080	152	2	130	6	Community transmission
Gambia	60	3564	1475	2	110	46	Community transmission
Sierra Leone	49	2208	277	0	72	9	Community transmission
Malawi	48	5766	301	0	179	9	Community transmission
Benin	45	2325	192	0	40	3	Community transmission
South Sudan	44	2686	240	0	49	4	Community transmission
Gabon	32	8728	3921	1	54	24	Community transmission
Chad	28	1177	72	2	83	5	Community transmission
Equatorial Guinea	26	5028	3584	0	83	59	Community transmission
Congo	22	5008	908	0	89	16	Community transmission
Guinea-Bissau	21	2324	1181	0	39	20	Community transmission
Central African Republic	13	4806	995	0	62	13	Community transmission
Niger	12	1194	49	0	69	3	Clusters of cases
Burundi	11	484	41	0	1	<1	Clusters of cases
Eritrea	11	375	106	0	0	<1	Sporadic cases
Comoros	4	474	545	0	7	8	Community transmission
Liberia	3	1338	265	0	82	16	Community transmission
Sao Tome and Principe	3	911	4157	0	15	68	Clusters of cases
Seychelles	2	141	1434	0	0	<1	Sporadic cases
Mauritius	0	367	289	0	10	8	Sporadic cases
United Republic of Tanzania	0	509	9	0	21	<1	Community transmission
Réunion	491	3685	4116	1	11	12	Clusters of cases
Mayotte	0	3541	12979	0	40	147	Clusters of cases
