Reporting Country/Territory/Area	New cases in last 7 days	Cumulative cases	Cumulative cases per 1 million population	New deaths in last 7 days	Cumulative deaths	Cumulative deaths per 1 million population	Transmission classification
Europe	247125	4475267	655	3015	222279	33	
France	43686	300515	4604	81	30546	468	Community transmission
Spain	40087	498989	10672	322	29418	629	Clusters of cases
Russian Federation	35179	1025505	7027	727	17820	122	Clusters of cases
Ukraine	16820	135894	3107	319	2846	65	Community transmission
Israel	12390	125084	14451	63	988	114	Community transmission
The United Kingdom	11412	344168	5070	51	41549	612	Community transmission
Turkey	11164	278228	3299	336	6620	78	Community transmission
Italy	9485	276338	4570	61	35534	588	Clusters of cases
Germany	8214	249985	2984	30	9325	111	Clusters of cases
Romania	8031	93864	4879	311	3850	200	Community transmission
Netherlands	4227	73790	4306	17	6232	364	Community transmission
Poland	4148	70387	1860	81	2113	56	Community transmission
Czechia	3658	27752	2591	10	431	40	Clusters of cases
Kazakhstan	3251	133924	7132	97	1878	100	Clusters of cases
Republic of Moldova	3069	39473	9785	73	1063	264	Community transmission
Portugal	2495	59943	5879	20	1838	180	Clusters of cases
Belgium	2468	87731	7570	15	9905	855	Community transmission
Switzerland	2234	43849	5067	7	1731	200	Community transmission
Hungary	2223	7892	817	10	624	65	Community transmission
Uzbekistan	2173	43476	1299	32	343	10	Clusters of cases
Austria	2119	29056	3226	2	735	82	Community transmission
Croatia	1878	11739	2859	14	197	48	Community transmission
Bosnia and Herzegovina	1652	21198	6461	44	632	193	Community transmission
Greece	1409	11386	1092	20	280	27	Clusters of cases
Belarus	1140	72663	7690	34	705	75	Community transmission
Armenia	1033	44783	15113	20	897	303	Community transmission
Azerbaijan	1018	37192	3668	16	545	54	Clusters of cases
Denmark	847	17547	3029	3	627	108	Community transmission
Albania	823	10102	3510	37	312	108	Clusters of cases
Ireland	814	29534	5981	0	1777	360	Clusters of cases
Sweden	802	84985	8415	5	5835	578	Community transmission
Bulgaria	790	16954	2440	60	665	96	Clusters of cases
Montenegro	741	5518	8786	11	107	170	Clusters of cases
Slovakia	684	4526	829	4	37	7	Clusters of cases
Kyrgyzstan	583	44403	6806	2	1061	163	Clusters of cases
Norway	577	11120	2051	0	264	49	Clusters of cases
Serbia	567	31849	4574	13	723	104	Community transmission
North Macedonia	469	14762	7086	10	606	291	Clusters of cases
Slovenia	297	3131	1506	2	130	63	Clusters of cases
Luxembourg	274	6854	10949	0	124	198	Community transmission
Tajikistan	241	8757	918	2	70	7	Pending
Georgia	210	1679	421	0	19	5	Community transmission
Lithuania	201	3040	1117	0	86	32	Community transmission
Finland	176	8225	1484	0	335	60	Community transmission
Malta	167	2014	4561	4	14	32	Sporadic cases
Estonia	128	2491	1878	0	64	48	Clusters of cases
Andorra	91	1215	15725	0	53	686	Community transmission
Latvia	50	1425	755	1	35	19	Clusters of cases
Iceland	36	2136	6259	0	10	29	Community transmission
Cyprus	24	1507	1248	0	21	17	Clusters of cases
Monaco	13	147	3746	0	1	25	Sporadic cases
San Marino	2	735	21657	0	42	1236	Community transmission
Liechtenstein	1	108	2832	0	1	26	Sporadic cases
Holy See	0	12	14833	0	0	<1	Sporadic cases
Kosovo	812	13984	7517	48	546	293	Community transmission
Gibraltar	31	305	9053	0	0	<1	Clusters of cases
Jersey	9	383	3520	0	32	294	Community transmission
Faroe Islands	2	413	8452	0	0	<1	Sporadic cases
Greenland	0	14	247	0	0	<1	No cases
Guernsey	0	252	3988	0	13	206	Community transmission
Isle of Man	0	336	3951	0	24	282	No cases
