Reporting Country/Territory/Area	New cases in last 7 days	Cumulative cases	Cumulative cases per 100 thousand population	New deaths in last 7 days	Cumulative deaths	Cumulative deaths per 100 thousand population	Transmission classification
Eastern Mediterranean	378248	8822942	1207.3	6370	176950	24.2	
Iran (Islamic Republic of)	161594	2377039	2830.0	2793	69120	82.3	Community transmission
Iraq	54301	1025288	2549.0	269	15217	37.8	Community transmission
Pakistan	39858	790016	357.6	905	16999	7.7	Community transmission
Jordan	16957	700423	6864.8	385	8563	83.9	Community transmission
Tunisia	14596	298572	2526.3	514	10231	86.6	Community transmission
United Arab Emirates	13701	508925	5145.6	19	1569	15.9	Clusters of cases
Lebanon	11112	519615	7612.9	230	7116	104.3	Community transmission
Kuwait	9544	265404	6214.7	71	1511	35.4	Community transmission
Oman	8610	185278	3628.2	121	1942	38.0	Community transmission
Bahrain	7222	170335	10010.4	32	620	36.4	Community transmission
Saudi Arabia	7209	411263	1181.3	77	6887	19.8	Community transmission
Egypt	6086	221570	216.5	304	12998	12.7	Community transmission
Qatar	5739	201496	6993.8	42	418	14.5	Community transmission
Libya	3621	174752	2543.2	65	2947	42.9	Community transmission
Morocco	3590	509037	1379.1	44	8988	24.4	Community transmission
Afghanistan	1050	58843	151.2	43	2582	6.6	Community transmission
Syrian Arab Republic	995	21999	125.7	89	1526	8.7	Community transmission
Sudan	651	33673	76.8	92	2300	5.2	Clusters of cases
Somalia	622	13459	84.7	33	689	4.3	Community transmission
Yemen	335	6109	20.5	56	1176	3.9	Community transmission
Djibouti	334	10746	1087.7	18	132	13.4	Community transmission
occupied Palestinian territory	10521	319100	6255.1	168	3419	67.0	Community transmission
