Reporting Country/Territory/Area	New cases in last 7 days	Cumulative cases	Cumulative cases per 100 thousand population	New deaths in last 7 days	Cumulative deaths	Cumulative deaths per 100 thousand population	Transmission classification
Eastern Mediterranean	228543	6616840	905.4	2797	147284	20.0	
Iran (Islamic Republic of)	58523	1681682	2002.2	614	60594	72.1	Community transmission
Jordan	34919	421415	4130.3	225	4900	48.0	Community transmission
Iraq	30948	723189	1798.0	165	13548	33.7	Community transmission
Lebanon	20436	393211	5761.0	361	5013	73.4	Community transmission
United Arab Emirates	19642	408236	4127.6	97	1310	13.2	Community transmission
Pakistan	9931	588728	266.5	329	13166	6.0	Community transmission
Kuwait	9538	199428	4669.8	42	1120	26.2	Community transmission
Libya	5024	137482	2000.8	62	2236	32.5	Community transmission
Tunisia	4413	237028	2005.5	193	8167	69.1	Community transmission
Bahrain	4348	126126	7412.3	25	469	27.6	Clusters of cases
Egypt	4093	185922	181.7	315	10954	10.7	Clusters of cases
Qatar	3278	166475	5778.3	5	262	9.1	Community transmission
Morocco	2564	485974	1316.6	61	8676	23.5	Clusters of cases
Saudi Arabia	2413	379474	1090.0	36	6524	18.7	Sporadic cases
Oman	2308	142896	2798.2	21	1583	31.0	Community transmission
Somalia	1050	8041	50.6	63	294	1.8	Community transmission
Syrian Arab Republic	392	15925	91.0	35	1058	6.0	Community transmission
Yemen	175	2448	8.2	19	651	2.2	Community transmission
Sudan	145	30540	69.6	7	1895	4.3	Community transmission
Afghanistan	133	55847	143.5	6	2449	6.3	Clusters of cases
Djibouti	69	6134	620.9	0	63	6.4	Community transmission
occupied Palestinian territory	14201	220639	4325.1	116	2352	46.1	Community transmission
