Reporting Country/Territory/Area	New cases in last 7 days	Cumulative cases	Cumulative cases per 100 thousand population	New deaths in last 7 days	Cumulative deaths	Cumulative deaths per 100 thousand population	Transmission classification
Americas	1568167	46913218	4586.9	45350	1092521	106.8	
United States of America	871365	26547977	8020.5	22562	455735	137.7	Community transmission
Brazil	328652	9447165	4444.5	7368	230034	108.2	Community transmission
Mexico	70978	1912871	1483.6	7711	164290	127.4	Community transmission
Colombia	65027	2142660	4211.0	2119	55403	108.9	Community transmission
Argentina	54647	1970009	4358.8	1210	48985	108.4	Community transmission
Peru	47170	1173045	3557.7	1247	41933	127.2	Community transmission
Canada	26963	797756	2113.7	808	20609	54.6	Community transmission
Chile	25182	748082	3913.3	556	18895	98.8	Community transmission
Bolivia (Plurinational State of)	12518	225910	1935.3	461	10687	91.6	Community transmission
Dominican Republic	9595	222148	2047.8	155	2801	25.8	Community transmission
Ecuador	7336	257115	1457.3	153	15004	85.0	Community transmission
Panama	7234	325487	7543.6	205	5426	125.8	Community transmission
Honduras	7143	153253	1547.3	119	3694	37.3	Community transmission
Cuba	6337	32011	282.6	20	233	2.1	Community transmission
Paraguay	5004	136890	1919.2	98	2791	39.1	Community transmission
Guatemala	3819	162937	909.5	236	5854	32.7	Community transmission
Uruguay	3774	44303	1275.4	53	478	13.8	Community transmission
Venezuela (Bolivarian Republic of)	3455	129231	454.5	46	1223	4.3	Community transmission
Costa Rica	3162	196438	3856.2	68	2672	52.5	Community transmission
El Salvador	2248	56237	867.0	59	1673	25.8	Community transmission
Jamaica	1314	16841	568.7	9	357	12.1	Community transmission
Saint Lucia	618	1813	987.3	5	18	9.8	Sporadic cases
Guyana	359	7887	1002.7	4	179	22.8	Clusters of cases
Saint Vincent and the Grenadines	274	1170	1054.6	1	3	2.7	Clusters of cases
Haiti	273	11806	103.5	1	246	2.2	Community transmission
Suriname	255	8619	1469.2	4	158	26.9	Community transmission
Barbados	178	1676	583.2	6	18	6.3	Community transmission
Belize	136	12013	3021.2	5	306	77.0	Community transmission
Bahamas	82	8256	2099.5	0	176	44.8	Clusters of cases
Trinidad and Tobago	74	7607	543.6	1	135	9.6	Community transmission
Antigua and Barbuda	59	277	282.9	0	7	7.1	Sporadic cases
Nicaragua	35	5027	75.9	1	170	2.6	Community transmission
Dominica	4	121	168.1	0	0	0.0	Clusters of cases
Saint Kitts and Nevis	3	40	75.2	0	0	0.0	Sporadic cases
Grenada	0	148	131.5	0	1	0.9	Sporadic cases
Puerto Rico	1949	95355	3333.1	49	1872	65.4	Community transmission
Aruba	276	7134	6681.9	3	61	57.1	Community transmission
French Guiana	213	16296	5456.0	3	79	26.4	Community transmission
Turks and Caicos Islands	195	1654	4271.9	1	9	23.2	Clusters of cases
Sint Maarten	89	1911	4456.4	0	27	63.0	Community transmission
Martinique	72	6442	1716.7	1	45	12.0	Community transmission
United States Virgin Islands	51	2449	2345.2	0	24	23.0	Community transmission
Curaçao	23	4597	2801.5	1	21	12.8	Community transmission
Cayman Islands	15	405	616.3	0	2	3.0	Sporadic cases
Bonaire	4	366	1749.9	0	3	14.3	Community transmission
Falkland Islands (Malvinas)	4	44	1263.3	0	0	0.0	No cases
Montserrat	2	15	300.1	0	1	20.0	No cases
Bermuda	1	692	1111.2	0	12	19.3	Sporadic cases
Anguilla	0	17	113.3	0	0	0.0	Sporadic cases
British Virgin Islands	0	141	466.3	0	1	3.3	Clusters of cases
Guadeloupe	0	9156	2288.3	1	158	39.5	Community transmission
Saba	0	6	310.4	0	0	0.0	Sporadic cases
Saint Barthélemy	0	379	3834.1	0	0	0.0	Sporadic cases
Saint Martin	0	1289	3334.3	0	12	31.0	Community transmission
Saint Pierre and Miquelon	0	24	414.2	0	0	0.0	Clusters of cases
Sint Eustatius	0	20	637.1	0	0	0.0	Sporadic cases
