WHO Region	New cases in last 7 days (%)	Change in new cases in last 7 days	Cumulative cases (%)	New deaths in last 7 days (%)	Change in new deaths in last 7 days	Cumulative deaths (%)
Americas	1935621 (48%)	-1%	36337439 (44%)	32283 (42%)	3%	872486 (48%)
Europe	1553332 (38%)	-3%	26885741 (32%)	32898 (43%)	3%	588770 (32%)
South-East Asia	208592 (5%)	-10%	12051014 (14%)	3756 (5%)	-3%	184493 (10%)
Eastern Mediterranean	154965 (4%)	-1%	4977852 (6%)	3057 (4%)	-12%	122061 (7%)
Africa	130007 (3%)	13%	1961234 (2%)	3293 (4%)	28%	43592 (2%)
Western Pacific	52979 (1%)	0%	1112724 (1%)	730 (1%)	10%	20288 (1%)
Global	4035226 (100%)	-2%	83326479 (100%)	76017 (100%)	3%	1831703 (100%)
