Reporting Country/Territory/Area	New cases in last 7 days	Cumulative cases	Cumulative cases per 100 thousand population	New deaths in last 7 days	Cumulative deaths	Cumulative deaths per 100 thousand population	Transmission classification
Eastern Mediterranean	243564	6860471	938.7	2893	150193	20.6	
Iran (Islamic Republic of)	57678	1739360	2070.8	548	61142	72.8	Community transmission
Jordan	47585	469000	4596.6	385	5285	51.8	Community transmission
Iraq	31129	754318	1875.4	171	13719	34.1	Community transmission
Lebanon	22151	415362	6085.5	321	5334	78.1	Community transmission
United Arab Emirates	16169	424405	4291.1	78	1388	14.0	Community transmission
Pakistan	13808	602536	272.8	310	13476	6.1	Community transmission
Kuwait	9032	208460	4881.3	45	1165	27.3	Community transmission
Libya	6161	143643	2090.5	112	2348	34.2	Community transmission
Egypt	4358	190280	185.9	302	11256	11.0	Clusters of cases
Bahrain	4278	130404	7663.7	12	481	28.3	Clusters of cases
Tunisia	4229	241257	2041.3	192	8359	70.7	Community transmission
Qatar	3292	169767	5892.5	3	265	9.2	Community transmission
Morocco	2658	488632	1323.8	42	8718	23.6	Clusters of cases
Saudi Arabia	2585	382059	1097.4	39	6563	18.9	Sporadic cases
Oman	2361	145257	2844.5	17	1600	31.3	Community transmission
Somalia	905	8946	56.3	55	349	2.2	Community transmission
Syrian Arab Republic	476	16401	93.7	36	1094	6.3	Community transmission
Yemen	327	2775	9.3	33	684	2.3	Community transmission
Sudan	316	30923	70.5	42	1953	4.5	Community transmission
Afghanistan	138	55985	143.8	8	2457	6.3	Clusters of cases
Djibouti	118	6252	632.8	0	63	6.4	Community transmission
occupied Palestinian territory	13810	234449	4595.8	142	2494	48.9	Community transmission
