Reporting Country/Territory/Area	New cases in last 7 days	Cumulative cases	Cumulative cases per 100 thousand population	New deaths in last 7 days	Cumulative deaths	Cumulative deaths per 100 thousand population	Transmission classification
Eastern Mediterranean	181969	6181023	845.8	2443	141915	19.4	
Iran (Islamic Republic of)	55208	1566081	1864.5	526	59409	70.7	Community transmission
Iraq	23122	664750	1652.7	81	13245	32.9	Community transmission
United Arab Emirates	22570	368175	3722.5	107	1108	11.2	Community transmission
Lebanon	16379	353371	5177.3	336	4297	63.0	Community transmission
Jordan	15008	359811	3526.5	99	4543	44.5	Community transmission
Pakistan	8221	569846	258.0	287	12563	5.7	Community transmission
Kuwait	6419	183322	4292.7	41	1039	24.3	Community transmission
Tunisia	5139	227643	1926.1	247	7755	65.6	Community transmission
Bahrain	5132	117234	6889.7	22	420	24.7	Clusters of cases
Egypt	4341	177543	173.5	363	10298	10.1	Clusters of cases
Qatar	3163	159967	5552.4	1	256	8.9	Community transmission
Morocco	2813	480948	1303.0	88	8548	23.2	Clusters of cases
Libya	2444	129325	1882.1	74	2088	30.4	Community transmission
Saudi Arabia	2281	374691	1076.3	29	6457	18.5	Sporadic cases
Oman	1872	138494	2712.0	10	1549	30.3	Community transmission
Somalia	797	5889	37.1	46	194	1.2	Community transmission
Syrian Arab Republic	323	15143	86.5	21	996	5.7	Community transmission
Sudan	139	30128	68.7	11	1864	4.3	Community transmission
Afghanistan	112	55604	142.8	5	2432	6.2	Clusters of cases
Djibouti	54	6022	609.5	0	63	6.4	Sporadic cases
Yemen	21	2161	7.2	2	619	2.1	Community transmission
occupied Palestinian territory	6411	194875	3820.0	47	2172	42.6	Community transmission
