Reporting Country/Territory/Area	New cases in last 7 days	Cumulative cases	Cumulative cases per 1 million population	New deaths in last 7 days	Cumulative deaths	Cumulative deaths per 1 million population	Transmission classification
Western Pacific	52797	1112724	566	730	20288	10	
Japan	23642	240954	1905	335	3548	28	Clusters of cases
Malaysia	13473	117373	3626	32	483	15	Clusters of cases
Philippines	7911	476916	4352	186	9253	84	Community transmission
Republic of Korea	6378	63244	1234	154	962	19	Clusters of cases
China	570	96894	66	14	4791	3	Clusters of cases
Australia	166	28462	1116	1	909	36	Sporadic cases
Mongolia	160	1242	379	0	0	0	Clusters of cases
Singapore	143	58662	10027	0	29	5	Sporadic cases
Viet Nam	42	1482	15	0	35	0	Clusters of cases
New Zealand	37	1825	378	0	25	5	Clusters of cases
Cambodia	17	381	23	0	0	0	Sporadic cases
Brunei Darussalam	5	157	359	0	3	7	No cases
Fiji	3	49	55	0	2	2	Sporadic cases
Lao People's Democratic Republic	0	41	6	0	0	0	Sporadic cases
Papua New Guinea	0	780	87	0	9	1	Community transmission
Solomon Islands	0	17	25	0	0	0	No cases
French Polynesia	376	16926	60255	6	114	406	Sporadic cases
Guam	54	7148	42352	2	123	729	Clusters of cases
New Caledonia	2	40	140	0	0	0	Sporadic cases
Marshall Islands	0	4	68	0	0	0	No cases
Northern Mariana Islands (Commonwealth of the)	0	122	2120	0	2	35	Pending
Vanuatu	0	1	3	0	0	0	No cases
Wallis and Futuna	0	4	356	0	0	0	Sporadic cases
