Reporting Country/Territory/Area	New cases in last 7 days	Cumulative cases	Cumulative cases per 100 thousand population	New deaths in last 7 days	Cumulative deaths	Cumulative deaths per 100 thousand population	Transmission classification
South-East Asia	2269114	19965648	987.7	17126	254958	12.6	
India	2172063	16960172	1229.0	15161	192311	13.9	Clusters of cases
Indonesia	37029	1636792	598.4	1172	44500	16.3	Community transmission
Bangladesh	27148	742400	450.8	669	10952	6.7	Community transmission
Nepal	13429	297087	1019.6	61	3136	10.8	Clusters of cases
Thailand	13108	55460	79.5	39	140	0.2	Clusters of cases
Sri Lanka	4147	100586	469.7	21	638	3.0	Clusters of cases
Maldives	1476	27621	5109.9	2	71	13.1	Clusters of cases
Timor-Leste	572	1808	137.1	1	3	0.2	Clusters of cases
Myanmar	76	142704	262.3	0	3206	5.9	Clusters of cases
Bhutan	66	1018	131.9	0	1	0.1	Sporadic cases
