Reporting Country/Territory/Area	New cases in last 7 days	Cumulative cases	Cumulative cases per 100 thousand population	New deaths in last 7 days	Cumulative deaths	Cumulative deaths per 100 thousand population	Transmission classification
Africa	49453	3274714	291.9	1155	81870	7.3	
Ethiopia	10719	250955	218.3	203	3531	3.1	Community transmission
South Africa	8690	1574370	2654.5	414	54125	91.3	Community transmission
Kenya	5031	156318	290.7	140	2603	4.8	Community transmission
Cameroon	4267	65998	248.6	72	991	3.7	Community transmission
Madagascar	3645	35262	127.3	55	593	2.1	Community transmission
Cabo Verde	1809	21784	3918.1	12	201	36.2	Community transmission
Botswana	1780	45855	1949.9	20	691	29.4	Community transmission
Algeria	1250	120736	275.3	46	3198	7.3	Community transmission
Angola	1192	25492	77.6	16	577	1.8	Community transmission
Namibia	1156	47671	1876.1	22	624	24.6	Community transmission
Rwanda	669	24535	189.4	6	328	2.5	Community transmission
Democratic Republic of the Congo	604	29498	32.9	11	756	0.8	Community transmission
Congo	594	10678	193.5	7	144	2.6	Community transmission
Mali	580	13560	67.0	33	462	2.3	Community transmission
Gabon	575	22433	1007.9	5	138	6.2	Community transmission
Nigeria	537	164684	79.9	0	2061	1.0	Community transmission
Mozambique	509	69643	222.8	9	807	2.6	Community transmission
Zambia	473	91317	496.7	11	1245	6.8	Community transmission
Central African Republic	437	6224	128.9	10	85	1.8	Community transmission
Zimbabwe	395	38064	256.1	4	1556	10.5	Community transmission
Senegal	351	40082	239.4	9	1099	6.6	Community transmission
Guinea	343	21803	166.0	1	139	1.1	Community transmission
Seychelles	336	5170	5256.9	1	26	26.4	Community transmission
Côte d'Ivoire	301	45820	173.7	7	281	1.1	Community transmission
Equatorial Guinea	300	7559	538.8	1	107	7.6	Community transmission
Togo	291	12787	154.5	2	121	1.5	Community transmission
Ghana	265	91928	295.8	6	777	2.5	Community transmission
Burundi	241	3853	32.4	0	6	0.1	Community transmission
Uganda	235	41575	90.9	3	341	0.7	Community transmission
Burkina Faso	117	13231	63.3	2	156	0.7	Community transmission
Eritrea	114	3605	101.7	0	10	0.3	Community transmission
Benin	109	7720	63.7	1	97	0.8	Community transmission
Gambia	87	5820	240.8	3	173	7.2	Community transmission
South Sudan	83	10515	93.9	0	114	1.0	Community transmission
Malawi	77	34011	177.8	9	1147	6.0	Community transmission
Mauritania	71	18192	391.3	2	454	9.8	Community transmission
Chad	61	4752	28.9	1	169	1.0	Community transmission
Niger	44	5158	21.3	1	191	0.8	Community transmission
Eswatini	25	18440	1589.4	0	671	57.8	Community transmission
Sierra Leone	24	4044	50.7	0	79	1.0	Community transmission
Sao Tome and Principe	23	2298	1048.6	0	35	16.0	Community transmission
Lesotho	19	10728	500.8	1	316	14.8	Community transmission
Liberia	15	2086	41.2	0	85	1.7	Community transmission
Comoros	14	3829	440.3	0	146	16.8	Community transmission
Guinea-Bissau	14	3724	189.2	1	67	3.4	Community transmission
Mauritius	3	1206	94.8	1	16	1.3	Clusters of cases
United Republic of Tanzania	0	509	0.9	0	21	0.0	Pending
Réunion	918	19343	2160.5	6	141	15.7	Community transmission
Mayotte	60	19849	7275.6	1	169	61.9	Community transmission
