Reporting Country/Territory/Area	New cases in last 7 days	Cumulative cases	Cumulative cases per 100 thousand population	New deaths in last 7 days	Cumulative deaths	Cumulative deaths per 100 thousand population	Transmission classification
Africa	50710	3171006	282.6	1022	79545	7.1	
Ethiopia	13944	227255	197.7	210	3146	2.7	Community transmission
Kenya	7107	145184	270.0	124	2330	4.3	Community transmission
South Africa	6026	1557527	2626.1	302	53256	89.8	Community transmission
Cameroon	3417	57337	216.0	72	851	3.2	Community transmission
Madagascar	2286	27548	99.5	44	493	1.8	Community transmission
Botswana	1796	42674	1814.7	45	636	27.0	Community transmission
Mali	1273	11705	57.8	14	405	2.0	Community transmission
Zambia	1118	89918	489.1	11	1226	6.7	Community transmission
Rwanda	1100	23343	180.2	3	314	2.4	Community transmission
Togo	883	11947	144.3	6	116	1.4	Community transmission
Algeria	854	118378	270.0	24	3126	7.1	Community transmission
Côte d'Ivoire	819	45145	171.1	14	261	1.0	Community transmission
Cabo Verde	808	18629	3350.6	6	177	31.8	Community transmission
Gabon	773	20636	927.2	8	127	5.7	Community transmission
Angola	752	23331	71.0	10	550	1.7	Community transmission
Namibia	742	45323	1783.7	33	564	22.2	Community transmission
Nigeria	623	163736	79.4	2	2060	1.0	Community transmission
Ghana	586	91260	293.7	10	754	2.4	Community transmission
Mozambique	573	68578	219.4	7	789	2.5	Community transmission
Guinea	488	20807	158.4	4	133	1.0	Community transmission
Senegal	411	39364	235.1	14	1077	6.4	Community transmission
Congo	403	10084	182.7	2	137	2.5	Community transmission
Zimbabwe	362	37273	250.8	14	1538	10.3	Community transmission
Democratic Republic of the Congo	250	28542	31.9	0	745	0.8	Community transmission
Burundi	243	3154	26.5	0	6	0.1	Community transmission
Central African Republic	220	5465	113.2	2	74	1.5	Community transmission
Equatorial Guinea	211	7219	514.5	3	106	7.6	Community transmission
Benin	202	7515	62.0	0	93	0.8	Community transmission
Seychelles	196	4490	4565.5	2	24	24.4	Community transmission
Malawi	166	33805	176.7	8	1127	5.9	Community transmission
Burkina Faso	153	12956	62.0	2	152	0.7	Community transmission
Uganda	151	41113	89.9	2	337	0.7	Community transmission
Gambia	143	5602	231.8	3	168	7.0	Community transmission
Eritrea	113	3447	97.2	0	10	0.3	Community transmission
Mauritania	88	18005	387.2	1	450	9.7	Community transmission
South Sudan	85	10340	92.4	2	114	1.0	Community transmission
Mauritius	78	1112	87.4	0	12	0.9	Community transmission
Comoros	49	3831	440.5	0	146	16.8	Community transmission
Niger	39	5072	21.0	0	188	0.8	Community transmission
Chad	27	4616	28.1	3	167	1.0	Community transmission
Eswatini	26	17373	1497.5	1	669	57.7	Community transmission
Sao Tome and Principe	23	2263	1032.6	0	35	16.0	Community transmission
Guinea-Bissau	17	3678	186.9	1	66	3.4	Community transmission
Sierra Leone	6	3993	50.1	0	79	1.0	Community transmission
Liberia	5	2066	40.8	0	85	1.7	Community transmission
Lesotho	0	10707	499.8	0	315	14.7	Community transmission
United Republic of Tanzania	0	509	0.9	0	21	0.0	Pending
Réunion	922	17508	1955.5	8	123	13.7	Community transmission
Mayotte	153	19643	7200.1	5	167	61.2	Community transmission
