Reporting Country/Territory/Area	New cases in last 7 days	Cumulative cases	Cumulative cases per 100 thousand population	New deaths in last 7 days	Cumulative deaths	Cumulative deaths per 100 thousand population	Transmission classification
South-East Asia	2529924	28082564	1389.3	30881	340078	16.8	
India	2387663	24684077	1788.7	27922	270284	19.6	Clusters of cases
Nepal	61814	447704	1536.6	1224	4856	16.7	Community transmission
Indonesia	26908	1736670	634.9	1125	47967	17.5	Community transmission
Thailand	18072	101447	145.3	190	589	0.8	Clusters of cases
Sri Lanka	17237	140471	656.0	155	941	4.4	Clusters of cases
Maldives	9058	43782	8099.6	13	96	17.8	Clusters of cases
Bangladesh	7669	779796	473.5	246	12124	7.4	Community transmission
Timor-Leste	1314	4279	324.5	4	8	0.6	Community transmission
Myanmar	112	143059	262.9	2	3212	5.9	Clusters of cases
Bhutan	77	1279	165.8	0	1	0.1	Clusters of cases
