Reporting Country/Territory/Area	New cases in last 7 days	Cumulative cases	Cumulative cases per 100 thousand population	New deaths in last 7 days	Cumulative deaths	Cumulative deaths per 100 thousand population	Transmission classification
Western Pacific	61765	1481789	75.4	1297	25885	1.3	
Malaysia	29060	238721	737.6	111	857	2.6	Clusters of cases
Japan	16693	403435	319.0	684	6338	5.0	Clusters of cases
Philippines	12005	535521	488.7	441	11110	10.1	Community transmission
Republic of Korea	2694	80896	157.8	51	1471	2.9	Clusters of cases
China	395	101272	6.9	8	4831	0.3	Clusters of cases
Mongolia	247	1989	60.7	0	2	0.1	Clusters of cases
Viet Nam	204	1985	2.0	0	35	0.0	Clusters of cases
Singapore	168	59675	1020.0	0	29	0.5	Sporadic cases
Papua New Guinea	43	894	10.0	0	9	0.1	Community transmission
Australia	42	28848	113.1	0	909	3.6	Sporadic cases
New Zealand	17	1964	40.7	0	25	0.5	Clusters of cases
Cambodia	9	474	2.8	0	0	0.0	Sporadic cases
Brunei Darussalam	1	181	41.4	0	3	0.7	Sporadic cases
Fiji	1	56	6.2	0	2	0.2	Sporadic cases
Lao People's Democratic Republic	1	45	0.6	0	0	0.0	Sporadic cases
Solomon Islands	0	17	2.5	0	0	0.0	No cases
French Polynesia	125	18185	6473.6	2	133	47.3	Sporadic cases
Guam	57	7436	4405.9	0	129	76.4	Clusters of cases
New Caledonia	2	49	17.2	0	0	0.0	Sporadic cases
Northern Mariana Islands (Commonwealth of the)	1	133	231.1	0	2	3.5	Pending
Marshall Islands	0	4	6.8	0	0	0.0	No cases
Samoa	0	3	1.5	0	0	0.0	No cases
Vanuatu	0	1	0.3	0	0	0.0	No cases
Wallis and Futuna	0	5	44.5	0	0	0.0	Sporadic cases
