Reporting Country/Territory/Area	New cases in last 7 days	Cumulative cases	Cumulative cases per 1 million population	New deaths in last 7 days	Cumulative deaths	Cumulative deaths per 1 million population	Transmission classification
South-East Asia	208592	12051014	5962	3756	184493	91	
India	136115	10323965	7481	1813	149435	108	Clusters of cases
Indonesia	51636	758473	2773	1561	22555	82	Community transmission
Bangladesh	7085	515184	3128	171	7599	46	Community transmission
Myanmar	4336	125616	2309	132	2711	50	Clusters of cases
Sri Lanka	3991	44371	2072	24	211	10	Clusters of cases
Nepal	3738	261438	8973	51	1870	64	Clusters of cases
Thailand	1359	7379	106	4	64	1	Clusters of cases
Maldives	216	13834	25593	0	48	89	Clusters of cases
Bhutan	113	710	920	0	0	0	Clusters of cases
Timor-Leste	3	44	33	0	0	0	Sporadic cases
