Reporting Country/Territory/Area	New cases in last 7 days	Cumulative cases	Cumulative cases per 100 thousand population	New deaths in last 7 days	Cumulative deaths	Cumulative deaths per 100 thousand population	Transmission classification
Europe	1624060	49208464	5273.8	26302	1035294	111.0	
Kosovo	3686	101110		85	2051		Community transmission
Turkey	414312	4212645	4994.9	1906	35608	42.2	Community transmission
France	233275	5178513	7962.1	1965	99921	153.6	Community transmission
Germany	143994	3142262	3778.3	1561	79914	96.1	Community transmission
Poland	113394	2688025	7081.6	3611	62032	163.4	Community transmission
Italy	103366	3857443	6467.7	2753	116676	195.6	Clusters of cases
Ukraine	93261	1946510	4450.8	2772	39786	91.0	Community transmission
Russian Federation	60711	4702101	3222.1	2596	105582	72.3	Clusters of cases
Netherlands	52986	1395233	8015.1	152	16904	97.1	Community transmission
Sweden	35133	900138	8715.9	28	13788	133.5	Community transmission
Spain	31084	3396685	7176.2	176	76882	162.4	Community transmission
Hungary	30344	750508	7682.1	1767	25184	257.8	Community transmission
Romania	24174	1027039	5313.5	1066	26072	134.9	Community transmission
Belgium	23034	949994	8244.7	252	23741	206.0	Community transmission
Serbia	20823	660299	9532.7	254	5954	86.0	Community transmission
Czechia	20158	1600347	14965.0	618	28426	265.8	Community transmission
Greece	19681	313444	2924.3	564	9397	87.7	Community transmission
Kazakhstan	18391	341599	1819.3	194	4157	22.1	Clusters of cases
The United Kingdom	17893	4385942	6460.7	180	127260	187.5	Community transmission
Austria	16296	588101	6607.1	223	9616	108.0	Community transmission
Croatia	15274	307790	7584.5	254	6562	161.7	Community transmission
Azerbaijan	14943	298522	2944.2	228	4107	40.5	Clusters of cases
Bulgaria	14432	385963	5552.2	787	15138	217.8	Clusters of cases
Switzerland	9883	629507	7273.7	20	9815	113.4	Community transmission
Belarus	8060	342923	3629.1	69	2413	25.5	Community transmission
Lithuania	7458	233631	8361.6	73	3760	134.6	Community transmission
Bosnia and Herzegovina	7171	190296	5800.3	479	7837	238.9	Community transmission
Georgia	6962	295358	7404.0	62	3939	98.7	Community transmission
Armenia	5703	208520	7036.9	143	3878	130.9	Community transmission
Slovenia	5645	231599	11050.3	26	4460	212.8	Clusters of cases
North Macedonia	5576	146733	7043.0	237	4419	212.1	Community transmission
Slovakia	4912	375974	6888.7	541	11106	203.5	Clusters of cases
Denmark	4630	241731	4151.5	13	2452	42.1	Community transmission
Republic of Moldova	4608	245494	6085.7	179	5548	137.5	Community transmission
Cyprus	4372	55407	6239.5	16	288	32.4	Clusters of cases
Norway	4264	106223	1979.0	24	708	13.2	Community transmission
Latvia	3757	110997	5818.4	62	2048	107.4	Community transmission
Portugal	3632	830560	8066.9	32	16942	164.6	Clusters of cases
Estonia	3380	117554	8845.5	72	1092	82.2	Clusters of cases
Ireland	2595	243238	4899.6	52	4835	97.4	Community transmission
Finland	1926	83633	1513.6	19	887	16.1	Community transmission
Uzbekistan	1758	86680	259.0	3	637	1.9	Clusters of cases
Kyrgyzstan	1656	91883	1408.3	27	1549	23.7	Clusters of cases
Albania	1301	129456	4498.4	30	2340	81.3	Clusters of cases
Montenegro	1130	95548	15213.1	61	1434	228.3	Clusters of cases
Israel	1113	836926	9669.3	42	6334	73.2	Community transmission
Luxembourg	1096	64746	10341.0	17	785	125.4	Community transmission
Malta	379	29927	5816.0	7	409	79.5	Clusters of cases
Andorra	274	12771	16528.8	3	123	159.2	Community transmission
San Marino	54	5010	14762.2	1	86	253.4	Community transmission
Liechtenstein	51	2892	7463.8	0	54	139.4	Sporadic cases
Iceland	28	6286	1726.3	0	29	8.0	Community transmission
Monaco	22	2395	6102.8	0	31	79.0	Sporadic cases
Holy See	0	26	3213.8	0	0	0.0	Sporadic cases
Tajikistan	0	13714	143.8	0	91	1.0	Pending
Gibraltar	14	4291	12736.3	0	94	279.0	Clusters of cases
Jersey	2	3232	2998.3	0	69	64.0	Community transmission
Faroe Islands	1	662	1354.8	0	1	2.0	Sporadic cases
Guernsey	1	822	1275.1	0	14	21.7	Community transmission
Isle of Man	1	1575	1852.2	0	29	34.1	No cases
Greenland	0	31	54.6	0	0	0.0	No cases
