Reporting Country/Territory/Area	New cases in last 7 days	Cumulative cases	Cumulative cases per 1 million population	New deaths in last 7 days	Cumulative deaths	Cumulative deaths per 1 million population	Transmission classification
Africa	130007	1961234	1748	3293	43592	39	
South Africa	93978	1088889	18360	2654	29175	492	Community transmission
Nigeria	5587	89163	433	55	1302	6	Community transmission
Mauritania	3393	14364	3089	122	347	75	Community transmission
Namibia	3256	24654	9703	26	213	84	Community transmission
Ethiopia	2636	125049	1088	43	1944	17	Community transmission
Algeria	2302	100159	2284	47	2769	63	Community transmission
Uganda	2149	35712	781	29	274	6	Community transmission
Democratic Republic of the Congo	1568	17848	199	25	591	7	Community transmission
Zambia	1559	21230	1155	10	392	21	Community transmission
Zimbabwe	1528	14491	975	36	377	25	Community transmission
Eswatini	1344	9711	8370	64	227	196	Community transmission
Botswana	1183	14805	6296	4	42	18	Community transmission
Senegal	988	19511	1165	29	416	25	Community transmission
Kenya	835	96678	1798	30	1685	31	Community transmission
Mozambique	806	18968	607	9	168	5	Community transmission
Ghana	778	55064	1772	2	335	11	Community transmission
Rwanda	750	8567	661	26	98	8	Clusters of cases
Burkina Faso	685	6940	332	9	86	4	Community transmission
Mali	652	7226	357	27	276	14	Community transmission
Cameroon	571	26848	1011	0	448	17	Community transmission
Angola	459	17608	536	8	407	12	Community transmission
Niger	405	3208	133	13	102	4	Community transmission
Malawi	368	6711	351	4	192	10	Community transmission
Eritrea	328	1320	372	2	3	1	Sporadic cases
South Sudan	250	3558	318	1	63	6	Community transmission
Cabo Verde	185	11883	21373	1	113	203	Community transmission
Chad	183	2169	132	1	104	6	Community transmission
Côte d'Ivoire	169	22250	843	4	137	5	Community transmission
Comoros	149	864	994	6	13	15	Community transmission
Guinea	138	13784	1050	1	81	6	Community transmission
Madagascar	134	17767	642	2	262	9	Community transmission
Togo	128	3683	445	0	68	8	Community transmission
Gabon	74	9571	4300	0	64	29	Community transmission
Seychelles	73	284	2888	0	0	0	Sporadic cases
Benin	46	3251	268	0	44	4	Community transmission
Equatorial Guinea	41	5277	3761	1	86	61	Community transmission
Burundi	29	833	70	0	2	0	Community transmission
Central African Republic	15	4963	1028	0	63	13	Community transmission
Sierra Leone	11	2560	321	0	76	10	Community transmission
Gambia	10	3802	1573	1	124	51	Community transmission
Sao Tome and Principe	10	1024	4672	0	17	78	Community transmission
Mauritius	3	527	414	0	10	8	Clusters of cases
Congo	0	6200	1124	0	100	18	Community transmission
Guinea-Bissau	0	2447	1243	0	45	23	Community transmission
Lesotho	0	2577	1203	0	50	23	Community transmission
Liberia	0	1800	356	0	83	16	Community transmission
United Republic of Tanzania	0	509	9	0	21	0	Community transmission
Réunion	128	9037	10094	0	42	47	Clusters of cases
Mayotte	123	5890	21590	1	55	202	Clusters of cases
