Reporting Country/Territory/Area	New cases in last 7 days	Cumulative cases	Cumulative cases per 100 thousand population	New deaths in last 7 days	Cumulative deaths	Cumulative deaths per 100 thousand population	Transmission classification
Africa	84842	2655316	236.7	3232	65736	5.9	
South Africa	24464	1473700	2484.8	2229	46180	77.9	Community transmission
Nigeria	8685	139242	67.5	69	1647	0.8	Community transmission
Zambia	8075	61427	334.1	94	839	4.6	Community transmission
Mozambique	6407	44112	141.1	88	451	1.4	Community transmission
Ghana	4619	70046	225.4	44	449	1.4	Community transmission
Ethiopia	4432	141453	123.0	54	2145	1.9	Community transmission
Malawi	3378	26875	140.5	150	837	4.4	Community transmission
Senegal	2276	28489	170.1	54	675	4.0	Community transmission
Botswana	2210	23503	999.4	29	163	6.9	Community transmission
Algeria	1730	108852	248.2	23	2911	6.6	Community transmission
Côte d'Ivoire	1389	29567	112.1	10	162	0.6	Community transmission
Rwanda	1219	16337	126.1	24	217	1.7	Community transmission
Zimbabwe	1216	34487	232.0	123	1316	8.9	Community transmission
Lesotho	1102	9380	437.9	23	183	8.5	Community transmission
Namibia	1017	34845	1371.4	21	371	14.6	Community transmission
Kenya	1015	101690	189.1	21	1776	3.3	Community transmission
Democratic Republic of the Congo	881	23484	26.2	8	679	0.8	Community transmission
Gabon	709	11457	514.8	3	71	3.2	Community transmission
Cameroon	696	30313	114.2	12	474	1.8	Community transmission
Burkina Faso	647	11227	53.7	14	134	0.6	Community transmission
Eswatini	515	16181	1394.7	42	604	52.1	Community transmission
Benin	407	4193	34.6	7	55	0.5	Community transmission
Cabo Verde	399	14380	2586.4	2	135	24.3	Community transmission
Togo	395	5436	65.7	2	79	1.0	Community transmission
South Sudan	394	4355	38.9	1	65	0.6	Community transmission
Comoros	368	3086	354.9	18	108	12.4	Community transmission
Madagascar	322	19065	68.8	2	281	1.0	Community transmission
Seychelles	318	1504	1529.3	3	6	6.1	Clusters of cases
Mauritania	317	16777	360.8	7	425	9.1	Community transmission
Uganda	288	39821	87.1	3	327	0.7	Community transmission
Angola	280	20062	61.0	11	475	1.4	Community transmission
Sierra Leone	231	3759	47.1	0	79	1.0	Community transmission
Eritrea	191	2326	65.6	0	7	0.2	Community transmission
Guinea	190	14665	111.7	2	84	0.6	Community transmission
Congo	173	8060	146.1	5	122	2.2	Community transmission
Guinea-Bissau	149	2772	140.9	1	46	2.3	Community transmission
Gambia	147	4237	175.3	6	134	5.5	Community transmission
Chad	126	3473	21.1	7	125	0.8	Community transmission
Burundi	91	1723	14.5	1	3	0.0	Community transmission
Mali	91	8160	40.3	8	338	1.7	Community transmission
Sao Tome and Principe	83	1339	611.0	1	18	8.2	Community transmission
Niger	82	4598	19.0	6	165	0.7	Community transmission
Equatorial Guinea	62	5578	397.6	0	86	6.1	Community transmission
Liberia	17	1956	38.7	0	84	1.7	Community transmission
Mauritius	16	584	45.9	0	10	0.8	Sporadic cases
Central African Republic	8	4989	103.3	0	63	1.3	Community transmission
United Republic of Tanzania	0	509	0.9	0	21	0.0	Pending
Mayotte	2524	10755	3942.2	3	64	23.5	Clusters of cases
Réunion	491	10487	1171.3	1	47	5.2	Clusters of cases
