Reporting Country/Territory/Area	New cases in last 7 days	Cumulative cases	Cumulative cases per 100 thousand population	New deaths in last 7 days	Cumulative deaths	Cumulative deaths per 100 thousand population	Transmission classification
Europe	968943	36575529	3918.5	28404	812410	87.0	
France	127565	3390070	5193.6	2837	81226	124.4	Community transmission
Russian Federation	104602	4071883	2790.2	3465	80126	54.9	Clusters of cases
The United Kingdom	97271	4027110	5932.2	4816	116908	172.2	Community transmission
Italy	85721	2710819	4483.5	2353	93356	154.4	Clusters of cases
Turkey	55110	2579896	3059.0	692	27377	32.5	Community transmission
Czechia	53034	1088009	10159.8	908	18143	169.4	Community transmission
Germany	50551	2334561	2786.4	3443	64960	77.5	Community transmission
Spain	49840	3041454	6505.1	1053	64217	137.3	Community transmission
Poland	38700	1588955	4198.4	1720	40807	107.8	Community transmission
Israel	36500	720393	8322.9	268	5335	61.6	Community transmission
Ukraine	26294	1271143	2906.5	733	24330	55.6	Community transmission
Netherlands	24162	1025787	5986.5	443	14793	86.3	Community transmission
Portugal	22173	784079	7689.5	1229	15183	148.9	Clusters of cases
Sweden	17115	608411	6024.3	51	12428	123.1	Community transmission
Romania	16748	760091	3951.1	516	19325	100.5	Community transmission
Slovakia	14460	276234	5059.6	677	5812	106.5	Clusters of cases
Serbia	13141	419493	6023.9	102	4214	60.5	Community transmission
Belgium	11879	738631	6373.2	252	21662	186.9	Community transmission
Hungary	10967	387462	4010.8	616	13706	141.9	Community transmission
Belarus	10070	267029	2825.9	67	1840	19.5	Community transmission
Austria	9385	428692	4759.9	204	8088	89.8	Community transmission
Greece	8253	171466	1645.1	152	6103	58.6	Community transmission
Albania	7775	91987	3196.4	97	1543	53.6	Clusters of cases
Ireland	6248	208796	4228.5	257	3931	79.6	Community transmission
Kazakhstan	6048	250476	1334.0	0	3185	17.0	Clusters of cases
Slovenia	5970	179153	8617.5	46	3977	191.3	Clusters of cases
Bulgaria	5964	229516	3303.1	297	9608	138.3	Clusters of cases
Switzerland	5814	538116	6217.7	70	8982	103.8	Community transmission
Republic of Moldova	5562	169805	4209.4	110	3640	90.2	Community transmission
Latvia	4962	76282	4044.2	116	1443	76.5	Community transmission
Estonia	4488	52416	3951.3	34	495	37.3	Clusters of cases
Lithuania	3954	190724	7006.0	133	3070	112.8	Community transmission
Georgia	3533	265557	6657.0	69	3352	84.0	Community transmission
Montenegro	3256	68921	10973.5	44	882	140.4	Clusters of cases
Denmark	2881	204067	3523.1	69	2284	39.4	Community transmission
Finland	2310	49572	894.7	15	710	12.8	Community transmission
North Macedonia	2273	96872	4649.8	60	2976	142.8	Community transmission
Croatia	2255	237657	5789.1	149	5318	129.5	Community transmission
Bosnia and Herzegovina	1938	125642	3829.6	101	4892	149.1	Community transmission
Norway	1753	66236	1221.8	10	592	10.9	Clusters of cases
Armenia	1079	169167	5708.8	24	3141	106.0	Community transmission
Malta	1075	19651	4450.5	11	290	65.7	Clusters of cases
Luxembourg	1010	52699	8418.7	14	606	96.8	Community transmission
Azerbaijan	973	231995	2288.1	22	3178	31.3	Clusters of cases
Cyprus	746	32390	2682.7	9	220	18.2	Clusters of cases
Kyrgyzstan	404	85475	1310.1	15	1441	22.1	Clusters of cases
Uzbekistan	318	79416	237.3	1	622	1.9	Clusters of cases
Andorra	257	10463	13541.7	2	107	138.5	Community transmission
San Marino	168	3304	9735.4	3	72	212.2	Community transmission
Monaco	108	1755	4472.0	1	21	53.5	Sporadic cases
Liechtenstein	17	2611	6846.4	0	49	128.5	Sporadic cases
Iceland	13	6033	1767.9	0	29	8.5	Community transmission
Holy See	0	26	3213.8	0	0	0.0	Sporadic cases
Tajikistan	0	13714	143.8	0	91	1.0	Pending
Kosovo	2086	64052	3443.0	24	1534	82.5	Community transmission
Guernsey	93	782	1237.4	0	13	20.6	Community transmission
Gibraltar	42	4212	12501.9	4	84	249.3	Clusters of cases
Jersey	25	3198	2939.3	0	67	61.6	Community transmission
Faroe Islands	2	657	1344.5	0	1	2.0	Sporadic cases
Isle of Man	2	436	512.7	0	25	29.4	No cases
Greenland	0	30	52.8	0	0	0.0	No cases
