Reporting Country/Territory/Area	New cases in last 7 days	Cumulative cases	Cumulative cases per 100 thousand population	New deaths in last 7 days	Cumulative deaths	Cumulative deaths per 100 thousand population	Transmission classification
Africa	62286	3061438	272.9	1340	77446	6.9	
Ethiopia	13153	198794	172.9	137	2784	2.4	Community transmission
Kenya	9167	129330	240.5	117	2104	3.9	Community transmission
Cameroon	8681	47669	179.6	133	721	2.7	Community transmission
South Africa	7665	1544466	2604.1	566	52648	88.8	Community transmission
Botswana	2973	38466	1635.7	48	506	21.5	Community transmission
Côte d'Ivoire	2555	42468	161.0	12	229	0.9	Community transmission
Zambia	1454	87727	477.2	20	1198	6.5	Community transmission
Madagascar	1311	23424	84.6	41	381	1.4	Community transmission
Namibia	1296	43499	1711.9	16	508	20.0	Community transmission
Mozambique	1212	67011	214.4	22	762	2.4	Community transmission
Gabon	1129	18426	827.9	4	109	4.9	Community transmission
Ghana	1011	90287	290.6	24	740	2.4	Community transmission
Guinea	939	19501	148.5	8	116	0.9	Community transmission
Nigeria	838	162489	78.8	11	2041	1.0	Community transmission
Togo	837	9676	116.9	5	107	1.3	Community transmission
Senegal	763	38456	229.7	27	1034	6.2	Community transmission
Algeria	684	116750	266.2	22	3077	7.0	Community transmission
Cabo Verde	578	17018	3060.9	6	165	29.7	Community transmission
Rwanda	548	21309	164.5	13	300	2.3	Community transmission
Mali	503	9773	48.3	16	376	1.9	Community transmission
Seychelles	438	4054	4122.1	2	18	18.3	Community transmission
Democratic Republic of the Congo	419	27886	31.1	8	734	0.8	Community transmission
Angola	335	22031	67.0	7	533	1.6	Community transmission
Benin	282	7100	58.6	0	90	0.7	Community transmission
Malawi	242	33458	174.9	20	1113	5.8	Community transmission
South Sudan	199	10048	89.8	2	108	1.0	Community transmission
Equatorial Guinea	166	6902	492.0	2	102	7.3	Community transmission
Mauritania	158	17745	381.6	2	448	9.6	Community transmission
Burkina Faso	157	12673	60.6	0	145	0.7	Community transmission
Zimbabwe	156	36818	247.7	9	1519	10.2	Community transmission
Lesotho	151	10686	498.8	6	315	14.7	Community transmission
Gambia	146	5401	223.5	2	163	6.7	Community transmission
Burundi	144	2757	23.2	0	6	0.1	Community transmission
Congo	117	9681	175.4	1	135	2.4	Community transmission
Uganda	116	40767	89.1	1	335	0.7	Community transmission
Chad	91	4501	27.4	3	160	1.0	Community transmission
Eritrea	90	3208	90.5	2	9	0.3	Community transmission
Guinea-Bissau	72	3630	184.5	6	61	3.1	Community transmission
Niger	69	4987	20.6	0	185	0.8	Community transmission
Sao Tome and Principe	68	2210	1008.4	0	34	15.5	Community transmission
Mauritius	58	870	68.4	0	10	0.8	Clusters of cases
Eswatini	35	17318	1492.7	1	666	57.4	Community transmission
Comoros	25	3690	424.3	0	146	16.8	Community transmission
Sierra Leone	14	3962	49.7	0	79	1.0	Community transmission
Liberia	11	2053	40.6	0	85	1.7	Community transmission
Central African Republic	0	5087	105.3	0	64	1.3	Community transmission
United Republic of Tanzania	0	509	0.9	0	21	0.0	Pending
Réunion	930	15561	1738.1	15	102	11.4	Community transmission
Mayotte	300	19306	7076.6	3	154	56.4	Community transmission
