Reporting Country/Territory/Area	New cases in last 7 days	Cumulative cases	Cumulative cases per 100 thousand population	New deaths in last 7 days	Cumulative deaths	Cumulative deaths per 100 thousand population	Transmission classification
Europe	1382460	32848998	3519.2	38349	706293	75.7	
The United Kingdom	260098	3617463	5328.7	8739	97329	143.4	Community transmission
Russian Federation	151191	3719400	2548.7	3896	69462	47.6	Clusters of cases
France	138288	2985259	4573.5	2731	72484	111.0	Community transmission
Spain	109000	2456675	5254.4	854	55041	117.7	Community transmission
Germany	101418	2134936	2548.1	5451	51870	61.9	Community transmission
Italy	86452	2455185	4060.7	3362	85162	140.9	Clusters of cases
Portugal	85053	624469	6124.2	1485	10194	100.0	Clusters of cases
Czechia	48458	937617	8755.4	1031	15369	143.5	Community transmission
Turkey	43663	2424328	2874.5	1101	24933	29.6	Community transmission
Poland	39863	1475445	3898.5	2008	35363	93.4	Community transmission
Netherlands	37354	944009	5509.3	564	13510	78.8	Community transmission
Ukraine	31130	1191812	2725.2	1059	21861	50.0	Community transmission
Israel	29421	569152	6575.6	218	4158	48.0	Community transmission
Sweden	19437	547166	5417.9	105	11005	109.0	Community transmission
Romania	17706	709194	3686.5	558	17722	92.1	Community transmission
Ireland	16404	186184	3770.6	352	2947	59.7	Community transmission
Belgium	14153	693666	5985.2	348	20779	179.3	Community transmission
Slovakia	13151	236476	4331.3	594	4068	74.5	Clusters of cases
Switzerland	12427	506775	5855.5	331	8300	95.9	Community transmission
Belarus	12322	235859	2496.0	66	1639	17.3	Community transmission
Serbia	11069	382285	5489.6	138	3868	55.5	Community transmission
Austria	10435	400187	4443.4	354	7318	81.3	Community transmission
Lithuania	9108	176624	6488.1	204	2649	97.3	Community transmission
Slovenia	8737	157293	7566.0	228	3555	171.0	Clusters of cases
Kazakhstan	8448	224395	1195.1	0	2956	15.7	Clusters of cases
Hungary	7746	359574	3722.2	627	11968	123.9	Community transmission
Denmark	5718	193917	3347.9	222	1969	34.0	Community transmission
Georgia	5713	253518	6355.2	122	3055	76.6	Community transmission
Latvia	5399	60496	3207.3	136	1097	58.2	Community transmission
Albania	4225	71441	2482.5	40	1310	45.5	Clusters of cases
Croatia	3966	228920	5576.3	211	4827	117.6	Community transmission
Estonia	3637	40716	3069.3	51	376	28.3	Clusters of cases
Republic of Moldova	3297	155937	3856.6	102	3347	83.0	Community transmission
Greece	3276	151646	1454.9	181	5622	53.9	Community transmission
Bulgaria	2960	214696	3089.8	337	8811	126.8	Clusters of cases
Norway	2831	60565	1117.2	27	544	10.0	Community transmission
Montenegro	2566	58335	9288.0	23	768	122.3	Clusters of cases
Bosnia and Herzegovina	2047	119840	3652.7	120	4569	139.3	Community transmission
Finland	1814	41915	756.5	260	644	11.6	Community transmission
Azerbaijan	1737	228688	2255.5	74	3072	30.3	Clusters of cases
North Macedonia	1722	90471	4342.5	83	2779	133.4	Community transmission
Armenia	1450	166036	5603.2	47	3039	102.6	Community transmission
Cyprus	1076	29887	2475.4	16	183	15.2	Clusters of cases
Malta	1070	16658	3772.7	12	251	56.8	Clusters of cases
Luxembourg	842	49581	7920.6	12	564	90.1	Community transmission
Kyrgyzstan	791	83900	1268.0	16	1400	21.5	Clusters of cases
Andorra	461	9499	12294.1	5	96	124.2	Community transmission
Uzbekistan	407	78375	234.2	2	621	1.9	Clusters of cases
Monaco	148	1345	3427.3	0	8	20.4	Sporadic cases
San Marino	96	2874	8468.4	0	65	191.5	Community transmission
Liechtenstein	63	2504	6565.8	5	45	118.0	Sporadic cases
Iceland	25	5981	1752.7	0	29	8.5	Community transmission
Holy See	0	26	3213.8	0	0	0.0	Sporadic cases
Tajikistan	0	13714	143.8	0	91	1.0	Pending
Kosovo	2201	57656	3099.2	45	1440	77.4	Community transmission
Gibraltar	330	3905	11590.6	29	59	175.1	Clusters of cases
Jersey	60	3104	2852.9	1	63	57.9	Community transmission
Isle of Man	14	432	508.0	0	25	29.4	No cases
Faroe Islands	3	652	1334.3	0	1	2.0	Sporadic cases
Guernsey	1	310	490.5	0	13	20.6	Community transmission
Greenland	0	30	52.8	0	0	0.0	No cases
