Reporting Country/Territory/Area	New cases in last 7 days	Cumulative cases	Cumulative cases per 100 thousand population	New deaths in last 7 days	Cumulative deaths	Cumulative deaths per 100 thousand population	Transmission classification
South-East Asia	2709582	22675230	1121.8	25262	280220	13.9	
India	2597285	19557457	1417.2	23231	215542	15.6	Clusters of cases
Indonesia	36088	1672880	611.6	1152	45652	16.7	Community transmission
Nepal	31806	328893	1128.8	162	3298	11.3	Clusters of cases
Bangladesh	18184	760584	461.8	558	11510	7.0	Community transmission
Thailand	13524	68984	98.8	105	245	0.4	Clusters of cases
Sri Lanka	9276	109862	513.1	49	687	3.2	Clusters of cases
Maldives	2616	30237	5593.8	2	73	13.5	Clusters of cases
Timor-Leste	588	2396	181.7	0	3	0.2	Clusters of cases
Myanmar	127	142831	262.5	3	3209	5.9	Clusters of cases
Bhutan	88	1106	143.3	0	1	0.1	Sporadic cases
