Reporting Country/Territory/Area	New cases in last 7 days	Cumulative cases	Cumulative cases per 100 thousand population	New deaths in last 7 days	Cumulative deaths	Cumulative deaths per 100 thousand population	Transmission classification
Europe	1166859	51920795	5564.5	22819	1084814	116.3	
Kosovo	1560	105332		60	2168		Community transmission
Turkey	257992	4849408	5749.9	2493	40504	48.0	Community transmission
France	163666	5553806	8539.1	1963	103994	159.9	Community transmission
Germany	129404	3416822	4108.4	1628	83192	100.0	Community transmission
Italy	86100	4035617	6766.5	2012	121033	202.9	Clusters of cases
Russian Federation	60686	4823255	3305.1	2630	110862	76.0	Clusters of cases
Ukraine	57909	2083180	4763.3	2273	44596	102.0	Community transmission
Netherlands	49169	1502081	8628.9	131	17169	98.6	Community transmission
Poland	44377	2803233	7385.1	2653	68068	179.3	Community transmission
Spain	30950	3514942	7426.0	169	78080	165.0	Community transmission
Sweden	29792	973604	9427.2	19	14048	136.0	Community transmission
Belgium	19669	995559	8640.2	260	24284	210.8	Community transmission
Kazakhstan	19503	381078	2029.5	197	4542	24.2	Clusters of cases
Czechia	16038	1634114	15280.7	397	29343	274.4	Community transmission
The United Kingdom	15360	4418534	6508.8	107	127524	187.9	Community transmission
Greece	14692	346422	3232.0	503	10453	97.5	Community transmission
Hungary	13374	782892	8013.6	1177	27802	284.6	Community transmission
Austria	13195	616614	6927.4	157	9978	112.1	Community transmission
Serbia	12959	690931	9974.9	190	6386	92.2	Community transmission
Croatia	12547	335173	8259.2	328	7182	177.0	Community transmission
Romania	11850	1056572	5466.3	927	28194	145.9	Community transmission
Azerbaijan	8857	320322	3159.3	196	4538	44.8	Clusters of cases
Switzerland	8763	656952	7590.8	36	9971	115.2	Community transmission
Georgia	8694	312445	7832.3	126	4151	104.1	Community transmission
Lithuania	8383	249680	8936.0	102	3950	141.4	Community transmission
Belarus	8308	359982	3809.6	69	2552	27.0	Community transmission
Bulgaria	7746	404846	5823.9	585	16444	236.6	Clusters of cases
Denmark	5035	252045	4328.6	15	2489	42.7	Community transmission
Cyprus	4796	66372	7474.3	15	313	35.2	Clusters of cases
Slovenia	4696	241311	11513.7	33	4567	217.9	Clusters of cases
Latvia	4415	119370	6257.4	38	2139	112.1	Community transmission
Armenia	3575	216863	7318.5	121	4139	139.7	Community transmission
Bosnia and Herzegovina	3361	198832	6060.4	337	8579	261.5	Community transmission
Ireland	3233	249437	5024.5	34	4906	98.8	Community transmission
Slovakia	3187	383098	7019.2	271	11766	215.6	Clusters of cases
Portugal	2983	836947	8128.9	17	16976	164.9	Clusters of cases
Norway	2959	112540	2096.7	20	756	14.1	Clusters of cases
Uzbekistan	2616	91643	273.8	9	652	1.9	Clusters of cases
Estonia	2470	122685	9231.5	25	1168	87.9	Clusters of cases
North Macedonia	2307	152581	7323.7	241	4891	234.8	Community transmission
Republic of Moldova	2262	251160	6226.1	117	5826	144.4	Community transmission
Kyrgyzstan	2229	96060	1472.4	37	1619	24.8	Clusters of cases
Finland	1271	86808	1571.1	11	914	16.5	Community transmission
Luxembourg	1195	67397	10764.4	7	797	127.3	Community transmission
Montenegro	839	97613	15541.9	38	1503	239.3	Clusters of cases
Albania	776	131185	4558.5	24	2396	83.3	Clusters of cases
Israel	561	838535	9687.8	15	6365	73.5	Community transmission
Andorra	208	13232	17125.5	1	125	161.8	Community transmission
Malta	158	30307	5889.8	3	415	80.7	Clusters of cases
Iceland	82	6472	1777.4	0	29	8.0	Community transmission
Liechtenstein	51	3022	7799.3	0	56	144.5	Sporadic cases
Monaco	28	2457	6260.8	1	32	81.5	Sporadic cases
San Marino	19	5066	14927.2	1	90	265.2	Community transmission
Holy See	0	26	3213.8	0	0	0.0	Sporadic cases
Tajikistan	0	13714	143.8	0	91	1.0	Pending
Isle of Man	2	1587	1866.4	0	29	34.1	No cases
Faroe Islands	1	664	1358.8	0	1	2.0	Sporadic cases
Jersey	1	3234	3000.1	0	69	64.0	Community transmission
Gibraltar	0	4283	12712.6	0	94	279.0	Clusters of cases
Greenland	0	31	54.6	0	0	0.0	No cases
Guernsey	0	822	1275.1	0	14	21.7	Community transmission
