Reporting Country/Territory/Area	New cases in last 7 days	Cumulative cases	Cumulative cases per 100 thousand population	New deaths in last 7 days	Cumulative deaths	Cumulative deaths per 100 thousand population	Transmission classification
Americas	1344618	56589190	5532.9	37185	1368633	133.8	
Brazil	505668	12910082	6073.6	21094	328206	154.4	Community transmission
United States of America	444756	30304462	9155.4	7536	550539	166.3	Community transmission
Argentina	82102	2373153	5250.8	788	56023	124.0	Community transmission
Colombia	60711	2428048	4771.8	1132	63777	125.3	Community transmission
Peru	55961	1568345	4756.6	1299	52331	158.7	Community transmission
Chile	49565	1019478	5333.1	768	23421	122.5	Community transmission
Canada	31263	987918	2617.5	176	23002	60.9	Community transmission
Mexico	27512	2247357	1743.0	2992	203854	158.1	Community transmission
Uruguay	19225	111568	3211.8	166	1041	30.0	Community transmission
Paraguay	13182	217886	3054.8	336	4294	60.2	Community transmission
Ecuador	10476	333175	1888.4	231	16910	95.8	Community transmission
Venezuela (Bolivarian Republic of)	7825	162730	572.3	86	1629	5.7	Community transmission
Cuba	6798	78382	692.0	17	431	3.8	Community transmission
Bolivia (Plurinational State of)	5236	273947	2346.8	162	12305	105.4	Community transmission
Honduras	3389	189726	1915.5	86	4622	46.7	Community transmission
Panama	2833	355850	8247.3	39	6126	142.0	Community transmission
Jamaica	2702	40449	1366.0	47	613	20.7	Community transmission
Dominican Republic	2199	253781	2339.4	32	3334	30.7	Community transmission
Guatemala	1986	195036	1088.6	81	6875	38.4	Community transmission
Costa Rica	1586	216764	4255.2	26	2957	58.0	Community transmission
El Salvador	665	64431	993.4	23	2021	31.2	Community transmission
Guyana	439	10446	1328.1	10	235	29.9	Clusters of cases
Trinidad and Tobago	177	8116	579.9	4	145	10.4	Community transmission
Bahamas	137	9171	2332.1	0	188	47.8	Clusters of cases
Saint Lucia	82	4273	2327.0	3	61	33.2	Community transmission
Barbados	62	3665	1275.3	1	42	14.6	Community transmission
Haiti	52	12788	112.2	0	252	2.2	Community transmission
Suriname	49	9137	1557.5	0	177	30.2	Clusters of cases
Antigua and Barbuda	48	1170	1194.7	0	28	28.6	Clusters of cases
Belize	41	12456	3132.6	0	317	79.7	Community transmission
Nicaragua	38	5326	80.4	1	178	2.7	Community transmission
Saint Vincent and the Grenadines	34	1755	1581.9	0	10	9.0	Community transmission
Dominica	4	165	229.2	0	0	0.0	Clusters of cases
Grenada	0	155	137.7	0	1	0.9	Sporadic cases
Saint Kitts and Nevis	0	44	82.7	0	0	0.0	Sporadic cases
Puerto Rico	3236	108861	3805.2	17	2126	74.3	Community transmission
Curaçao	2186	8834	5383.5	11	38	23.2	Community transmission
Martinique	614	8163	2175.3	4	54	14.4	Community transmission
Aruba	430	9503	8900.8	4	86	80.5	Community transmission
Bermuda	415	1362	2187.1	0	12	19.3	Community transmission
Guadeloupe	378	11890	2971.6	4	177	44.2	Community transmission
French Guiana	210	17132	5735.9	7	96	32.1	Community transmission
Bonaire, Sint Eustatius and Saba	164	1411	5381.2	1	11	42.0	
Saint Barthélemy	53	910	9205.9	0	1	10.1	Clusters of cases
Sint Maarten	33	2151	5016.1	0	27	63.0	Community transmission
Saint Martin	30	1687	4363.8	1	13	33.6	Community transmission
United States Virgin Islands	30	2931	2806.8	0	26	24.9	Community transmission
Turks and Caicos Islands	19	2344	6054.0	0	17	43.9	Clusters of cases
Cayman Islands	14	501	762.3	0	2	3.0	Sporadic cases
Anguilla	2	25	166.6	0	0	0.0	Sporadic cases
Falkland Islands (Malvinas)	1	52	1493.0	0	0	0.0	No cases
British Virgin Islands	0	154	509.3	0	1	3.3	Clusters of cases
Montserrat	0	20	400.1	0	1	20.0	Sporadic cases
Saint Pierre and Miquelon	0	24	414.2	0	0	0.0	No cases
