Reporting Country/Territory/Area	New cases in last 7 days	Cumulative cases	Cumulative cases per 100 thousand population	New deaths in last 7 days	Cumulative deaths	Cumulative deaths per 100 thousand population	Transmission classification
South-East Asia	177074	13033797	644.8	2560	200267	9.9	
Indonesia	80697	1147010	419.3	1665	31393	11.5	Community transmission
India	80180	10826363	784.5	722	154996	11.2	Clusters of cases
Sri Lanka	5283	68576	320.3	38	351	1.6	Clusters of cases
Thailand	4589	23371	33.5	2	79	0.1	Clusters of cases
Bangladesh	3000	537770	326.5	79	8190	5.0	Community transmission
Myanmar	1440	141304	259.7	43	3168	5.8	Clusters of cases
Nepal	952	271806	932.9	8	2035	7.0	Clusters of cases
Maldives	920	16656	3081.3	3	54	10.0	Clusters of cases
Timor-Leste	10	80	6.1	0	0	0.0	Sporadic cases
Bhutan	3	861	111.6	0	1	0.1	Clusters of cases
