Reporting Country/Territory/Area	New cases in last 7 days	Cumulative cases	Cumulative cases per 100 thousand population	New deaths in last 7 days	Cumulative deaths	Cumulative deaths per 100 thousand population	Transmission classification
Western Pacific	111833	2077516	105.7	1570	33474	1.7	
Philippines	69164	853187	778.6	1321	14744	13.5	Community transmission
Japan	20536	503403	398.0	161	9382	7.4	Clusters of cases
Malaysia	9507	359117	1109.6	35	1321	4.1	Clusters of cases
Mongolia	4585	14183	432.6	9	20	0.6	Clusters of cases
Republic of Korea	4280	109559	213.7	24	1768	3.4	Clusters of cases
Papua New Guinea	1585	8442	94.4	7	68	0.8	Community transmission
Cambodia	1549	4238	25.3	10	29	0.2	Sporadic cases
China	216	103083	7.0	2	4853	0.3	Clusters of cases
Singapore	165	60633	1036.4	0	30	0.5	Sporadic cases
New Zealand	67	2218	46.0	0	26	0.5	Clusters of cases
Viet Nam	63	2692	2.8	0	35	0.0	Clusters of cases
Australia	55	29396	115.3	0	909	3.6	Clusters of cases
Brunei Darussalam	5	219	50.1	0	3	0.7	Sporadic cases
Fiji	1	68	7.6	0	2	0.2	Sporadic cases
Lao People's Democratic Republic	0	49	0.7	0	0	0.0	Sporadic cases
Solomon Islands	0	19	2.8	0	0	0.0	No cases
French Polynesia	19	18652	6639.9	0	141	50.2	Sporadic cases
Guam	19	7625	4517.8	0	136	80.6	Clusters of cases
Wallis and Futuna	16	441	3921.4	1	5	44.5	Sporadic cases
Northern Mariana Islands (Commonwealth of the)	1	160	278.0	0	2	3.5	Pending
Marshall Islands	0	4	6.8	0	0	0.0	No cases
New Caledonia	0	121	42.4	0	0	0.0	Sporadic cases
Samoa	0	4	2.0	0	0	0.0	No cases
Vanuatu	0	3	1.0	0	0	0.0	No cases
