Reporting Country/Territory/Area	New cases in last 7 days	Cumulative cases	Cumulative cases per 100 thousand population	New deaths in last 7 days	Cumulative deaths	Cumulative deaths per 100 thousand population	Transmission classification
Africa	66453	2789884	248.7	2038	70332	6.3	
South Africa	12304	1502367	2533.1	1119	48940	82.5	Community transmission
Mozambique	6380	54968	175.9	73	587	1.9	Community transmission
Ethiopia	6153	151857	132.1	90	2271	2.0	Community transmission
Nigeria	5889	151553	73.5	84	1831	0.9	Community transmission
Zambia	5440	73894	401.9	76	1016	5.5	Community transmission
Ghana	4538	79656	256.4	54	572	1.8	Community transmission
Cameroon	2355	33749	127.1	49	523	2.0	Community transmission
Senegal	1989	32630	194.9	54	795	4.7	Community transmission
Malawi	1652	30528	159.6	67	1004	5.2	Community transmission
Botswana	1598	26524	1127.9	52	254	10.8	Community transmission
Namibia	1498	37295	1467.8	16	402	15.8	Community transmission
Algeria	1251	111764	254.9	23	2958	6.7	Community transmission
Kenya	1201	103993	193.4	22	1817	3.4	Community transmission
South Sudan	1107	6417	57.3	11	85	0.8	Community transmission
Côte d'Ivoire	1030	31914	121.0	12	185	0.7	Community transmission
Gabon	976	13553	608.9	2	75	3.4	Community transmission
Democratic Republic of the Congo	840	25079	28.0	8	700	0.8	Community transmission
Rwanda	721	17988	138.9	11	247	1.9	Community transmission
Zimbabwe	664	35768	240.7	34	1432	9.6	Community transmission
Lesotho	609	10461	488.3	60	285	13.3	Community transmission
Benin	583	5143	42.4	9	65	0.5	Community transmission
Togo	445	6268	75.7	1	81	1.0	Community transmission
Seychelles	436	2328	2367.1	2	10	10.2	Community transmission
Guinea	408	15303	116.5	2	86	0.7	Community transmission
Mauritania	306	17083	367.4	9	434	9.3	Community transmission
Cabo Verde	299	14999	2697.7	4	143	25.7	Community transmission
Eswatini	276	16764	1445.0	15	645	55.6	Community transmission
Eritrea	256	2685	75.7	0	7	0.2	Community transmission
Gambia	241	4543	188.0	8	143	5.9	Community transmission
Madagascar	238	19598	70.8	7	292	1.1	Community transmission
Burundi	207	2031	17.1	0	3	0.0	Community transmission
Congo	206	8625	156.3	4	127	2.3	Community transmission
Guinea-Bissau	206	3091	157.1	0	46	2.3	Community transmission
Burkina Faso	195	11783	56.4	1	139	0.7	Community transmission
Uganda	180	40199	87.9	5	333	0.7	Community transmission
Chad	172	3794	23.1	6	133	0.8	Community transmission
Angola	170	20499	62.4	7	498	1.5	Community transmission
Comoros	158	3490	401.3	15	143	16.4	Community transmission
Equatorial Guinea	104	5798	413.3	2	89	6.3	Community transmission
Sao Tome and Principe	96	1578	720.0	2	21	9.6	Community transmission
Mali	66	8292	40.9	5	347	1.7	Community transmission
Niger	43	4733	19.6	1	170	0.7	Community transmission
Sierra Leone	28	3849	48.3	0	79	1.0	Community transmission
Liberia	19	1988	39.3	1	85	1.7	Community transmission
Mauritius	8	603	47.4	0	10	0.8	Sporadic cases
Central African Republic	0	4996	103.4	0	63	1.3	Community transmission
United Republic of Tanzania	0	509	0.9	0	21	0.0	Pending
Mayotte	2257	15792	5788.5	14	92	33.7	Community transmission
Réunion	655	11562	1291.4	1	48	5.4	Community transmission
