Reporting Country/Territory/Area	New cases in last 7 days	Cumulative cases	Cumulative cases per 100 thousand population	New deaths in last 7 days	Cumulative deaths	Cumulative deaths per 100 thousand population	Transmission classification
Europe	1136080	39775409	4261.3	20770	884218	94.7	
France	143622	3814830	5844.4	2100	87972	134.8	Community transmission
Italy	138937	3046762	5039.1	2071	99578	164.7	Clusters of cases
Poland	87928	1794914	4742.6	1516	45285	119.7	Community transmission
Czechia	85851	1321331	12338.5	1378	21717	202.8	Community transmission
Russian Federation	76697	4322776	2962.1	2978	89100	61.1	Clusters of cases
Turkey	76066	2769230	3283.4	462	28965	34.3	Community transmission
Germany	57846	2500182	2984.1	1855	71900	85.8	Community transmission
Ukraine	53379	1401228	3204.0	1040	27022	61.8	Community transmission
The United Kingdom	42824	4213347	6206.5	1714	124419	183.3	Community transmission
Hungary	37418	466017	4824.0	899	15873	164.3	Community transmission
Netherlands	31642	1115508	6510.2	262	15803	92.2	Community transmission
Serbia	25947	482397	6927.2	113	4542	65.2	Community transmission
Israel	25832	798354	9223.6	148	5863	67.7	Community transmission
Romania	25831	824995	4288.4	567	20854	108.4	Community transmission
Sweden	23077	684961	6782.3	35	13003	128.8	Community transmission
Spain	17900	3142358	6720.9	409	70501	150.8	Community transmission
Austria	15772	469539	5213.4	135	8529	94.7	Community transmission
Belgium	15494	787891	6798.2	176	22261	192.1	Community transmission
Slovakia	15307	323390	5923.3	647	7836	143.5	Clusters of cases
Greece	14147	203978	1957.0	237	6705	64.3	Community transmission
Bulgaria	13105	259811	3739.1	426	10593	152.5	Clusters of cases
Republic of Moldova	9749	194605	4824.2	167	4091	101.4	Community transmission
Estonia	9403	75003	5654.1	64	653	49.2	Clusters of cases
Belarus	8473	294432	3115.9	63	2029	21.5	Community transmission
Albania	5863	112078	3894.6	143	1918	66.6	Clusters of cases
Kazakhstan	5602	268327	1429.0	0	3389	18.0	Clusters of cases
Portugal	5568	809412	7938.0	236	16512	161.9	Clusters of cases
Slovenia	5459	195086	9383.9	31	4168	200.5	Clusters of cases
Switzerland	5145	559627	6466.2	28	9278	107.2	Community transmission
Bosnia and Herzegovina	4808	136498	4160.5	159	5247	159.9	Community transmission
Finland	4497	60904	1099.2	25	767	13.8	Community transmission
North Macedonia	4350	106832	5127.8	59	3185	152.9	Community transmission
Latvia	4199	90009	4772.0	73	1687	89.4	Community transmission
Ireland	3719	222699	4510.1	106	4419	89.5	Community transmission
Denmark	3594	214326	3700.3	19	2377	41.0	Community transmission
Croatia	3541	246514	6004.8	64	5590	136.2	Community transmission
Montenegro	3482	79771	12701.1	56	1059	168.6	Clusters of cases
Norway	3459	73493	1355.6	10	632	11.7	Community transmission
Lithuania	3069	202214	7428.1	84	3328	122.3	Community transmission
Armenia	2621	174679	5894.9	29	3221	108.7	Community transmission
Azerbaijan	2501	236768	2335.2	23	3241	32.0	Clusters of cases
Cyprus	2151	36575	3029.3	1	232	19.2	Clusters of cases
Georgia	2093	272851	6839.8	66	3576	89.6	Community transmission
Malta	1997	24216	5484.4	16	329	74.5	Clusters of cases
Luxembourg	1193	56506	9026.8	20	657	105.0	Community transmission
Kyrgyzstan	321	86550	1326.6	7	1471	22.5	Clusters of cases
Uzbekistan	290	80176	239.6	0	622	1.9	Clusters of cases
San Marino	206	3922	11556.4	2	76	223.9	Community transmission
Andorra	170	11019	14261.3	2	112	145.0	Community transmission
Monaco	66	2019	5144.7	2	26	66.3	Sporadic cases
Liechtenstein	15	2663	6982.7	1	53	139.0	Sporadic cases
Iceland	10	6059	1775.6	0	29	8.5	Community transmission
Holy See	0	26	3213.8	0	0	0.0	Sporadic cases
Tajikistan	0	13714	143.8	0	91	1.0	Pending
Kosovo	3697	72457	3894.7	45	1630	87.6	Community transmission
Isle of Man	131	606	712.7	0	25	29.4	No cases
Gibraltar	8	4244	12596.8	1	93	276.0	Clusters of cases
Jersey	5	3220	2959.6	0	69	63.4	Community transmission
Guernsey	2	821	1299.1	0	14	22.2	Community transmission
Greenland	1	31	54.6	0	0	0.0	No cases
Faroe Islands	0	658	1346.6	0	1	2.0	Sporadic cases
