Reporting Country/Territory/Area	New cases in last 7 days	Cumulative cases	Cumulative cases per 100 thousand population	New deaths in last 7 days	Cumulative deaths	Cumulative deaths per 100 thousand population	Transmission classification
Eastern Mediterranean	324394	9147412	1251.7	6461	183431	25.1	
Iran (Islamic Republic of)	139118	2516157	2995.7	2970	72090	85.8	Community transmission
Iraq	45078	1070366	2661.1	281	15498	38.5	Community transmission
Pakistan	35503	825519	373.7	958	17957	8.1	Community transmission
United Arab Emirates	13023	521948	5277.3	22	1591	16.1	Clusters of cases
Tunisia	12162	310734	2629.2	577	10808	91.4	Community transmission
Jordan	11654	712077	6979.0	308	8871	86.9	Community transmission
Kuwait	9866	275270	6445.7	58	1569	36.7	Community transmission
Oman	7975	193253	3784.4	68	2010	39.4	Community transmission
Lebanon	7893	527508	7728.6	186	7302	107.0	Community transmission
Bahrain	7662	177997	10460.7	28	648	38.1	Community transmission
Saudi Arabia	7148	418411	1201.9	81	6968	20.0	Community transmission
Egypt	7014	228584	223.4	404	13402	13.1	Clusters of cases
Qatar	4806	206302	7160.6	47	465	16.1	Community transmission
Libya	2756	177508	2583.3	82	3029	44.1	Community transmission
Morocco	2525	511562	1386.0	38	9026	24.5	Community transmission
Afghanistan	1279	60122	154.4	55	2637	6.8	Community transmission
Syrian Arab Republic	819	22818	130.4	72	1598	9.1	Community transmission
Somalia	456	13915	87.6	24	713	4.5	Community transmission
Djibouti	375	11121	1125.6	13	145	14.7	Community transmission
Yemen	220	6329	21.2	54	1230	4.1	Community transmission
Sudan	195	33944	774	29	2349	5.4	Clusters of cases
occupied Palestinian territory	6867	325967	6389.7	106	3525	69.1	Community transmission
