Reporting Country/Territory/Area	New cases in last 7 days	Cumulative cases	Cumulative cases per 100 thousand population	New deaths in last 7 days	Cumulative deaths	Cumulative deaths per 100 thousand population	Transmission classification
Western Pacific	44964	1576330	80.2	1201	28220	1.4	
Malaysia	18467	280272	865.9	93	1051	3.2	Clusters of cases
Philippines	12033	559288	510.4	561	12068	11.0	Community transmission
Japan	10035	424507	335.6	505	7417	5.9	Clusters of cases
Republic of Korea	3467	86992	169.7	35	1557	3.0	Clusters of cases
Mongolia	293	2586	78.9	0	2	0.1	Clusters of cases
Viet Nam	173	2368	2.4	0	35	0.0	Clusters of cases
China	154	101669	6.9	4	4842	0.3	Clusters of cases
Singapore	72	59858	1023.2	0	29	0.5	Sporadic cases
Cambodia	54	533	3.2	0	0	0.0	Sporadic cases
Papua New Guinea	48	970	10.8	0	10	0.1	Community transmission
Australia	28	28920	113.4	0	909	3.6	Sporadic cases
New Zealand	20	1994	41.4	1	26	0.5	Clusters of cases
Brunei Darussalam	1	185	42.3	0	3	0.7	Sporadic cases
Fiji	0	56	6.2	0	2	0.2	Sporadic cases
Lao People's Democratic Republic	0	45	0.6	0	0	0.0	Sporadic cases
Solomon Islands	0	18	2.6	0	0	0.0	No cases
French Polynesia	83	18346	6531.0	2	137	48.8	Sporadic cases
Guam	23	7507	4447.9	0	130	77.0	Clusters of cases
Northern Mariana Islands (Commonwealth of the)	9	143	248.4	0	2	3.5	Pending
New Caledonia	3	55	19.3	0	0	0.0	Sporadic cases
Samoa	1	4	2.0	0	0	0.0	No cases
Marshall Islands	0	4	6.8	0	0	0.0	No cases
Vanuatu	0	1	0.3	0	0	0.0	No cases
Wallis and Futuna	0	9	80.0	0	0	0.0	Sporadic cases
