Reporting Country/Territory/Area	New cases in last 7 days	Cumulative cases	Cumulative cases per 100 thousand population	New deaths in last 7 days	Cumulative deaths	Cumulative deaths per 100 thousand population	Transmission classification
Eastern Mediterranean	220035	9648410	1320.2	4709	193761	26.5	
Iran (Islamic Republic of)	99205	2739875	3262.0	2109	76633	91.2	Community transmission
Iraq	28359	1136917	2826.6	189	15930	39.6	Community transmission
Pakistan	20511	874751	396.0	670	19467	8.8	Community transmission
Bahrain	11188	199093	11700.5	59	737	43.3	Community transmission
United Arab Emirates	10486	544931	5509.7	19	1629	16.5	Clusters of cases
Egypt	8248	244520	238.9	424	14269	13.9	Clusters of cases
Saudi Arabia	6827	432269	1241.7	88	7147	20.5	Community transmission
Kuwait	6725	290801	6809.4	52	1687	39.5	Community transmission
Tunisia	6320	325832	2756.9	429	11779	99.7	Community transmission
Oman	5569	204913	4012.7	101	2184	42.8	Community transmission
Jordan	4112	723345	7089.4	167	9243	90.6	Community transmission
Lebanon	2964	535233	7841.7	125	7585	111.1	Community transmission
Qatar	2324	212927	7390.6	24	526	18.3	Community transmission
Afghanistan	1642	63484	163.1	56	2742	7.0	Community transmission
Libya	1482	181179	2636.8	22	3085	44.9	Community transmission
Morocco	1189	514817	1394.8	34	9098	24.6	Community transmission
Syrian Arab Republic	374	23693	135.4	45	1693	9.7	Community transmission
Djibouti	79	11414	1155.3	2	151	15.3	Community transmission
Yemen	76	6542	21.9	15	1286	4.3	Community transmission
Somalia	71	14486	91.1	6	753	4.7	Community transmission
Sudan	63	34889	79.6	1	2446	5.6	Clusters of cases
occupied Palestinian territory	2221	332499	6517.8	72	3691	72.4	Community transmission
