Reporting Country/Territory/Area	New cases in last 7 days	Cumulative cases	Cumulative cases per 100 thousand population	New deaths in last 7 days	Cumulative deaths	Cumulative deaths per 100 thousand population	Transmission classification
South-East Asia	199994	13884388	686.9	2141	212355	10.5	
India	148249	11359048	823.1	851	158607	11.5	Clusters of cases
Indonesia	40905	1414741	517.2	1175	38329	14.0	Community transmission
Bangladesh	6512	556236	337.7	76	8527	5.2	Community transmission
Sri Lanka	2264	87600	409.1	33	526	2.5	Clusters of cases
Maldives	813	21476	3973.0	0	64	11.8	Clusters of cases
Thailand	557	26927	38.6	1	86	0.1	Clusters of cases
Nepal	523	275178	944.4	4	3014	10.3	Clusters of cases
Myanmar	113	142136	261.2	1	3201	5.9	Clusters of cases
Timor-Leste	58	178	13.5	0	0	0.0	Clusters of cases
Bhutan	0	868	112.5	0	1	0.1	Sporadic cases
