Reporting Country/Territory/Area	New cases in last 7 days	Cumulative cases	Cumulative cases per 100 thousand population	New deaths in last 7 days	Cumulative deaths	Cumulative deaths per 100 thousand population	Transmission classification
Europe	1466680	50714995	5435.3	25341	1061218	113.7	
Kosovo	2662	103772		57	2108		Community transmission
Turkey	378771	4591416	5444.0	2403	38011	45.1	Community transmission
France	211674	5390187	8287.6	2110	102031	156.9	Community transmission
Germany	145156	3287418	3952.8	1650	81564	98.1	Community transmission
Italy	92074	3949517	6622.1	2345	119021	199.6	Clusters of cases
Ukraine	78761	2025271	4630.9	2537	42323	96.8	Community transmission
Poland	70831	2758856	7268.2	3383	65415	172.3	Community transmission
Russian Federation	60468	4762569	3263.5	2650	108232	74.2	Clusters of cases
Netherlands	57991	1453058	8347.3	135	17038	97.9	Community transmission
Spain	32476	3456886	7303.4	214	77496	163.7	Community transmission
Sweden	31748	938343	9085.8	31	13923	134.8	Community transmission
Belgium	23086	974417	8456.7	270	24017	208.4	Community transmission
Kazakhstan	19976	361575	1925.7	0	4157	22.1	Clusters of cases
Hungary	19010	769518	7876.7	1441	26625	272.5	Community transmission
Greece	18286	331730	3094.9	553	9950	92.8	Community transmission
Czechia	17729	1618076	15130.8	520	28946	270.7	Community transmission
Romania	17683	1044722	5405.0	1195	27267	141.1	Community transmission
Serbia	17673	677972	9787.8	242	6196	89.5	Community transmission
The United Kingdom	17232	4403174	6486.1	157	127417	187.7	Community transmission
Austria	15318	603419	6779.2	205	9821	110.3	Community transmission
Croatia	14836	322626	7950.0	292	6854	168.9	Community transmission
Azerbaijan	12943	311465	3071.9	235	4342	42.8	Clusters of cases
Bulgaria	11137	397100	5712.5	721	15859	228.1	Clusters of cases
Switzerland	9750	643562	7436.1	28	9899	114.4	Community transmission
Belarus	8751	351674	3721.7	70	2483	26.3	Community transmission
Georgia	8393	303751	7614.4	86	4025	100.9	Community transmission
Lithuania	7666	241297	8636.0	88	3848	137.7	Community transmission
Cyprus	6169	61576	6934.2	10	298	33.6	Clusters of cases
Denmark	5279	247010	4242.1	22	2474	42.5	Community transmission
Bosnia and Herzegovina	5175	195471	5958.0	405	8242	251.2	Community transmission
Slovenia	4943	236612	11289.5	38	4523	215.8	Clusters of cases
Armenia	4768	213288	7197.8	140	4018	135.6	Community transmission
Latvia	3958	114955	6025.9	53	2101	110.1	Community transmission
Slovakia	3937	379911	6960.8	389	11495	210.6	Clusters of cases
North Macedonia	3541	150274	7213.0	231	4650	223.2	Community transmission
Portugal	3404	833964	8100.0	17	16959	164.7	Clusters of cases
Republic of Moldova	3404	248898	6170.1	161	5709	141.5	Community transmission
Norway	3358	109581	2041.5	28	736	13.7	Community transmission
Ireland	2966	246204	4959.4	37	4872	98.1	Community transmission
Estonia	2661	120215	9045.7	51	1143	86.0	Clusters of cases
Uzbekistan	2347	89027	266.0	6	643	1.9	Clusters of cases
Kyrgyzstan	1948	93831	1438.2	33	1582	24.2	Clusters of cases
Finland	1904	85537	1548.1	16	903	16.3	Community transmission
Luxembourg	1456	66202	10573.6	5	790	126.2	Community transmission
Israel	1077	837974	9681.4	20	6350	73.4	Community transmission
Albania	953	130409	4531.6	32	2372	82.4	Clusters of cases
Montenegro	649	96342	15339.6	22	1451	231.0	Clusters of cases
Andorra	253	13024	16856.3	1	124	160.5	Community transmission
Malta	222	30149	5859.1	3	412	80.1	Clusters of cases
Iceland	104	6390	1754.8	0	29	8.0	Community transmission
Liechtenstein	40	2947	7605.8	0	56	144.5	Sporadic cases
San Marino	37	5047	14871.2	3	89	262.2	Community transmission
Monaco	34	2429	6189.5	0	31	79.0	Sporadic cases
Holy See	0	26	3213.8	0	0	0.0	Sporadic cases
Tajikistan	0	13714	143.8	0	91	1.0	Pending
Isle of Man	10	1585	1864.0	0	29	34.1	No cases
Faroe Islands	1	663	1356.8	0	1	2.0	Sporadic cases
Jersey	1	3233	2999.2	0	69	64.0	Community transmission
Gibraltar	0	4283	12712.6	0	94	279.0	Clusters of cases
Greenland	0	31	54.6	0	0	0.0	No cases
Guernsey	0	822	1275.1	0	14	21.7	Community transmission
