WHO Region	New cases in last 7 days (%)	Change in new cases in last 7 days	Cumulative cases (%)	New deaths in last 7 days (%)	Change in new deaths in last 7 days	Cumulative deaths (%)
Americas	1247997 (41%)	13%	52763811 (44%)	30611 (52%)	-6%	1268202 (48%)
Europe	1225972 (40%)	6%	41033224 (34%)	20809 (35%)	-2%	906675 (34%)
South-East Asia	199994 (7%)	19%	13884388 (12%)	2141 (4%)	-3%	212355 (8%)
Eastern Mediterranean	243564 (8%)	7%	6860471 (6%)	2893 (5%)	3%	150193 (6%)
Africa	52929 (2%)	-4%	2948478 (2%)	1307 (2%)	-6%	74688 (3%)
Western Pacific	49553 (2%)	19%	1711830 (1%)	720 (1%)	14%	30357 (1%)
Global	3035703 (100%)	10%	119218587 (100%)	58672 (100%)	-4%	2642673 (100%)
