Reporting Country/Territory/Area	New cases in last 7 days	Cumulative cases	Cumulative cases per 100 thousand population	New deaths in last 7 days	Cumulative deaths	Cumulative deaths per 100 thousand population	Transmission classification
Western Pacific	41677	1662277	84.6	630	29637	1.5	
Philippines	16891	591138	539.5	176	12465	11.4	Community transmission
Malaysia	13462	311777	963.3	45	1166	3.6	Clusters of cases
Japan	7216	438956	347.1	367	8227	6.5	Clusters of cases
Republic of Korea	2799	92471	180.4	31	1634	3.2	Clusters of cases
Mongolia	295	3161	96.4	0	2	0.1	Clusters of cases
Papua New Guinea	288	1583	17.7	3	16	0.2	Community transmission
China	186	102064	6.9	5	4848	0.3	Clusters of cases
Cambodia	182	987	5.9	0	0	0.0	Sporadic cases
Singapore	95	60020	1025.9	0	29	0.5	Sporadic cases
Viet Nam	77	2509	2.6	0	35	0.0	Clusters of cases
Australia	65	29030	113.8	0	909	3.6	Clusters of cases
New Zealand	23	2043	42.4	0	26	0.5	Clusters of cases
Fiji	4	63	7.0	0	2	0.2	Sporadic cases
Brunei Darussalam	3	189	43.2	0	3	0.7	Sporadic cases
Lao People's Democratic Republic	2	47	0.6	0	0	0.0	Sporadic cases
Solomon Islands	0	18	2.6	0	0	0.0	No cases
French Polynesia	72	18459	6571.2	1	140	49.8	Sporadic cases
Guam	14	7540	4467.5	2	133	78.8	Clusters of cases
Northern Mariana Islands (Commonwealth of the)	2	145	251.9	0	2	3.5	Pending
Wallis and Futuna	1	10	88.9	0	0	0.0	Sporadic cases
Marshall Islands	0	4	6.8	0	0	0.0	No cases
New Caledonia	0	58	20.3	0	0	0.0	Sporadic cases
Samoa	0	4	2.0	0	0	0.0	No cases
Vanuatu	0	1	0.3	0	0	0.0	No cases
