Reporting Country/Territory/Area	New cases in last 7 days	Cumulative cases	Cumulative cases per 100 thousand population	New deaths in last 7 days	Cumulative deaths	Cumulative deaths per 100 thousand population	Transmission classification
Europe	1102953	35515952	3805.0	33169	781242	83.7	
France	136154	3262505	4998.2	2923	78389	120.1	Community transmission
The United Kingdom	133747	3929839	5788.9	6521	112092	165.1	Community transmission
Russian Federation	116842	3967281	2718.5	3479	76661	52.5	Clusters of cases
Italy	83315	2625098	4341.7	2724	91003	150.5	Clusters of cases
Spain	82192	2913425	6231.3	1202	60802	130.0	Community transmission
Germany	67647	2284010	2726.1	4571	61517	73.4	Community transmission
Turkey	53885	2524786	2993.6	820	26685	31.6	Community transmission
Portugal	50888	761906	7472.1	1775	13954	136.8	Clusters of cases
Czechia	50201	1034975	9664.6	927	17235	160.9	Community transmission
Israel	39414	677315	7825.2	285	5014	57.9	Community transmission
Poland	36870	1550255	4096.2	1907	39087	103.3	Community transmission
Netherlands	27226	1001797	5846.5	400	14355	83.8	Community transmission
Ukraine	25394	1244849	2846.4	890	23597	54.0	Community transmission
Sweden	16892	588062	5822.8	69	12115	120.0	Community transmission
Romania	16425	743343	3864.0	545	18809	97.8	Community transmission
Belgium	14384	725610	6260.9	274	21389	184.6	Community transmission
Slovakia	13413	263326	4823.1	557	5199	95.2	Clusters of cases
Serbia	12455	406352	5835.2	112	4112	59.0	Community transmission
Belarus	10389	256959	2719.3	65	1773	18.8	Community transmission
Austria	9415	419307	4655.7	248	7884	87.5	Community transmission
Hungary	8909	376495	3897.3	566	13090	135.5	Community transmission
Kazakhstan	8584	244428	1301.8	59	3185	17.0	Clusters of cases
Ireland	7245	202548	4102.0	382	3674	74.4	Community transmission
Slovenia	7169	173696	8355.0	62	3891	187.2	Clusters of cases
Switzerland	7134	529285	6115.6	91	8822	101.9	Community transmission
Albania	6961	84212	2926.3	77	1446	50.2	Clusters of cases
Greece	6740	163213	1565.9	172	5951	57.1	Community transmission
Latvia	5612	71320	3781.2	147	1327	70.4	Community transmission
Bulgaria	4934	223552	3217.3	283	9311	134.0	Clusters of cases
Republic of Moldova	4730	164243	4071.5	96	3530	87.5	Community transmission
Lithuania	4231	186770	6860.8	134	2937	107.9	Community transmission
Georgia	3913	262024	6568.4	105	3283	82.3	Community transmission
Estonia	3720	47928	3613.0	42	461	34.8	Clusters of cases
Montenegro	3229	65227	10385.4	31	836	133.1	Clusters of cases
Denmark	3091	201186	3473.4	109	2215	38.2	Community transmission
Croatia	2976	235402	5734.1	142	5169	125.9	Community transmission
North Macedonia	2081	94599	4540.7	68	2916	140.0	Community transmission
Finland	2023	46894	846.4	21	692	12.5	Community transmission
Norway	1908	64483	1189.5	19	582	10.7	Clusters of cases
Bosnia and Herzegovina	1813	123704	3770.5	95	4791	146.0	Community transmission
Luxembourg	1142	51689	8257.3	13	592	94.6	Community transmission
Armenia	1062	168088	5672.4	37	3117	105.2	Community transmission
Azerbaijan	956	231022	2278.5	30	3156	31.1	Clusters of cases
Cyprus	874	31644	2620.9	14	211	17.5	Clusters of cases
Malta	773	18676	4229.7	15	282	63.9	Clusters of cases
Kyrgyzstan	542	85071	1303.9	14	1426	21.9	Clusters of cases
Uzbekistan	387	79098	236.3	0	621	1.9	Clusters of cases
Andorra	321	10206	13209.1	4	105	135.9	Community transmission
Monaco	172	1647	4196.8	8	20	51.1	Sporadic cases
San Marino	111	3136	9240.4	2	69	203.3	Community transmission
Liechtenstein	23	2588	6786.1	0	46	120.6	Sporadic cases
Iceland	19	6021	1764.4	0	29	8.5	Community transmission
Holy See	0	26	3213.8	0	0	0.0	Sporadic cases
Tajikistan	0	13714	143.8	0	91	1.0	Pending
Kosovo	2075	61966	3330.8	28	1510	81.2	Community transmission
Guernsey	240	689	1090.3	0	13	20.6	Community transmission
Gibraltar	74	4170	12377.2	7	80	237.5	Clusters of cases
Jersey	30	3173	2916.4	1	67	61.6	Community transmission
Faroe Islands	1	655	1340.4	0	1	2.0	Sporadic cases
Greenland	0	30	52.8	0	0	0.0	No cases
Isle of Man	0	434	510.4	0	25	29.4	No cases
