Reporting Country/Territory/Area	New cases in last 7 days	Cumulative cases	Cumulative cases per 100 thousand population	New deaths in last 7 days	Cumulative deaths	Cumulative deaths per 100 thousand population	Transmission classification
Americas	1247997	52763811	5158.9	30611	1268202	124.0	
Brazil	494153	11363380	5346.0	12335	275105	129.4	Community transmission
United States of America	461190	29063401	8780.4	9381	528456	159.7	Community transmission
Argentina	45311	2192025	4850.1	776	53646	118.7	Community transmission
Peru	44316	1402610	4254.0	1173	48664	147.6	Community transmission
Mexico	38466	2157771	1673.6	4273	193851	150.4	Community transmission
Chile	34896	885379	4631.6	566	21574	112.9	Community transmission
Colombia	25035	2294617	4509.6	650	60950	119.8	Community transmission
Canada	21472	903233	2393.2	212	22404	59.4	Community transmission
Paraguay	11782	177593	2489.9	158	3436	48.2	Community transmission
Ecuador	7723	300666	1704.2	195	16215	91.9	Community transmission
Uruguay	7145	69074	1988.5	52	689	19.8	Community transmission
Cuba	5723	60558	534.7	22	366	3.2	Community transmission
Bolivia (Plurinational State of)	5027	258324	2213.0	114	11903	102.0	Community transmission
Jamaica	4609	29912	1010.1	38	484	16.3	Community transmission
Guatemala	4342	182679	1019.7	96	6563	36.6	Community transmission
Honduras	4148	177168	1788.7	78	4325	43.7	Community transmission
Panama	3483	347226	8047.4	74	5981	138.6	Community transmission
Venezuela (Bolivarian Republic of)	3430	144786	509.2	51	1422	5.0	Community transmission
Dominican Republic	2956	245616	2264.2	51	3213	29.6	Community transmission
Costa Rica	2453	209093	4104.6	29	2862	56.2	Community transmission
El Salvador	1286	62086	957.2	51	1945	30.0	Community transmission
Guyana	340	9069	1153.0	6	206	26.2	Clusters of cases
Barbados	174	3391	1180.0	0	37	12.9	Community transmission
Antigua and Barbuda	149	962	982.3	6	27	27.6	Clusters of cases
Saint Lucia	146	3989	2172.3	5	48	26.1	Community transmission
Bahamas	106	8722	2218.0	3	185	47.0	Clusters of cases
Haiti	96	12632	110.8	0	250	2.2	Community transmission
Suriname	46	9012	1536.2	1	176	30.0	Clusters of cases
Nicaragua	40	5216	78.7	1	175	2.6	Community transmission
Trinidad and Tobago	40	7769	555.1	1	140	10.0	Community transmission
Belize	35	12370	3110.9	1	316	79.5	Community transmission
Saint Vincent and the Grenadines	22	1680	1514.3	0	8	7.2	Community transmission
Dominica	12	156	216.7	0	0	0.0	Clusters of cases
Saint Kitts and Nevis	2	43	80.8	0	0	0.0	Sporadic cases
Grenada	0	151	134.2	0	1	0.9	Sporadic cases
Saint Barthélemy	10779	725	7334.3	169	1	10.1	Clusters of cases
Curaçao	4915	4751	2895.3	22	22	13.4	Community transmission
Puerto Rico	1240	102567	3585.2	18	2077	72.6	Community transmission
Guadeloupe	267	10725	2680.4	0	168	42.0	Community transmission
Aruba	263	8272	7747.8	2	77	72.1	Community transmission
Martinique	151	7037	1875.2	0	47	12.5	Community transmission
French Guiana	71	16764	5612.7	0	87	29.1	Community transmission
United States Virgin Islands	53	2767	2649.7	0	25	23.9	Community transmission
Saint Martin	31	1612	4169.8	0	12	31.0	Community transmission
Turks and Caicos Islands	28	2200	5682.1	1	15	38.7	Clusters of cases
Cayman Islands	17	468	712.1	0	2	3.0	Sporadic cases
Bermuda	13	735	1180.3	0	12	19.3	Sporadic cases
Sint Maarten	12	2078	4845.9	0	27	63.0	Community transmission
Anguilla	3	21	140.0	0	0	0.0	Sporadic cases
Bonaire	0	455	2175.5	0	5	23.9	Community transmission
British Virgin Islands	0	154	509.3	0	1	3.3	Clusters of cases
Falkland Islands (Malvinas)	0	51	1464.3	0	0	0.0	No cases
Montserrat	0	20	400.1	0	1	20.0	Sporadic cases
Saba	0	6	310.4	0	0	0.0	No cases
Saint Pierre and Miquelon	0	24	414.2	0	0	0.0	No cases
Sint Eustatius	0	20	637.1	0	0	0.0	No cases
