Reporting Country/Territory/Area	New cases in last 7 days	Cumulative cases	Cumulative cases per 100 thousand population	New deaths in last 7 days	Cumulative deaths	Cumulative deaths per 100 thousand population	Transmission classification
Americas	1201726	64757485	6331.5	31439	1583343	154.8	
Brazil	437076	15519525	7301.3	13514	432628	203.5	Community transmission
United States of America	235638	32574504	9841.2	4143	579664	175.1	Community transmission
Argentina	151332	3269466	7234.0	2981	69853	154.6	Community transmission
Colombia	115834	3084460	6061.9	3383	80250	157.7	Community transmission
Canada	45230	1318399	3493.2	340	24869	65.9	Community transmission
Peru	39584	1879049	5698.9	2089	65608	199.0	Community transmission
Chile	38276	1280252	6697.2	633	27734	145.1	Community transmission
Uruguay	19060	235206	6771.0	337	3369	97.0	Community transmission
Costa Rica	17255	282741	5550.3	182	3547	69.6	Community transmission
Mexico	16121	2377995	1844.4	1502	220159	170.8	Community transmission
Paraguay	15405	309638	4341.2	508	7482	104.9	Community transmission
Bolivia (Plurinational State of)	13580	329733	2824.7	269	13451	115.2	Community transmission
Ecuador	10599	409520	2321.1	555	19692	111.6	Community transmission
Cuba	8309	123221	1087.9	74	796	7.0	Community transmission
Venezuela (Bolivarian Republic of)	7817	212998	749.0	103	2366	8.3	Community transmission
Honduras	6926	225256	2274.3	352	5937	59.9	Community transmission
Dominican Republic	5672	276272	2546.8	46	3569	32.9	Community transmission
Guatemala	5287	240170	1340.6	128	7845	43.8	Community transmission
Panama	3281	370043	8576.2	34	6292	145.8	Community transmission
Trinidad and Tobago	2659	15379	1098.9	69	265	18.9	Community transmission
Guyana	951	14988	1905.5	21	335	42.6	Community transmission
Suriname	774	11707	1995.6	9	223	38.0	Community transmission
El Salvador	660	70915	1093.3	32	2182	33.6	Community transmission
Jamaica	645	47233	1595.1	40	843	28.5	Community transmission
Bahamas	300	11073	2815.8	5	217	55.2	Clusters of cases
Haiti	229	13393	117.5	8	271	2.4	Community transmission
Saint Lucia	134	4788	2607.5	0	75	40.8	Community transmission
Nicaragua	74	5649	85.3	1	184	2.8	Community transmission
Barbados	30	3961	1378.3	1	46	16.0	Community transmission
Belize	28	12714	3197.5	0	323	81.2	Community transmission
Saint Vincent and the Grenadines	20	1932	1741.5	0	12	10.8	Community transmission
Antigua and Barbuda	3	1240	1266.2	0	32	32.7	Clusters of cases
Dominica	3	178	247.3	0	0	0.0	Clusters of cases
Grenada	0	161	143.1	0	1	0.9	Sporadic cases
Saint Kitts and Nevis	0	45	84.6	0	0	0.0	Sporadic cases
Puerto Rico	1538	136426	4768.7	64	2431	85.0	Community transmission
French Guiana	1099	21465	7186.6	4	108	36.2	Community transmission
Aruba	89	10826	10139.9	4	104	97.4	Community transmission
United States Virgin Islands	57	3267	3128.6	0	27	25.9	Community transmission
Bermuda	32	2466	3960.0	2	32	51.4	Community transmission
British Virgin Islands	29	248	820.2	0	1	3.3	Clusters of cases
Curaçao	22	12244	7461.6	5	118	71.9	Community transmission
Sint Maarten	22	2272	5298.3	0	27	63.0	Community transmission
Bonaire	17	1564	7477.9	1	17	81.3	Community transmission
Cayman Islands	17	565	859.7	0	2	3.0	Sporadic cases
Anguilla	10	109	726.6	0	0	0.0	Clusters of cases
Turks and Caicos Islands	2	2404	6209.0	0	17	43.9	Clusters of cases
Falkland Islands (Malvinas)	0	63	1808.8	0	0	0.0	Sporadic cases
Guadeloupe	0	15429	3856.1	0	236	59.0	Community transmission
Martinique	0	11490	3061.8	0	87	23.2	Community transmission
Montserrat	0	20	400.1	0	1	20.0	No cases
Saba	0	7	362.1	0	0	0.0	Sporadic cases
Saint Barthélemy	0	994	10055.6	0	1	10.1	Clusters of cases
Saint Martin	0	1777	4596.6	0	14	36.2	Community transmission
Saint Pierre and Miquelon	0	25	431.4	0	0	0.0	No cases
Sint Eustatius	0	20	637.1	0	0	0.0	No cases
