Reporting Country/Territory/Area	New cases in last 7 days	Cumulative cases	Cumulative cases per 100 thousand population	New deaths in last 7 days	Cumulative deaths	Cumulative deaths per 100 thousand population	Transmission classification
Europe	1225972	41033224	4396.1	20809	906675	97.1	
Italy	155076	3201838	5295.6	2303	101881	168.5	Clusters of cases
France	150434	3965264	6074.8	1660	89632	137.3	Community transmission
Poland	111718	1906632	5037.8	1893	47178	124.7	Community transmission
Turkey	96782	2866012	3398.2	456	29421	34.9	Community transmission
Czechia	77747	1399078	13064.5	1509	23226	216.9	Community transmission
Germany	69063	2569245	3066.5	1471	73371	87.6	Community transmission
Russian Federation	67832	4390608	3008.6	2990	92090	63.1	Clusters of cases
Ukraine	59528	1460756	3340.1	1281	28303	64.7	Community transmission
Hungary	50473	516490	5346.5	1079	16952	175.5	Community transmission
The United Kingdom	40477	4253824	6266.1	1045	125464	184.8	Community transmission
Netherlands	35811	1151180	6718.3	243	16045	93.6	Community transmission
Romania	30331	855326	4446.1	585	21439	111.4	Community transmission
Serbia	29654	512051	7353.1	152	4694	67.4	Community transmission
Sweden	23431	712527	7055.2	30	13146	130.2	Community transmission
Belgium	19397	808283	6974.2	167	22441	193.6	Community transmission
Austria	18468	488007	5418.4	123	8652	96.1	Community transmission
Spain	18078	3183704	6809.4	308	72258	154.5	Community transmission
Bulgaria	18067	277878	3999.1	641	11234	161.7	Clusters of cases
Greece	15543	219521	2106.1	333	7038	67.5	Community transmission
Slovakia	14113	337503	6181.8	692	8528	156.2	Clusters of cases
Estonia	9804	84807	6393.1	66	719	54.2	Clusters of cases
Republic of Moldova	9105	203710	5049.9	203	4294	106.4	Community transmission
Israel	7903	806257	9314.9	62	5925	68.5	Community transmission
Belarus	6896	301328	3188.9	58	2087	22.1	Community transmission
Bosnia and Herzegovina	6720	143218	4365.3	241	5488	167.3	Community transmission
Switzerland	5937	567967	6562.6	37	9359	108.1	Community transmission
Denmark	5592	219918	3796.8	13	2390	41.3	Community transmission
North Macedonia	5275	112107	5381.0	115	3300	158.4	Community transmission
Kazakhstan	5194	273521	1456.7	67	3456	18.4	Clusters of cases
Slovenia	4765	199855	9613.3	26	4218	202.9	Clusters of cases
Albania	4735	116813	4059.1	112	2030	70.5	Clusters of cases
Norway	4547	78040	1439.5	7	639	11.8	Community transmission
Croatia	4531	251045	6115.2	87	5677	138.3	Community transmission
Portugal	4304	813716	7980.2	157	16669	163.5	Clusters of cases
Finland	3943	66006	1191.3	19	786	14.2	Community transmission
Armenia	3706	178385	6019.9	34	3255	109.8	Community transmission
Ireland	3659	226358	4584.2	115	4534	91.8	Community transmission
Montenegro	3502	83690	13325.0	55	1122	178.6	Clusters of cases
Latvia	3475	93484	4956.2	70	1757	93.2	Community transmission
Azerbaijan	3327	239692	2364.0	38	3276	32.3	Clusters of cases
Lithuania	3171	205385	7544.6	68	3396	124.7	Community transmission
Cyprus	2702	39277	3253.1	6	238	19.7	Clusters of cases
Georgia	2138	274989	6893.4	72	3648	91.4	Community transmission
Malta	2051	26267	5948.9	21	350	79.3	Clusters of cases
Luxembourg	1194	57700	9217.6	31	688	109.9	Community transmission
Uzbekistan	391	80567	240.7	0	622	1.9	Clusters of cases
Kyrgyzstan	300	86850	1331.2	10	1481	22.7	Clusters of cases
Andorra	209	11228	14531.8	0	112	145.0	Community transmission
San Marino	204	4126	12157.5	1	77	226.9	Community transmission
Monaco	88	2106	5366.4	1	27	68.8	Sporadic cases
Iceland	13	6072	1779.4	0	29	8.5	Community transmission
Liechtenstein	10	2678	7022.1	0	54	141.6	Sporadic cases
Holy See	0	26	3213.8	0	0	0.0	Sporadic cases
Tajikistan	0	13714	143.8	0	91	1.0	Pending
Kosovo	4048	76505	4112.3	56	1686	90.6	Community transmission
Isle of Man	486	1092	1284.2	0	25	29.4	No cases
Gibraltar	19	4263	12653.2	0	93	276.0	Clusters of cases
Faroe Islands	3	661	1352.7	0	1	2.0	Sporadic cases
Jersey	2	3222	2961.4	0	69	63.4	Community transmission
Greenland	0	31	54.6	0	0	0.0	No cases
Guernsey	0	821	1299.1	0	14	22.2	Community transmission
