Reporting Country/Territory/Area	New cases in last 7 days	Cumulative cases	Cumulative cases per 100 thousand population	New deaths in last 7 days	Cumulative deaths	Cumulative deaths per 100 thousand population	Transmission classification
Eastern Mediterranean	183178	5335273	730.0	2846	127817	17.5	
Iran (Islamic Republic of)	43957	1324395	1576.8	617	56717	67.5	Community transmission
Lebanon	33605	249158	3650.4	276	1866	27.3	Community transmission
United Arab Emirates	22106	249808	2525.8	38	740	7.5	Community transmission
Tunisia	19717	177231	1499.6	463	5616	47.5	Community transmission
Pakistan	17253	516770	233.9	310	10908	4.9	Community transmission
Jordan	7598	313557	3073.1	128	4137	40.5	Community transmission
Morocco	7228	458865	1243.2	202	7911	21.4	Clusters of cases
Egypt	6708	155507	152.0	385	8527	8.3	Clusters of cases
Iraq	5256	607587	1510.6	54	12935	32.2	Community transmission
Libya	4015	108107	1572.0	83	1651	24.0	Community transmission
Kuwait	3499	157399	3685.7	5	947	22.2	Clusters of cases
Bahrain	1951	97268	5716.4	3	358	21.0	Clusters of cases
Qatar	1417	147089	5105.4	0	246	8.5	Clusters of cases
Oman	1194	131264	2570.5	4	1509	29.5	Clusters of cases
Saudi Arabia	1061	364753	1047.7	32	6318	18.1	Sporadic cases
Syrian Arab Republic	668	12942	74.0	56	824	4.7	Community transmission
Afghanistan	495	53984	138.7	62	2339	6.0	Clusters of cases
Djibouti	37	5903	597.5	0	61	6.2	Clusters of cases
Somalia	18	4744	29.8	0	130	0.8	Community transmission
Yemen	8	2116	7.1	2	613	2.1	Sporadic cases
Sudan	0	26279	59.9	0	1603	3.7	Community transmission
occupied Palestinian territory	5387	170637	3344.9	126	1861	36.5	Community transmission
