Reporting Country/Territory/Area	New cases in last 7 days	Cumulative cases	Cumulative cases per 100 thousand population	New deaths in last 7 days	Cumulative deaths	Cumulative deaths per 100 thousand population	Transmission classification
Africa	50916	2999152	267.3	1428	76113	6.8	
Ethiopia	11587	185641	161.5	107	2647	2.3	Community transmission
South Africa	8387	1536801	2591.2	821	52082	87.8	Community transmission
Kenya	7358	120163	223.5	79	1987	3.7	Community transmission
Côte d'Ivoire	2609	39913	151.3	6	217	0.8	Community transmission
Zambia	1799	86273	469.3	25	1178	6.4	Community transmission
Ghana	1514	89276	287.3	31	716	2.3	Community transmission
Mozambique	1503	65799	210.5	18	740	2.4	Community transmission
Botswana	1395	35493	1509.3	34	458	19.5	Community transmission
Namibia	1178	42203	1660.9	34	492	19.4	Community transmission
Nigeria	1114	161651	78.4	17	2030	1.0	Community transmission
Guinea	970	18562	141.3	6	108	0.8	Community transmission
Senegal	967	37693	225.1	52	1007	6.0	Community transmission
Algeria	923	116066	264.7	21	3055	7.0	Community transmission
Togo	790	8839	106.8	9	102	1.2	Community transmission
Madagascar	757	22113	79.9	14	340	1.2	Community transmission
Gabon	637	17297	777.1	9	105	4.7	Community transmission
Rwanda	618	20761	160.3	11	287	2.2	Community transmission
Democratic Republic of the Congo	530	27467	30.7	9	726	0.8	Community transmission
Seychelles	443	3616	3676.8	1	16	16.3	Community transmission
Malawi	427	33216	173.6	11	1093	5.7	Community transmission
South Sudan	420	9849	88.0	2	106	0.9	Community transmission
Mali	408	9270	45.8	7	367	1.8	Community transmission
Cabo Verde	405	16440	2956.9	3	159	28.6	Community transmission
Angola	373	21696	66.0	6	526	1.6	Community transmission
Benin	317	6818	56.2	9	90	0.7	Community transmission
Gambia	316	5255	217.4	8	161	6.7	Community transmission
Congo	235	9564	173.3	3	134	2.4	Community transmission
Zimbabwe	191	36662	246.7	9	1510	10.2	Community transmission
Mauritania	177	17587	378.2	4	446	9.6	Community transmission
Equatorial Guinea	174	6736	480.1	2	100	7.1	Community transmission
Burundi	172	2613	22.0	3	6	0.1	Community transmission
Burkina Faso	166	12516	59.9	1	145	0.7	Community transmission
Chad	122	4410	26.8	4	157	1.0	Community transmission
Guinea-Bissau	122	3558	180.8	3	55	2.8	Community transmission
Mauritius	121	812	63.8	0	10	0.8	Clusters of cases
Uganda	107	40651	88.9	0	334	0.7	Community transmission
Eritrea	80	3118	87.9	0	7	0.2	Community transmission
Central African Republic	66	5087	105.3	1	64	1.3	Community transmission
Sao Tome and Principe	64	2142	977.4	2	34	15.5	Community transmission
Niger	61	4918	20.3	4	185	0.8	Community transmission
Eswatini	49	17283	1489.7	4	665	57.3	Community transmission
Comoros	42	3665	421.5	0	146	16.8	Community transmission
Liberia	12	2042	40.4	0	85	1.7	Community transmission
Sierra Leone	11	3948	49.5	0	79	1.0	Community transmission
Lesotho	5	10535	491.8	0	309	14.4	Community transmission
Cameroon	0	38988	146.9	0	588	2.2	Community transmission
United Republic of Tanzania	0	509	0.9	0	21	0.0	Pending
Réunion	830	14631	1634.2	16	87	9.7	Community transmission
Mayotte	364	19006	6966.6	22	151	55.3	Community transmission
