Reporting Country/Territory/Area	New cases in last 7 days	Cumulative cases	Cumulative cases per 100 thousand population	New deaths in last 7 days	Cumulative deaths	Cumulative deaths per 100 thousand population	Transmission classification
Americas	1888070	45345051	4433.5	47277	1047171	102.4	
United States of America	1072287	25676612	7757.2	22506	433173	130.9	Community transmission
Brazil	364593	9118513	4289.9	7423	222666	104.8	Community transmission
Mexico	109603	1841893	1428.6	8965	156579	121.4	Community transmission
Colombia	90215	2077633	4083.2	2698	53284	104.7	Community transmission
Argentina	61532	1915362	4237.9	1200	47775	105.7	Community transmission
Peru	37779	1125875	3414.7	1259	40686	123.4	Community transmission
Canada	33386	770793	2042.3	973	19801	52.5	Community transmission
Chile	28253	722900	3781.6	485	18339	95.9	Community transmission
Bolivia (Plurinational State of)	15135	213392	1828.1	355	10226	87.6	Community transmission
Ecuador	11547	249779	1415.7	255	14851	84.2	Community transmission
Panama	10460	318253	7375.9	241	5221	121.0	Community transmission
Dominican Republic	10046	212553	1959.4	133	2646	24.4	Community transmission
Honduras	6928	146110	1475.2	136	3575	36.1	Community transmission
Paraguay	5516	131886	1849.1	108	2693	37.8	Community transmission
Guatemala	5228	159118	888.2	162	5618	31.4	Community transmission
Cuba	5047	25674	226.7	22	213	1.9	Clusters of cases
Uruguay	4359	40529	1166.7	61	425	12.2	Community transmission
Costa Rica	3968	193276	3794.1	86	2604	51.1	Community transmission
Venezuela (Bolivarian Republic of)	2981	125776	442.3	41	1177	4.1	Community transmission
El Salvador	1317	53989	832.4	63	1614	24.9	Community transmission
Jamaica	755	15527	524.4	12	348	11.8	Community transmission
Haiti	434	11533	101.1	2	245	2.1	Community transmission
Saint Lucia	425	1195	650.8	3	13	7.1	Sporadic cases
Suriname	419	8364	1425.8	6	154	26.3	Clusters of cases
Guyana	385	7528	957.1	5	175	22.2	Clusters of cases
Barbados	255	1498	521.3	3	12	4.2	Community transmission
Belize	177	11877	2987.0	11	301	75.7	Community transmission
Saint Vincent and the Grenadines	176	896	807.6	0	2	1.8	Clusters of cases
Trinidad and Tobago	77	7533	538.3	1	134	9.6	Community transmission
Bahamas	64	8174	2078.6	1	176	44.8	Clusters of cases
Nicaragua	39	4992	75.4	1	169	2.6	Community transmission
Antigua and Barbuda	23	218	222.6	1	7	7.1	Sporadic cases
Dominica	4	117	162.5	0	0	0.0	Clusters of cases
Saint Kitts and Nevis	2	37	69.6	0	0	0.0	Sporadic cases
Grenada	1	148	131.5	0	1	0.9	Sporadic cases
Puerto Rico	3333	93406	3265.0	52	1823	63.7	Community transmission
French Guiana	419	16083	5384.7	0	76	25.4	Community transmission
Aruba	235	6858	6423.4	6	58	54.3	Community transmission
Turks and Caicos Islands	215	1459	3768.3	1	8	20.7	Clusters of cases
Sint Maarten	114	1822	4248.9	0	27	63.0	Community transmission
Guadeloupe	100	9156	2288.3	0	157	39.2	Community transmission
Saint Martin	98	1289	3334.3	0	12	31.0	Community transmission
United States Virgin Islands	63	2398	2269.4	0	24	23.0	Community transmission
Curaçao	37	4574	2787.4	0	20	12.2	Community transmission
Bonaire	12	362	1730.8	0	3	14.3	Community transmission
Cayman Islands	7	390	593.4	0	2	3.0	Sporadic cases
Bermuda	5	691	1109.6	0	12	19.3	Sporadic cases
British Virgin Islands	4	141	466.3	0	1	3.3	Clusters of cases
Saint Pierre and Miquelon	4	24	414.2	0	0	0.0	Clusters of cases
Falkland Islands (Malvinas)	3	40	1148.4	0	0	0.0	No cases
Saint Barthélemy	3	379	3834.1	0	0	0.0	Sporadic cases
Anguilla	2	17	113.3	0	0	0.0	Sporadic cases
Martinique	0	6370	1697.5	0	44	11.7	Community transmission
Montserrat	0	13	260.1	0	1	20.0	No cases
Saba	0	6	310.4	0	0	0.0	Sporadic cases
Sint Eustatius	0	20	637.1	0	0	0.0	Sporadic cases
