Reporting Country/Territory/Area	New cases in last 7 days	Cumulative cases	Cumulative cases per 100 thousand population	New deaths in last 7 days	Cumulative deaths	Cumulative deaths per 100 thousand population	Transmission classification
Europe	1638947	45877941	4915.1	24534	980586	105.1	
Turkey	265937	3445052	4084.8	1155	32078	38.0	Community transmission
France	244607	4679794	7169.5	1991	95875	146.9	Community transmission
Poland	187551	2438542	6443.2	3057	54941	145.2	Community transmission
Italy	137794	3650247	6037.3	3068	110704	183.1	Clusters of cases
Germany	112985	2885386	3443.8	1093	76963	91.9	Community transmission
Ukraine	101646	1745709	3991.7	2379	34333	78.5	Community transmission
Russian Federation	61062	4580894	3139.0	2634	100374	68.8	Clusters of cases
Netherlands	50518	1295228	7559.0	160	16606	96.9	Community transmission
Hungary	45552	679413	7033.0	1532	21504	222.6	Community transmission
Romania	38045	970224	5043.3	976	23973	124.6	Community transmission
Czechia	36867	1551896	14491.5	1071	26945	251.6	Community transmission
Serbia	32748	614365	8822.3	271	5422	77.9	Community transmission
Belgium	28276	900995	7774.2	241	23162	199.9	Community transmission
The United Kingdom	27911	4357095	6418.3	253	126826	186.8	Community transmission
Sweden	26914	813191	8052.0	22	13498	133.7	Community transmission
Bulgaria	24489	352259	5069.6	857	13507	194.4	Clusters of cases
Austria	21652	552496	6134.5	170	9165	101.8	Community transmission
Greece	20869	273459	2623.6	476	8302	79.7	Community transmission
Azerbaijan	14344	268714	2650.3	184	3648	36.0	Clusters of cases
Kazakhstan	13554	305860	1628.9	116	3812	20.3	Clusters of cases
Croatia	12804	280026	6821.1	165	6058	147.6	Community transmission
Bosnia and Herzegovina	10971	174846	5329.3	525	6803	207.4	Community transmission
Spain	9182	3291394	7039.7	79	75541	161.6	Community transmission
Switzerland	9173	602578	6962.5	42	9677	111.8	Community transmission
Republic of Moldova	8734	234394	5810.5	307	5092	126.2	Community transmission
Belarus	8434	326065	3450.7	65	2276	24.1	Community transmission
Slovenia	7382	219422	10554.5	41	4368	210.1	Clusters of cases
Slovakia	7332	365242	6689.9	529	10025	183.6	Clusters of cases
North Macedonia	6694	132924	6380.2	218	3860	185.3	Community transmission
Armenia	6317	196634	6635.8	128	3592	121.2	Community transmission
Norway	5836	96770	1785.0	17	673	12.4	Community transmission
Lithuania	5770	219711	8070.8	58	3609	132.6	Community transmission
Estonia	5769	109399	8247.0	94	941	70.9	Clusters of cases
Denmark	5669	232718	4017.8	15	2428	41.9	Community transmission
Ireland	3758	237695	4813.8	62	4715	95.5	Community transmission
Georgia	3532	283833	7115.1	60	3811	95.5	Community transmission
Latvia	3151	103867	5506.7	51	1923	102.0	Community transmission
Cyprus	2977	47282	3916.2	11	261	21.6	Clusters of cases
Portugal	2820	822862	8069.9	41	16868	165.4	Clusters of cases
Finland	2561	78106	1409.7	29	846	15.3	Community transmission
Albania	2542	126183	4384.7	52	2256	78.4	Clusters of cases
Montenegro	2090	92517	14730.5	58	1303	207.5	Clusters of cases
Israel	1588	833200	9626.2	59	6231	72.0	Community transmission
Luxembourg	1350	62105	9921.3	12	750	119.8	Community transmission
Uzbekistan	1283	83623	249.9	5	631	1.9	Clusters of cases
Kyrgyzstan	922	89014	1364.4	11	1506	23.1	Clusters of cases
Malta	381	29189	6610.7	12	397	89.9	Clusters of cases
Andorra	365	12174	15756.2	2	117	151.4	Community transmission
San Marino	149	4775	14069.8	0	84	247.5	Community transmission
Monaco	72	2326	5927.0	1	29	73.9	Sporadic cases
Iceland	62	6225	1824.2	0	29	8.5	Community transmission
Liechtenstein	23	2764	7247.6	0	54	141.6	Sporadic cases
Holy See	0	26	3213.8	0	0	0.0	Sporadic cases
Tajikistan	0	13714	143.8	0	91	1.0	Pending
Kosovo	5908	92932	4995.3	76	1896	101.9	Community transmission
Isle of Man	19	1570	1846.4	3	29	34.1	No cases
Jersey	4	3229	2967.8	0	69	63.4	Community transmission
Gibraltar	2	4275	12688.8	0	94	279.0	Clusters of cases
Faroe Islands	0	661	1352.7	0	1	2.0	Sporadic cases
Greenland	0	31	54.6	0	0	0.0	No cases
Guernsey	0	821	1299.1	0	14	22.2	Community transmission
