Reporting Country/Territory/Area	New cases in last 7 days	Cumulative cases	Cumulative cases per 100 thousand population	New deaths in last 7 days	Cumulative deaths	Cumulative deaths per 100 thousand population	Transmission classification
Western Pacific	71939	1184662	60.3	831	21119	1.1	
Japan	39821	280775	222.0	448	3996	3.2	Clusters of cases
Malaysia	16186	133559	412.7	59	542	1.7	Clusters of cases
Philippines	8881	485797	443.3	145	9398	8.6	Community transmission
Republic of Korea	5420	68663	133.9	163	1125	2.2	Clusters of cases
China	624	97518	6.6	7	4798	0.3	Clusters of cases
Singapore	203	58865	1006.2	0	29	0.5	Sporadic cases
Mongolia	166	1408	42.9	0	0	0.0	Clusters of cases
Australia	120	28582	112.1	0	909	3.6	Clusters of cases
New Zealand	37	1862	38.6	0	25	0.5	Clusters of cases
Papua New Guinea	31	811	9.1	0	9	0.1	Community transmission
Viet Nam	31	1513	1.6	0	35	0.0	Clusters of cases
Brunei Darussalam	16	173	39.5	0	3	0.7	Sporadic cases
Cambodia	10	391	2.3	0	0	0.0	Sporadic cases
Fiji	4	53	5.9	0	2	0.2	Sporadic cases
Lao People's Democratic Republic	0	41	0.6	0	0	0.0	Sporadic cases
Solomon Islands	0	17	2.5	0	0	0.0	No cases
French Polynesia	315	17241	6137.6	8	122	43.4	Sporadic cases
Guam	70	7218	4276.7	1	124	73.5	Clusters of cases
Northern Mariana Islands (Commonwealth of the)	3	125	217.2	0	2	3.5	Pending
Micronesia (Federated States of)	1	1	0.9	0	0	0.0	No cases
Marshall Islands	0	4	6.8	0	0	0.0	No cases
New Caledonia	0	40	14.0	0	0	0.0	Sporadic cases
Vanuatu	0	1	0.3	0	0	0.0	No cases
Wallis and Futuna	0	4	35.6	0	0	0.0	Sporadic cases
