Reporting Country/Territory/Area	New cases in last 7 days	Cumulative cases	Cumulative cases per 100 thousand population	New deaths in last 7 days	Cumulative deaths	Cumulative deaths per 100 thousand population	Transmission classification
Western Pacific	128176	2205688	112.3	1444	34918	1.8	
Philippines	72848	926035	845.1	1066	15810	14.4	Community transmission
Japan	26426	529829	418.9	240	9622	7.6	Clusters of cases
Malaysia	13742	372859	1152.0	49	1370	4.2	Community transmission
Mongolia	6472	20655	630.1	21	41	1.3	Clusters of cases
Republic of Korea	4560	114114	222.6	29	1797	3.5	Clusters of cases
Cambodia	2151	6389	38.2	14	43	0.3	Sporadic cases
Papua New Guinea	1296	9738	108.8	21	89	1.0	Community transmission
China	190	103273	7.0	3	4856	0.3	Clusters of cases
Singapore	175	60808	1039.4	0	30	0.5	Sporadic cases
Australia	109	29505	115.7	1	910	3.6	Clusters of cases
Viet Nam	89	2781	2.9	0	35	0.0	Clusters of cases
New Zealand	20	2238	46.4	0	26	0.5	Clusters of cases
Lao People's Democratic Republic	9	58	0.8	0	0	0.0	Sporadic cases
Fiji	4	72	8.0	0	2	0.2	Sporadic cases
Brunei Darussalam	2	221	50.5	0	3	0.7	Sporadic cases
Solomon Islands	0	20	2.9	0	0	0.0	No cases
French Polynesia	44	18696	6655.6	0	141	50.2	Sporadic cases
Guam	29	7654	4535.0	0	136	80.6	Clusters of cases
Wallis and Futuna	6	447	3974.7	0	5	44.5	Sporadic cases
New Caledonia	2	123	43.1	0	0	0.0	Sporadic cases
Northern Mariana Islands (Commonwealth of the)	2	162	281.5	0	2	3.5	Pending
Marshall Islands	0	4	6.8	0	0	0.0	No cases
Samoa	0	4	2.0	0	0	0.0	No cases
Vanuatu	0	3	1.0	0	0	0.0	No cases
