Reporting Country/Territory/Area	New cases in last 7 days	Cumulative cases	Cumulative cases per 100 thousand population	New deaths in last 7 days	Cumulative deaths	Cumulative deaths per 100 thousand population	Transmission classification
Eastern Mediterranean	161943	5669940	775.8	3272	134189	18.4	
Iran (Islamic Republic of)	44699	1411731	1680.8	595	57889	68.9	Community transmission
United Arab Emirates	26285	300661	3039.9	55	838	8.5	Community transmission
Lebanon	22326	298913	4379.4	751	3031	44.4	Community transmission
Pakistan	12396	543214	245.9	376	11623	5.3	Community transmission
Tunisia	12154	207468	1755.4	526	6680	56.5	Community transmission
Jordan	6155	325674	3191.9	87	4304	42.2	Community transmission
Iraq	6052	618922	1538.7	53	13041	32.4	Community transmission
Libya	5110	117650	1712.2	105	1842	26.8	Community transmission
Morocco	4922	470691	1275.2	131	8259	22.4	Clusters of cases
Egypt	4275	165418	161.6	361	9263	9.1	Clusters of cases
Kuwait	3721	164622	3854.8	7	959	22.5	Community transmission
Bahrain	3170	102626	6031.2	5	372	21.9	Clusters of cases
Qatar	2212	150984	5240.6	0	248	8.6	Community transmission
Saudi Arabia	1628	367813	1056.5	22	6372	18.3	Sporadic cases
Oman	1242	133728	2618.7	10	1527	29.9	Community transmission
Sudan	579	29449	67.2	69	1807	4.1	Community transmission
Syrian Arab Republic	441	13998	80.0	37	916	5.2	Community transmission
Afghanistan	428	55023	141.3	22	2400	6.2	Clusters of cases
Somalia	30	4784	30.1	0	130	0.8	Community transmission
Djibouti	13	5931	600.3	1	62	6.3	Clusters of cases
Yemen	2	2124	7.1	0	616	2.1	Community transmission
occupied Palestinian territory	4103	178516	3499.3	59	2010	39.4	Community transmission
