Reporting Country/Territory/Area	New cases in last 7 days	Cumulative cases	Cumulative cases per 100 thousand population	New deaths in last 7 days	Cumulative deaths	Cumulative deaths per 100 thousand population	Transmission classification
Eastern Mediterranean	364456	8057550	1102.5	4398	165010	22.6	
Iran (Islamic Republic of)	128684	2049078	2439.6	1233	64232	76.5	Community transmission
Iraq	49955	918155	2282.7	248	14678	36.5	Community transmission
Jordan	35520	662395	6492.1	578	7708	75.5	Community transmission
Pakistan	33080	715968	324.1	632	15329	6.9	Community transmission
Lebanon	17520	494633	7246.9	251	6630	97.1	Community transmission
United Arab Emirates	13914	481937	4872.8	25	1529	15.5	Clusters of cases
Tunisia	11962	270297	2287.0	304	9235	78.1	Community transmission
Kuwait	9715	245704	5753.4	64	1403	32.9	Community transmission
Oman	7987	168005	3289.9	66	1747	34.2	Community transmission
Bahrain	7632	155402	9132.8	23	554	32.6	Community transmission
Qatar	6516	189064	6562.3	30	331	11.5	Community transmission
Libya	5800	166888	2428.8	123	2807	40.9	Community transmission
Saudi Arabia	5627	397636	1142.2	57	6747	19.4	Community transmission
Egypt	5421	209677	204.9	282	12405	12.1	Community transmission
Morocco	3856	501688	1359.2	49	8891	24.1	Clusters of cases
Djibouti	1213	9722	984.0	21	93	9.4	Community transmission
Syrian Arab Republic	834	20118	115.0	69	1368	7.8	Community transmission
Somalia	648	12271	77.2	59	605	3.8	Community transmission
Yemen	579	5280	17.7	99	1032	3.5	Sporadic cases
Afghanistan	484	57160	146.8	24	2521	6.5	Community transmission
Sudan	0	31833	72.6	0	2063	47	Clusters of cases
occupied Palestinian territory	17509	294639	5775.6	161	3102	60.8	Community transmission
