Reporting Country/Territory/Area	New cases in last 7 days	Cumulative cases	Cumulative cases per 100 thousand population	New deaths in last 7 days	Cumulative deaths	Cumulative deaths per 100 thousand population	Transmission classification
Africa	177252	2313130	206.2	5000	52905	4.7	
South Africa	111483	1325659	2235.2	4027	36851	62.1	Community transmission
Nigeria	11465	108943	52.8	78	1420	0.7	Community transmission
Zambia	9507	36074	196.2	68	532	2.9	Community transmission
Zimbabwe	6382	26881	180.9	200	683	4.6	Community transmission
Mozambique	4501	25862	82.7	47	234	0.7	Community transmission
Lesotho	3794	6371	294.4	47	97	4.5	Community transmission
Malawi	3479	11785	61.6	80	300	1.6	Community transmission
Ethiopia	2980	130772	113.8	44	2029	1.8	Community transmission
Namibia	2475	30198	1188.5	29	280	11.0	Community transmission
Senegal	1738	22738	135.8	50	509	3.0	Community transmission
Algeria	1698	103611	236.3	28	2831	6.5	Community transmission
Democratic Republic of the Congo	1658	20625	23.0	19	629	0.7	Community transmission
Côte d'Ivoire	1602	24856	94.2	3	141	0.5	Community transmission
Eswatini	1556	12736	1097.8	69	360	31.0	Community transmission
Rwanda	1389	10850	83.8	22	140	1.1	Clusters of cases
Ghana	1209	56981	183.4	5	341	1.1	Community transmission
Burkina Faso	1134	9000	43.1	12	101	0.5	Community transmission
Kenya	898	99082	184.3	24	1728	3.2	Community transmission
Niger	810	4132	17.1	34	138	0.6	Community transmission
Mauritania	679	15893	341.8	18	396	8.5	Community transmission
Cabo Verde	664	12901	2320.4	5	119	21.4	Community transmission
Angola	609	18765	57.1	15	431	1.3	Community transmission
Congo	549	7709	139.7	14	114	2.1	Community transmission
Uganda	531	38085	83.3	3	304	0.7	Community transmission
Cameroon	488	27336	103.0	3	451	1.7	Community transmission
Comoros	427	1577	181.3	23	41	4.7	Community transmission
Chad	345	2855	17.4	4	111	0.7	Community transmission
Togo	340	4272	51.6	1	73	0.9	Community transmission
Eritrea	321	1877	52.9	0	6	0.2	Sporadic cases
Mali	258	7823	38.6	13	308	1.5	Community transmission
Burundi	250	1236	10.4	0	2	0.0	Community transmission
Madagascar	234	18001	65.0	5	267	1.0	Community transmission
Gabon	205	9899	444.8	0	66	3.0	Community transmission
Guinea	194	14098	107.3	0	81	0.6	Community transmission
Seychelles	187	689	700.6	0	1	1.0	Sporadic cases
Sierra Leone	167	2970	37.2	0	77	1.0	Community transmission
Benin	109	3413	28.2	2	46	0.4	Community transmission
Liberia	87	1887	37.3	1	84	1.7	Community transmission
Sao Tome and Principe	76	1130	515.6	0	17	7.8	Community transmission
Equatorial Guinea	67	5356	381.8	0	86	6.1	Community transmission
South Sudan	53	3693	33.0	0	63	0.6	Community transmission
Gambia	40	3897	161.3	2	127	5.3	Community transmission
Guinea-Bissau	31	2478	125.9	0	45	2.3	Community transmission
Mauritius	8	547	43.0	0	10	0.8	Clusters of cases
Botswana	0	16051	682.5	0	48	2.0	Community transmission
Central African Republic	0	4973	103.0	0	63	1.3	Community transmission
United Republic of Tanzania	0	509	0.9	0	21	0.0	Pending
Mayotte	379	6611	2423.3	2	58	21.3	Clusters of cases
Réunion	196	9443	1054.7	3	45	5.0	Clusters of cases
