Reporting Country/Territory/Area	New cases in last 7 days	Cumulative cases	Cumulative cases per 100 thousand population	New deaths in last 7 days	Cumulative deaths	Cumulative deaths per 100 thousand population	Transmission classification
Western Pacific	81775	1266428	64.5	1124	22244	1.1	
Japan	41521	322296	254.8	450	4446	3.5	Clusters of cases
Malaysia	21536	155095	479.2	52	594	1.8	Clusters of cases
Philippines	12894	498691	455.1	486	9884	9.0	Community transmission
Republic of Korea	3685	72340	141.1	124	1249	2.4	Clusters of cases
China	1107	98625	6.7	6	4804	0.3	Clusters of cases
Singapore	217	59083	1009.9	0	29	0.5	Sporadic cases
Australia	107	28689	112.5	0	909	3.6	Clusters of cases
Mongolia	104	1512	46.1	0	1	0.0	Clusters of cases
Cambodia	48	439	2.6	0	0	0.0	Sporadic cases
New Zealand	39	1900	39.4	0	25	0.5	Clusters of cases
Viet Nam	24	1537	1.6	0	35	0.0	Clusters of cases
Papua New Guinea	23	834	9.3	0	9	0.1	Community transmission
Fiji	2	55	6.1	0	2	0.2	Sporadic cases
Brunei Darussalam	1	174	39.8	0	3	0.7	Sporadic cases
Lao People's Democratic Republic	0	41	0.6	0	0	0.0	Sporadic cases
Solomon Islands	0	17	2.5	0	0	0.0	No cases
French Polynesia	394	17635	6277.9	4	126	44.9	Sporadic cases
Guam	65	7283	4315.2	2	126	74.7	Clusters of cases
New Caledonia	4	44	15.4	0	0	0.0	Sporadic cases
Northern Mariana Islands (Commonwealth of the)	3	128	222.4	0	2	3.5	Pending
Marshall Islands	0	4	6.8	0	0	0.0	No cases
Micronesia (Federated States of)	0	1	0.9	0	0	0.0	No cases
Vanuatu	0	1	0.3	0	0	0.0	No cases
Wallis and Futuna	0	4	35.6	0	0	0.0	Sporadic cases
