WHO Region	New cases in last 7 days (%)	Change in new cases in last 7 days	Cumulative cases (%)	New deaths in last 7 days (%)	Change in new deaths in last 7 days	Cumulative deaths (%)
Americas	1173561 (36%)	-5%	53937714 (44%)	31040 (51%)	2%	1299243 (48%)
Europe	1441065 (44%)	13%	42516762 (35%)	21772 (36%)	1%	929332 (34%)
South-East Asia	298438 (9%)	49%	14182826 (12%)	2435 (4%)	14%	214790 (8%)
Eastern Mediterranean	263650 (8%)	8%	7124121 (6%)	3253 (5%)	12%	153446 (6%)
Africa	50916 (2%)	-3%	2999152 (2%)	1428 (2%)	10%	76113 (3%)
Western Pacific	63730 (2%)	29%	1775560 (1%)	486 (1%)	-33%	30843 (1%)
Global	3291360 (100%)	8%	122536880 (100%)	60414 (100%)	3%	2703780 (100%)
