Reporting Country/Territory/Area	New cases in last 7 days	Cumulative cases	Cumulative cases per 100 thousand population	New deaths in last 7 days	Cumulative deaths	Cumulative deaths per 100 thousand population	Transmission classification
Western Pacific	84395	1859933	94.7	518	31361	1.6	
Philippines	56380	712417	650.1	229	13159	12.0	Community transmission
Japan	11211	466849	369.1	219	9031	7.1	Clusters of cases
Malaysia	8929	340642	1052.5	22	1251	3.9	Clusters of cases
Republic of Korea	3100	101757	198.5	26	1722	3.4	Clusters of cases
Mongolia	1887	6693	204.2	1	6	0.2	Clusters of cases
Papua New Guinea	1846	5205	58.2	9	45	0.5	Community transmission
Cambodia	553	2233	13.4	7	10	0.1	Sporadic cases
China	157	102680	7.0	2	4851	0.3	Clusters of cases
Singapore	104	60288	1030.5	0	30	0.5	Sporadic cases
Australia	60	29252	114.7	0	909	3.6	Clusters of cases
New Zealand	29	2126	44.1	0	26	0.5	Clusters of cases
Viet Nam	18	2590	2.7	0	35	0.0	Clusters of cases
Brunei Darussalam	1	206	47.1	0	3	0.7	Clusters of cases
Fiji	0	67	7.5	0	2	0.2	Sporadic cases
Lao People's Democratic Republic	0	49	0.7	0	0	0.0	Sporadic cases
Solomon Islands	0	18	2.6	0	0	0.0	No cases
Wallis and Futuna	65	376	3343.4	3	4	35.6	Sporadic cases
French Polynesia	31	18607	6623.9	0	141	50.2	Sporadic cases
Guam	17	7587	4495.3	0	134	79.4	Clusters of cases
New Caledonia	5	121	42.4	0	0	0.0	Sporadic cases
Northern Mariana Islands (Commonwealth of the)	2	159	276.2	0	2	3.5	Pending
Marshall Islands	0	4	6.8	0	0	0.0	No cases
Samoa	0	4	2.0	0	0	0.0	No cases
Vanuatu	0	3	1.0	0	0	0.0	No cases
