Reporting Country/Territory/Area	New cases in last 7 days	Cumulative cases	Cumulative cases per 100 thousand population	New deaths in last 7 days	Cumulative deaths	Cumulative deaths per 100 thousand population	Transmission classification
Americas	1306017	55243776	5401.4	32176	1331419	130.2	
Brazil	533024	12404414	5835.7	16798	307112	144.5	Community transmission
United States of America	421936	29859706	9021.0	6995	543003	164.0	Community transmission
Peru	60739	1512384	4586.9	1135	51032	154.8	Community transmission
Argentina	56138	2291051	5069.2	759	55235	122.2	Community transmission
Chile	44824	969913	5073.8	473	22653	118.5	Community transmission
Colombia	42911	2367337	4652.5	874	62645	123.1	Community transmission
Mexico	31935	2219845	1721.7	3643	200862	155.8	Community transmission
Canada	29586	956655	2534.7	209	22826	60.5	Community transmission
Paraguay	14205	204704	2870.0	296	3958	55.5	Community transmission
Uruguay	13942	92343	2658.3	115	875	25.2	Community transmission
Ecuador	11831	322699	1829.0	244	16679	94.5	Community transmission
Venezuela (Bolivarian Republic of)	5760	154905	544.8	68	1543	5.4	Community transmission
Cuba	5622	71584	632.0	22	414	3.7	Community transmission
Honduras	4980	186337	1881.3	114	4536	45.8	Community transmission
Bolivia (Plurinational State of)	4903	268711	2302.0	102	12143	104.0	Community transmission
Guatemala	4474	192133	1072.4	90	6775	37.8	Community transmission
Costa Rica	3275	215178	4224.0	35	2931	57.5	Community transmission
Jamaica	3082	37747	1274.7	32	556	18.8	Community transmission
Panama	2797	353017	8181.6	52	6087	141.1	Community transmission
Dominican Republic	2593	251582	2319.2	33	3302	30.4	Community transmission
El Salvador	1235	63766	983.1	23	1998	30.8	Community transmission
Guyana	521	10007	1272.3	13	225	28.6	Clusters of cases
Trinidad and Tobago	118	7939	567.3	1	141	10.1	Community transmission
Bahamas	116	9000	2288.7	2	188	47.8	Clusters of cases
Barbados	91	3603	1253.8	2	41	14.3	Community transmission
Antigua and Barbuda	89	1122	1145.7	0	28	28.6	Clusters of cases
Saint Lucia	78	4191	2282.3	3	58	31.6	Community transmission
Belize	40	12440	3128.6	1	317	79.7	Community transmission
Nicaragua	37	5288	79.8	1	177	2.7	Community transmission
Suriname	33	9088	1549.2	1	177	30.2	Clusters of cases
Saint Vincent and the Grenadines	27	1721	1551.3	1	10	9.0	Community transmission
Haiti	22	12736	111.7	1	252	2.2	Community transmission
Dominica	4	161	223.6	0	0	0.0	Clusters of cases
Grenada	1	155	137.7	0	1	0.9	Sporadic cases
Saint Kitts and Nevis	0	44	82.7	0	0	0.0	Sporadic cases
Puerto Rico	1734	105625	3692.1	17	2109	73.7	Community transmission
Curaçao	1128	6648	4051.4	4	27	16.5	Community transmission
Aruba	449	9073	8498.0	1	82	76.8	Community transmission
Guadeloupe	417	11512	2877.1	4	173	43.2	Community transmission
Martinique	415	7679	2046.3	3	50	13.3	Community transmission
Bonaire	302	1221	5837.9	4	10	47.8	Community transmission
Bermuda	180	947	1520.7	0	12	19.3	Sporadic cases
French Guiana	158	16922	5665.6	2	89	29.8	Community transmission
United States Virgin Islands	87	2901	2778.1	1	26	24.9	Community transmission
Saint Barthélemy	81	857	8669.7	0	1	10.1	Clusters of cases
Turks and Caicos Islands	35	2325	6005.0	2	17	43.9	Clusters of cases
Sint Maarten	25	2118	4939.1	0	27	63.0	Community transmission
Saint Martin	24	1657	4286.2	0	12	31.0	Community transmission
Cayman Islands	12	487	741.0	0	2	3.0	Sporadic cases
Anguilla	1	23	153.3	0	0	0.0	Sporadic cases
British Virgin Islands	0	154	509.3	0	1	3.3	Clusters of cases
Falkland Islands (Malvinas)	0	51	1464.3	0	0	0.0	No cases
Montserrat	0	20	400.1	0	1	20.0	Sporadic cases
Saba	0	6	310.4	0	0	0.0	No cases
Saint Pierre and Miquelon	0	24	414.2	0	0	0.0	No cases
Sint Eustatius	0	20	637.1	0	0	0.0	No cases
