Reporting Country/Territory/Area	New cases in last 7 days	Cumulative cases	Cumulative cases per 100 thousand population	New deaths in last 7 days	Cumulative deaths	Cumulative deaths per 100 thousand population	Transmission classification
Eastern Mediterranean	263650	7124121	974.8	3253	153446	21.0	
Jordan	57666	526666	5161.8	503	5788	56.7	Community transmission
Iran (Islamic Republic of)	54445	1793805	2135.7	582	61724	73.5	Community transmission
Iraq	35072	789390	1962.6	250	13969	34.7	Community transmission
Lebanon	21213	436575	6396.3	381	5715	83.7	Community transmission
Pakistan	20599	623135	282.1	323	13799	6.2	Community transmission
United Arab Emirates	14233	438638	4435.0	45	1433	14.5	Community transmission
Kuwait	9473	217933	5103.1	50	1215	28.5	Community transmission
Libya	6698	150341	2188.0	139	2487	36.2	Community transmission
Bahrain	4922	135326	7953.0	17	498	29.3	Clusters of cases
Egypt	4491	194771	190.3	301	11557	11.3	Clusters of cases
Tunisia	4148	245405	2076.4	167	8526	72.1	Community transmission
Oman	3878	149135	2920.4	20	1620	31.7	Community transmission
Qatar	3439	173206	6011.9	7	272	9.4	Community transmission
Morocco	2831	491463	1331.5	45	8763	23.7	Clusters of cases
Saudi Arabia	2594	384653	1104.9	39	6602	19.0	Sporadic cases
Somalia	1022	9968	62.7	70	419	2.6	Community transmission
Syrian Arab Republic	839	17240	98.5	59	1153	6.6	Community transmission
Yemen	507	3282	11.0	54	738	2.5	Community transmission
Djibouti	266	6518	659.7	0	63	6.4	Community transmission
Sudan	224	31147	71.0	33	1986	45	Community transmission
Afghanistan	118	56103	144.1	6	2463	6.3	Clusters of cases
occupied Palestinian territory	14972	249421	4889.3	162	2656	52.1	Community transmission
