Reporting Country/Territory/Area	New cases in last 7 days	Cumulative cases	Cumulative cases per 100 thousand population	New deaths in last 7 days	Cumulative deaths	Cumulative deaths per 100 thousand population	Transmission classification
Europe	1055781	38679334	4143.9	21302	861906	92.3	
France	149959	3671208	5624.3	2165	85872	131.6	Community transmission
Italy	112029	2907825	4809.4	2021	97507	161.3	Clusters of cases
Czechia	82321	1235480	11536.9	1125	20339	189.9	Community transmission
Russian Federation	81353	4246079	2909.6	2829	86122	59.0	Clusters of cases
Poland	68219	1706986	4510.3	1598	43769	115.6	Community transmission
The United Kingdom	64844	4170523	6143.4	2340	122705	180.8	Community transmission
Turkey	61288	2693164	3193.3	520	28503	33.8	Community transmission
Germany	55777	2442336	2915.0	2204	70045	83.6	Community transmission
Ukraine	43393	1347849	3081.9	879	25982	59.4	Community transmission
Netherlands	32188	1083961	6326.1	343	15542	90.7	Community transmission
Hungary	25576	428599	4436.7	675	14974	155.0	Community transmission
Spain	22774	3180212	6801.9	529	68813	147.2	Community transmission
Serbia	22328	456450	6554.6	108	4429	63.6	Community transmission
Sweden	22145	657309	6508.5	38	12826	127.0	Community transmission
Romania	21888	799164	4154.2	492	20287	105.5	Community transmission
Israel	17883	764791	8835.9	116	5669	65.5	Community transmission
Belgium	15971	771510	6656.9	159	22071	190.4	Community transmission
Slovakia	15940	308083	5642.9	684	7189	131.7	Clusters of cases
Austria	13888	453767	5038.3	147	8394	93.2	Community transmission
Greece	10913	189831	1821.3	196	6468	62.1	Community transmission
Bulgaria	10267	246706	3550.5	328	10167	146.3	Clusters of cases
Belarus	8969	285959	3026.2	63	1966	20.8	Community transmission
Republic of Moldova	8611	184856	4582.5	164	3924	97.3	Community transmission
Estonia	7984	65600	4945.2	54	589	44.4	Clusters of cases
Portugal	7505	803844	7883.4	379	16276	159.6	Clusters of cases
Albania	7153	106215	3690.8	122	1775	61.7	Clusters of cases
Kazakhstan	5625	262725	1399.2	78	3389	18.0	Clusters of cases
Slovenia	5375	189630	9121.5	24	4110	197.7	Clusters of cases
Switzerland	5007	552290	6381.4	30	9219	106.5	Community transmission
Latvia	4701	85810	4549.4	76	1614	85.6	Community transmission
Ireland	4602	218980	4434.8	178	4313	87.3	Community transmission
Lithuania	3654	199145	7315.4	70	3244	119.2	Community transmission
Denmark	3651	210732	3638.2	25	2358	40.7	Community transmission
Bosnia and Herzegovina	3641	131690	4013.9	93	5088	155.1	Community transmission
North Macedonia	3451	102482	4919.0	79	3126	150.0	Community transmission
Montenegro	3428	75833	12074.0	49	999	159.1	Clusters of cases
Finland	3122	56407	1018.0	16	742	13.4	Community transmission
Croatia	3028	242973	5918.6	97	5526	134.6	Community transmission
Georgia	2403	270758	6787.3	75	3510	88.0	Community transmission
Norway	1927	70034	1291.8	15	622	11.5	Clusters of cases
Armenia	1656	172058	5806.4	28	3192	107.7	Community transmission
Malta	1457	22219	5032.1	10	313	70.9	Clusters of cases
Luxembourg	1345	55313	8836.3	14	637	101.8	Community transmission
Azerbaijan	1294	234267	2310.5	23	3218	31.7	Clusters of cases
Cyprus	1271	34424	2851.2	2	231	19.1	Clusters of cases
Kyrgyzstan	344	86229	1321.7	6	1464	22.4	Clusters of cases
San Marino	244	3716	10949.4	2	74	218.0	Community transmission
Uzbekistan	232	79886	238.7	0	622	1.9	Clusters of cases
Andorra	177	10849	14041.3	3	110	142.4	Community transmission
Monaco	88	1953	4976.6	2	24	61.2	Sporadic cases
Liechtenstein	22	2642	6927.7	0	52	136.4	Sporadic cases
Iceland	4	6049	1772.6	0	29	8.5	Community transmission
Holy See	0	26	3213.8	0	0	0.0	Sporadic cases
Tajikistan	0	13714	143.8	0	91	1.0	Pending
Kosovo	2821	68760	3696.0	24	1585	85.2	Community transmission
Isle of Man	26	475	558.6	0	25	29.4	No cases
Guernsey	9	819	1296.0	0	14	22.2	Community transmission
Gibraltar	8	4236	12573.1	4	92	273.1	Clusters of cases
Jersey	2	3215	2955.0	1	69	63.4	Community transmission
Faroe Islands	0	658	1346.6	0	1	2.0	Sporadic cases
Greenland	0	30	52.8	0	0	0.0	No cases
