Reporting Country/Territory/Area	New cases in last 7 days	Cumulative cases	Cumulative cases per 100 thousand population	New deaths in last 7 days	Cumulative deaths	Cumulative deaths per 100 thousand population	Transmission classification
Americas	2522297	38861668	3799.6	38183	910740	89.0	
United States of America	1786773	21761186	6574.3	20633	365886	110.5	Community transmission
Brazil	313130	8013708	3770.1	6049	201460	94.8	Community transmission
Colombia	100688	1755568	3450.2	1936	45431	89.3	Community transmission
Argentina	73758	1703352	3768.8	954	44273	98.0	Community transmission
Mexico	70746	1507931	1169.5	5562	132063	102.4	Community transmission
Canada	56071	644348	1707.2	966	16707	44.3	Community transmission
Panama	23304	273037	6328.0	299	4363	101.1	Community transmission
Chile	21840	637742	3336.1	313	17037	89.1	Community transmission
Peru	12272	1029471	3122.3	421	38145	115.7	Community transmission
Bolivia (Plurinational State of)	9099	171154	1466.2	142	9328	79.9	Community transmission
Dominican Republic	7679	180644	1665.2	8	2424	22.3	Community transmission
Costa Rica	7023	177614	3468.6	112	2305	45.2	Community transmission
Ecuador	5836	220349	1248.9	118	14177	80.4	Community transmission
Paraguay	5645	113994	1598.2	110	2372	33.3	Community transmission
Guatemala	4811	143127	798.9	172	4999	27.9	Community transmission
Uruguay	4586	24339	700.0	47	240	6.9	Community transmission
Honduras	3422	126396	1276.1	106	3266	33.0	Community transmission
El Salvador	2332	48574	748.9	57	1408	21.7	Community transmission
Venezuela (Bolivarian Republic of)	2105	115667	406.8	28	1056	3.7	Community transmission
Cuba	1963	14188	125.3	2	148	1.3	Clusters of cases
Suriname	577	6854	1168.4	8	131	22.3	Clusters of cases
Jamaica	524	13455	454.4	8	311	10.5	Community transmission
Barbados	413	808	281.2	0	7	2.4	Clusters of cases
Belize	395	11202	2817.2	22	271	68.2	Community transmission
Haiti	164	10241	89.8	1	237	2.1	Community transmission
Guyana	118	6469	822.5	3	167	21.2	Clusters of cases
Saint Vincent and the Grenadines	82	204	183.9	0	0	0.0	Sporadic cases
Bahamas	70	7969	2026.5	4	175	44.5	Clusters of cases
Trinidad and Tobago	61	7219	515.8	0	127	9.1	Community transmission
Saint Lucia	42	395	215.1	0	5	2.7	Sporadic cases
Nicaragua	38	4867	73.5	1	166	2.5	Community transmission
Antigua and Barbuda	10	169	172.6	0	5	5.1	Sporadic cases
Dominica	10	106	147.2	0	0	0.0	Clusters of cases
Grenada	5	135	120.0	0	1	0.9	Sporadic cases
Saint Kitts and Nevis	1	34	63.9	0	0	0.0	Sporadic cases
Puerto Rico	4698	82630	2888.3	90	1616	56.5	Community transmission
French Guiana	840	14113	4725.1	3	74	24.8	Community transmission
Aruba	441	5883	5510.2	1	50	46.8	Community transmission
Curaçao	175	4405	2684.5	4	18	11.0	Community transmission
United States Virgin Islands	107	2143	2052.2	1	24	23.0	Community transmission
Sint Maarten	97	1531	3571.3	0	27	63.0	Community transmission
Bonaire	89	254	1214.4	0	3	14.3	Sporadic cases
Guadeloupe	82	8702	2174.8	0	155	38.7	Community transmission
Turks and Caicos Islands	57	965	2492.4	0	6	15.5	Clusters of cases
Bermuda	42	646	1037.4	2	12	19.3	Clusters of cases
Martinique	26	6117	1630.0	0	43	11.5	Community transmission
British Virgin Islands	21	114	377.0	0	1	3.3	Clusters of cases
Cayman Islands	21	359	546.3	0	2	3.0	Sporadic cases
Saint Martin	7	1002	2591.9	0	12	31.0	Community transmission
Saint Barthélemy	1	191	1932.2	0	0	0.0	Sporadic cases
Anguilla	0	15	100.0	0	0	0.0	Sporadic cases
Falkland Islands (Malvinas)	0	29	832.6	0	0	0.0	No cases
Montserrat	0	13	260.1	0	1	20.0	No cases
Saba	0	5	258.7	0	0	0.0	No cases
Saint Pierre and Miquelon	0	16	276.1	0	0	0.0	Sporadic cases
Sint Eustatius	0	19	605.3	0	0	0.0	Sporadic cases
