WHO Region	New cases in last 7 days (%)	Change in new cases in last 7 days	Cumulative cases (%)	New deaths in last 7 days (%)	Change in new deaths in last 7 days	Cumulative deaths (%)
Americas	1306017 (34%)	11%	55243776 (44%)	32176 (50%)	4%	1331419 (48%)
Europe	1641672 (43%)	11%	44191579 (35%)	23778 (37%)	7%	954829 (34%)
South-East Asia	437060 (11%)	46%	14619886 (12%)	2947 (5%)	21%	217737 (8%)
Eastern Mediterranean	270884 (7%)	3%	7395085 (6%)	3428 (5%)	5%	156891 (6%)
Africa	62286 (2%)	22%	3061438 (2%)	1340 (2%)	-6%	77446 (3%)
Western Pacific	84395 (2%)	32%	1859933 (1%)	518 (1%)	7%	31361 (1%)
Global	3802314 (100%)	14%	126372442 (100%)	64187 (100%)	5%	2769696 (100%)
