Reporting Country/Territory/Area	New cases in last 7 days	Cumulative cases	Cumulative cases per 100 thousand population	New deaths in last 7 days	Cumulative deaths	Cumulative deaths per 100 thousand population	Transmission classification
South-East Asia	298438	14182826	701.6	2435	214790	10.6	
India	240082	11599130	840.5	1148	159755	11.6	Clusters of cases
Indonesia	41047	1455788	532.2	1118	39447	14.4	Community transmission
Bangladesh	12470	568706	345.3	141	8668	5.3	Community transmission
Sri Lanka	2246	89846	419.6	18	544	2.5	Clusters of cases
Maldives	897	22373	4139.0	1	65	12.0	Clusters of cases
Thailand	876	27803	39.8	4	90	0.1	Clusters of cases
Nepal	651	275829	946.7	2	3016	10.4	Clusters of cases
Timor-Leste	93	271	20.6	0	0	0.0	Clusters of cases
Myanmar	76	142212	261.4	3	3204	5.9	Clusters of cases
Bhutan	0	868	112.5	0	1	0.1	No cases
