Reporting Country/Territory/Area	New cases in last 7 days	Cumulative cases	Cumulative cases per 100 thousand population	New deaths in last 7 days	Cumulative deaths	Cumulative deaths per 100 thousand population	Transmission classification
Europe	1806928	28797582	3085.2	36041	626804	67.2	
The United Kingdom	417620	3017413	4444.8	6298	80868	119.1	Community transmission
Russian Federation	165167	3401954	2331.2	3331	61837	42.4	Clusters of cases
Germany	142861	1908527	2277.9	6071	40343	48.2	Community transmission
France	122565	2721692	4169.7	2674	67217	103.0	Community transmission
Italy	116665	2257866	3734.4	3409	78394	129.7	Clusters of cases
Czechia	90684	831165	7761.4	1155	13115	122.5	Community transmission
Turkey	85083	1502780	1781.8	1336	22631	26.8	Community transmission
Poland	66960	1385522	3660.9	2070	31189	82.4	Community transmission
Spain	59343	2025560	4332.3	354	51690	110.6	Community transmission
Netherlands	52774	866190	5055.1	751	12307	71.8	Community transmission
Portugal	52317	476187	4670.0	656	7701	75.5	Clusters of cases
Israel	49605	481306	5560.7	250	3631	42.0	Community transmission
Ireland	43801	140727	2850.0	84	2336	47.3	Community transmission
Ukraine	40933	1115026	2549.6	913	19767	45.2	Community transmission
Sweden	32004	489470	4846.6	69	9433	93.4	Community transmission
Romania	30807	668202	3473.4	673	16592	86.2	Community transmission
Slovakia	20746	208209	3813.6	601	2918	53.4	Clusters of cases
Switzerland	20737	475604	5495.4	402	7545	87.2	Community transmission
Serbia	15990	357894	5139.4	260	3548	50.9	Community transmission
Austria	15147	378110	4198.2	400	6614	73.4	Community transmission
Hungary	14242	342237	3542.7	764	10648	110.2	Community transmission
Slovenia	14195	139281	6699.6	258	3147	151.4	Clusters of cases
Belgium	13590	664261	5731.5	337	20069	173.2	Community transmission
Lithuania	13048	159671	5865.3	262	2200	80.8	Community transmission
Denmark	12699	180240	3111.8	197	1542	26.6	Community transmission
Belarus	12243	210368	2226.3	65	1507	15.9	Community transmission
Georgia	10060	239229	5997.0	170	2773	69.5	Community transmission
Croatia	7035	219993	5358.8	296	4368	106.4	Community transmission
Latvia	7023	48952	2595.3	150	818	43.4	Community transmission
Kazakhstan	5806	209369	1115.0	40	2885	15.4	Clusters of cases
Bulgaria	5526	208406	2999.3	453	8097	116.5	Clusters of cases
Norway	5514	53792	992.2	35	471	8.7	Community transmission
Azerbaijan	4588	224050	2209.7	187	2890	28.5	Clusters of cases
Greece	4584	144293	1384.4	306	5227	50.1	Community transmission
Estonia	4385	33516	2526.6	39	283	21.3	Clusters of cases
Albania	4042	63033	2190.3	43	1233	42.8	Clusters of cases
Cyprus	3566	27011	2237.2	18	147	12.2	Clusters of cases
Republic of Moldova	3399	149093	3695.9	110	3130	77.6	Community transmission
Bosnia and Herzegovina	3034	115379	3516.8	205	4305	131.2	Community transmission
Montenegro	2989	52486	8353.9	36	725	115.4	Clusters of cases
North Macedonia	2361	86150	4135.1	92	2614	125.5	Community transmission
Armenia	2104	162131	5471.4	79	2929	98.8	Community transmission
Finland	1464	38068	687.1	25	586	10.6	Community transmission
Malta	1399	14396	3260.4	13	233	52.8	Clusters of cases
Luxembourg	1038	47876	7648.2	27	530	84.7	Community transmission
Kyrgyzstan	968	82273	1261.0	10	1369	21.0	Clusters of cases
Andorra	420	8586	11112.4	1	85	110.0	Community transmission
Uzbekistan	334	77572	231.8	3	617	1.8	Clusters of cases
San Marino	187	2650	7808.4	3	64	188.6	Community transmission
Liechtenstein	158	2379	6238.0	5	38	99.6	Sporadic cases
Monaco	152	1053	2683.2	1	5	12.7	Sporadic cases
Iceland	126	5880	1723.1	0	29	8.5	Community transmission
Tajikistan	31	13705	143.7	0	91	1.0	Pending
Holy See	0	26	3213.8	0	0	0.0	Sporadic cases
Kosovo	1792	53480	2874.7	35	1365	73.4	Community transmission
Gibraltar	809	3021	8966.8	5	12	35.6	Clusters of cases
Jersey	161	2921	2684.7	13	57	52.4	Community transmission
Faroe Islands	32	646	1322.0	1	1	2.0	Sporadic cases
Isle of Man	12	392	461.0	0	25	29.4	No cases
Guernsey	3	302	477.9	0	13	20.6	Community transmission
Greenland	2	29	51.1	0	0	0.0	No cases
