Reporting Country/Territory/Area	New cases in last 7 days	Cumulative cases	Cumulative cases per 100 thousand population	New deaths in last 7 days	Cumulative deaths	Cumulative deaths per 100 thousand population	Transmission classification
Africa	50324	2840208	253.2	1659	71991	6.4	
South Africa	9858	1512225	2549.8	1001	49941	84.2	Community transmission
Ethiopia	6196	158053	137.5	83	2354	2.0	Community transmission
Nigeria	3864	155417	75.4	74	1905	0.9	Community transmission
Mozambique	3804	58772	188.0	43	630	2.0	Community transmission
Zambia	3277	77171	419.8	43	1059	5.8	Community transmission
Ghana	2930	82586	265.8	22	594	1.9	Community transmission
Botswana	1846	28370	1206.4	56	310	13.2	Community transmission
Kenya	1655	105648	196.5	37	1854	3.4	Community transmission
Senegal	1625	34255	204.6	71	866	5.2	Community transmission
Namibia	1349	38644	1520.9	16	418	16.5	Community transmission
Malawi	1270	31798	166.2	33	1037	5.4	Community transmission
Algeria	1196	112960	257.6	21	2979	6.8	Community transmission
Gabon	1011	14564	654.3	8	83	3.7	Community transmission
South Sudan	932	7349	65.7	2	87	0.8	Community transmission
Rwanda	802	18790	145.1	14	261	2.0	Community transmission
Côte d'Ivoire	717	32631	123.7	7	192	0.7	Community transmission
Democratic Republic of the Congo	712	25791	28.8	7	707	0.8	Community transmission
Guinea	591	15894	121.0	3	89	0.7	Community transmission
Togo	583	6851	82.8	2	83	1.0	Community transmission
Benin	491	5634	46.5	5	70	0.6	Community transmission
Cabo Verde	325	15324	2756.2	4	147	26.4	Community transmission
Angola	283	20782	63.2	8	506	1.5	Community transmission
Seychelles	264	2592	2635.6	1	11	11.2	Community transmission
Eswatini	238	17002	1465.5	5	650	56.0	Community transmission
Madagascar	233	19831	71.6	5	297	1.1	Community transmission
Zimbabwe	226	35994	242.2	26	1458	9.8	Community transmission
Sao Tome and Principe	208	1786	814.9	7	28	12.8	Community transmission
Equatorial Guinea	207	6005	428.0	2	91	6.5	Community transmission
Burkina Faso	199	11982	57.3	3	142	0.7	Community transmission
Congo	195	8820	159.8	1	128	2.3	Community transmission
Chad	179	3973	24.2	7	140	0.9	Community transmission
Burundi	178	2209	18.6	0	3	0.0	Community transmission
Eritrea	162	2847	80.3	0	7	0.2	Community transmission
Guinea-Bissau	156	3247	165.0	2	48	2.4	Community transmission
Gambia	148	4691	194.1	5	148	6.1	Community transmission
Uganda	136	40335	88.2	1	334	0.7	Community transmission
Mauritania	96	17179	369.5	5	439	9.4	Community transmission
Comoros	81	3571	410.6	1	144	16.6	Community transmission
Mali	73	8365	41.3	5	352	1.7	Community transmission
Sierra Leone	38	3887	48.7	0	79	1.0	Community transmission
Lesotho	30	10491	489.7	7	292	13.6	Community transmission
Liberia	22	2010	39.7	0	85	1.7	Community transmission
Mauritius	7	610	48.0	0	10	0.8	Sporadic cases
Niger	7	4740	19.6	2	172	0.7	Community transmission
Central African Republic	1	4997	103.5	0	63	1.3	Community transmission
Cameroon	0	33749	127.1	0	523	2.0	Community transmission
United Republic of Tanzania	0	509	0.9	0	21	0.0	Pending
Mayotte	1069	16861	6180.4	10	102	37.4	Community transmission
Réunion	854	12416	1386.8	4	52	5.8	Community transmission
