WHO Region	New cases in last 7 days (%)	Change in new cases in last 7 days	Cumulative cases (%)	New deaths in last 7 days (%)	Change in new deaths in last 7 days	Cumulative deaths (%)
Americas	2127479 (52%)	-14%	43456972 (44%)	45349 (47%)	4%	999894 (47%)
Europe	1382460 (34%)	-20	32848998 (33%)	38349 (40%)	-1%	706293 (33%)
South-East Asia	194166 (5%)	-5	12656504 (13%)	3253 (3%)	-5%	194449 (9%)
Eastern Mediterranean	170422 (4%)	-7%	5507649 (6%)	2980 (3%)	3%	130901 (6%)
Africa	148953 (4%)	-16%	2462083 (3%)	4997 (5%)	0%	57902 (3%)
Western Pacific	81467 (2%)	0	1347893 (1%)	1063 (1%)	-5%	23307 (1%)
Global	4104947 (100%)	-15%	98280844 (100%)	95991 (100%)	1%	2112759 (100%)
