Reporting Country/Territory/Area	New cases in last 7 days	Cumulative cases	Cumulative cases per 100 thousand population	New deaths in last 7 days	Cumulative deaths	Cumulative deaths per 100 thousand population	Transmission classification
Americas	1129929	50426060	4930.3	33951	1205245	117.8	
United States of America	472904	28174978	8512.0	14866	506760	153.1	Community transmission
Brazil	373954	10455630	4918.9	8070	252835	118.9	Community transmission
Argentina	49516	2104197	4655.7	946	51946	114.9	Community transmission
Peru	46840	1316363	3992.4	1404	46094	139.8	Community transmission
Mexico	46391	2076882	1610.8	5509	184474	143.1	Community transmission
Colombia	27791	2244792	4411.7	1007	59518	117.0	Community transmission
Chile	25573	821418	4297.0	502	20476	107.1	Community transmission
Canada	20886	861472	2282.5	339	21915	58.1	Community transmission
Ecuador	9502	282599	1601.8	200	15713	89.1	Community transmission
Paraguay	7919	157603	2209.6	126	3152	44.2	Community transmission
Bolivia (Plurinational State of)	7215	247891	2123.6	219	11609	99.5	Community transmission
Cuba	5677	49161	434.0	27	318	2.8	Community transmission
Uruguay	5165	56542	1627.7	38	601	17.3	Community transmission
Honduras	4834	168911	1705.4	142	4117	41.6	Community transmission
Dominican Republic	4507	239009	2203.3	65	3093	28.5	Community transmission
Panama	4442	339781	7874.8	109	5820	134.9	Community transmission
Guatemala	3404	174335	973.1	125	6374	35.6	Community transmission
Venezuela (Bolivarian Republic of)	3181	138295	486.3	30	1338	4.7	Community transmission
Costa Rica	2663	204341	4011.3	37	2800	55.0	Community transmission
Jamaica	1893	22817	770.5	26	417	14.1	Community transmission
El Salvador	1320	59866	923.0	55	1847	28.5	Community transmission
Saint Lucia	496	3356	1827.6	7	35	19.1	Community transmission
Barbados	317	2994	1041.8	3	33	11.5	Community transmission
Guyana	156	8513	1082.3	6	195	24.8	Clusters of cases
Haiti	156	12430	109.0	3	250	2.2	Community transmission
Antigua and Barbuda	128	726	741.4	3	14	14.3	Clusters of cases
Bahamas	100	8519	2166.3	0	179	45.5	Clusters of cases
Belize	66	12293	3091.6	0	314	79.0	Community transmission
Suriname	59	8913	1519.4	2	170	29.0	Clusters of cases
Saint Vincent and the Grenadines	58	1556	1402.6	2	8	7.2	Community transmission
Trinidad and Tobago	38	7704	550.5	0	139	9.9	Community transmission
Nicaragua	36	5142	77.6	1	173	2.6	Community transmission
Dominica	8	142	197.2	0	0	0.0	Clusters of cases
Grenada	0	148	131.5	0	1	0.9	Sporadic cases
Saint Kitts and Nevis	0	41	77.1	0	0	0.0	Sporadic cases
Puerto Rico	1209	100044	3497.0	75	2032	71.0	Community transmission
Guadeloupe	513	9968	2491.2	4	164	41.0	Community transmission
Aruba	251	7804	7309.4	1	71	66.5	Community transmission
Martinique	153	6746	1797.7	0	45	12.0	Community transmission
Saint Barthélemy	137	612	6191.2	0	0	0.0	Clusters of cases
Turks and Caicos Islands	101	2099	5421.3	0	14	36.2	Clusters of cases
French Guiana	98	16627	5566.8	2	85	28.5	Community transmission
Saint Martin	98	1554	4019.8	0	12	31.0	Community transmission
United States Virgin Islands	71	2646	2533.9	0	25	23.9	Community transmission
Curaçao	42	4708	2869.1	0	22	13.4	Community transmission
Sint Maarten	24	2051	4782.9	0	27	63.0	Community transmission
Bonaire	19	406	1941.2	0	4	19.1	Community transmission
Cayman Islands	10	438	666.5	0	2	3.0	Sporadic cases
Bermuda	6	705	1132.1	0	12	19.3	Sporadic cases
Falkland Islands (Malvinas)	2	51	1464.3	0	0	0.0	No cases
Anguilla	0	18	120.0	0	0	0.0	Sporadic cases
British Virgin Islands	0	153	506.0	0	1	3.3	Clusters of cases
Montserrat	0	20	400.1	0	1	20.0	Sporadic cases
Saba	0	6	310.4	0	0	0.0	No cases
Saint Pierre and Miquelon	0	24	414.2	0	0	0.0	Sporadic cases
Sint Eustatius	0	20	637.1	0	0	0.0	No cases
