Reporting Country/Territory/Area	New cases in last 7 days	Cumulative cases	Cumulative cases per 100 thousand population	New deaths in last 7 days	Cumulative deaths	Cumulative deaths per 100 thousand population	Transmission classification
South-East Asia	194166	12656504	626.1	3253	194449	9.6	
India	96548	10654533	772.1	1065	153339	11.1	Clusters of cases
Indonesia	80832	977474	357.4	1897	27664	10.1	Community transmission
Sri Lanka	5274	57587	268.9	214	280	1.3	Clusters of cases
Bangladesh	4263	531326	322.6	120	8003	4.9	Community transmission
Myanmar	3229	137098	252.0	103	3045	5.6	Clusters of cases
Nepal	2124	269180	923.8	40	1994	6.8	Clusters of cases
Thailand	1446	13500	19.3	3	73	0.1	Clusters of cases
Maldives	423	14885	2753.7	1	50	9.2	Clusters of cases
Timor-Leste	15	67	5.1	0	0	0.0	Sporadic cases
Bhutan	12	854	110.7	0	1	0.1	Clusters of cases
