Reporting Country/Territory/Area	New cases in last 7 days	Cumulative cases	Cumulative cases per 100 thousand population	New deaths in last 7 days	Cumulative deaths	Cumulative deaths per 100 thousand population	Transmission classification
Americas	2127479	43456972	4248.9	45349	999894	97.8	
United States of America	1259902	24604325	7433.3	21583	410667	124.1	Community transmission
Brazil	360428	8753920	4118.3	6997	215243	101.3	Community transmission
Mexico	122555	1732290	1343.6	8592	147614	114.5	Community transmission
Colombia	117239	1987418	3905.9	2718	50586	99.4	Community transmission
Argentina	70783	1853830	4101.8	1348	46575	103.1	Community transmission
Canada	41700	737407	1953.8	1099	18828	49.9	Community transmission
Peru	32073	1088096	3300.1	773	39427	119.6	Community transmission
Chile	29154	694647	3633.8	419	17854	93.4	Community transmission
Bolivia (Plurinational State of)	14668	198257	1698.4	300	9871	84.6	Community transmission
Panama	14201	307793	7133.5	291	4980	115.4	Community transmission
Dominican Republic	11168	202507	1866.8	81	2513	23.2	Community transmission
Ecuador	7424	238232	1350.3	280	14596	82.7	Community transmission
Honduras	6770	139182	1405.2	95	3439	34.7	Community transmission
Paraguay	5581	126370	1771.7	106	2585	36.2	Community transmission
Guatemala	5292	153890	859.0	236	5456	30.5	Community transmission
Uruguay	5224	36170	1041.2	73	364	10.5	Community transmission
Costa Rica	5121	189308	3716.2	102	2518	49.4	Community transmission
Venezuela (Bolivarian Republic of)	3939	122795	431.8	41	1136	4.0	Community transmission
Cuba	3126	20627	182.1	25	191	1.7	Clusters of cases
El Salvador	2515	52672	812.1	72	1551	23.9	Community transmission
Jamaica	676	14772	498.9	13	336	11.3	Community transmission
Suriname	536	7945	1354.3	9	148	25.2	Clusters of cases
Guyana	338	7143	908.1	0	170	21.6	Clusters of cases
Haiti	318	11099	97.3	3	243	2.1	Community transmission
Saint Vincent and the Grenadines	270	720	649.0	1	2	1.8	Clusters of cases
Barbados	207	1243	432.5	2	9	3.1	Clusters of cases
Saint Lucia	194	770	419.3	4	10	5.4	Sporadic cases
Belize	171	11700	2942.4	9	290	72.9	Community transmission
Trinidad and Tobago	113	7456	532.8	3	133	9.5	Community transmission
Bahamas	69	8101	2060.0	0	175	44.5	Clusters of cases
Nicaragua	37	4953	74.8	1	168	2.5	Community transmission
Antigua and Barbuda	8	195	199.1	0	6	6.1	Sporadic cases
Grenada	8	147	130.6	0	1	0.9	Sporadic cases
Dominica	3	113	157.0	0	0	0.0	Clusters of cases
Saint Kitts and Nevis	1	35	65.8	0	0	0.0	Sporadic cases
Puerto Rico	3550	90073	3148.5	68	1771	61.9	Community transmission
French Guiana	689	15664	5244.4	1	76	25.4	Community transmission
Aruba	327	6623	6203.2	0	52	48.7	Community transmission
Guadeloupe	222	9056	2263.3	1	157	39.2	Community transmission
Turks and Caicos Islands	165	1244	3213.0	1	7	18.1	Clusters of cases
Saint Barthélemy	152	376	3808.7	0	0	0.0	Sporadic cases
Saint Martin	145	1191	3080.8	0	12	31.0	Community transmission
Martinique	143	6370	1697.5	1	44	11.7	Community transmission
United States Virgin Islands	83	2335	2236.1	0	24	23.0	Community transmission
Sint Maarten	79	1708	3989.0	0	27	63.0	Community transmission
Curaçao	39	4537	2764.9	1	20	12.2	Community transmission
Bonaire	21	350	1673.4	0	3	14.3	Community transmission
Bermuda	16	686	1101.6	0	12	19.3	Sporadic cases
British Virgin Islands	16	137	453.1	0	1	3.3	Clusters of cases
Cayman Islands	9	383	582.8	0	2	3.0	Sporadic cases
Falkland Islands (Malvinas)	5	37	1062.3	0	0	0.0	No cases
Saint Pierre and Miquelon	4	20	345.1	0	0	0.0	Sporadic cases
Saba	1	6	310.4	0	0	0.0	Sporadic cases
Sint Eustatius	1	20	637.1	0	0	0.0	Sporadic cases
Anguilla	0	15	100.0	0	0	0.0	Sporadic cases
Montserrat	0	13	260.1	0	1	20.0	No cases
