Reporting Country/Territory/Area	New cases in last 7 days	Cumulative cases	Cumulative cases per 100 thousand population	New deaths in last 7 days	Cumulative deaths	Cumulative deaths per 100 thousand population	Transmission classification
South-East Asia	592349	15212235	752.6	4317	222054	11.0	
India	513885	12485509	904.7	3071	164623	11.9	Clusters of cases
Bangladesh	38471	630277	382.7	344	9213	5.6	Community transmission
Indonesia	35522	1527524	558.5	878	41242	15.1	Community transmission
Sri Lanka	1456	93295	435.7	17	575	2.7	Clusters of cases
Maldives	1248	24651	4560.4	1	67	12.4	Clusters of cases
Nepal	1018	277768	953.3	5	3032	10.4	Clusters of cases
Thailand	393	29127	41.7	1	95	0.1	Clusters of cases
Timor-Leste	234	714	54.2	0	0	0.0	Clusters of cases
Myanmar	102	142479	261.9	0	3206	5.9	Clusters of cases
Bhutan	20	891	115.5	0	1	0.1	Sporadic cases
