WHO Region	New cases in last 7 days (%)	Change in new cases in last 7 days	Cumulative cases (%)	New deaths in last 7 days (%)	Change in new deaths in last 7 days	Cumulative deaths (%)
Americas	2467817 (52%)	-2%	41329493 (44%)	43804 (47%)	15%	954545 (47%)
Europe	1610353 (34%)	-15%	30509880 (33%)	37698 (40%)	2%	666237 (33%)
South-East Asia	204654 (4%)	-1%	12462338 (13%)	3410 (4%)	4%	191196 (9%)
Eastern Mediterranean	183178 (4%)	7%	5335273 (6%)	2846 (3%)	2%	127817 (6%)
Africa	177252 (4%)	1%	2313130 (2%)	5000 (5%)	16%	52905 (3%)
Western Pacific	81775 (2%)	14%	1266428 (1%)	1124 (1%)	35%	22244 (3%)
Global	4725029 (100%)	-6%	93217287 (100%)	93882 (100%)	9%	2014957 (100%)
