Reporting Country/Territory/Area	New cases in last 7 days	Cumulative cases	Cumulative cases per 100 thousand population	New deaths in last 7 days	Cumulative deaths	Cumulative deaths per 100 thousand population	Transmission classification
Africa	40656	3357846	299.3	1034	83904	7.5	
South Africa	11975	1594817	2689.0	318	54724	92.3	Community transmission
Ethiopia	4155	262217	228.1	162	3871	3.4	Community transmission
Cameroon	4126	74733	281.5	80	1144	4.3	Community transmission
Kenya	3185	163238	303.6	139	2883	5.4	Community transmission
Cabo Verde	1984	26111	4696.3	12	232	41.7	Community transmission
Angola	1662	28477	86.6	30	630	1.9	Community transmission
Algeria	1589	123900	282.5	60	3321	7.6	Community transmission
Madagascar	1578	38874	140.4	62	716	2.6	Community transmission
Botswana	1483	48417	2058.9	22	734	31.2	Community transmission
Namibia	1239	49893	1963.6	40	683	26.9	Community transmission
Seychelles	870	6811	6925.5	1	28	28.5	Community transmission
Congo	469	11147	202.0	4	148	2.7	Community transmission
Uganda	401	42308	92.5	3	346	0.8	Community transmission
Zambia	387	92057	500.7	6	1257	6.8	Community transmission
Guinea	386	22633	172.3	6	150	1.1	Community transmission
Democratic Republic of the Congo	381	30285	33.8	4	772	0.9	Community transmission
Rwanda	361	25586	197.5	3	338	2.6	Community transmission
Gabon	357	23432	1052.8	4	143	6.4	Community transmission
Senegal	277	40665	242.9	8	1117	6.7	Community transmission
Central African Republic	263	6674	138.2	5	93	1.9	Community transmission
Ghana	255	92856	298.8	4	783	2.5	Community transmission
Mauritania	234	18636	400.8	1	456	9.8	Community transmission
Côte d'Ivoire	230	46344	175.7	5	291	1.1	Community transmission
Nigeria	229	165382	80.2	2	2065	1.0	Community transmission
Mozambique	201	70166	224.5	7	821	2.6	Community transmission
Mali	186	14082	69.5	14	499	2.5	Community transmission
Zimbabwe	154	38414	258.5	8	1576	10.6	Community transmission
Togo	149	13141	158.7	1	124	1.5	Community transmission
Burundi	139	4177	35.1	0	6	0.1	Community transmission
Niger	91	5319	22.0	1	192	0.8	Community transmission
Eritrea	71	3742	105.5	2	12	0.3	Community transmission
Malawi	71	34166	178.6	5	1153	6.0	Community transmission
Benin	63	7884	65.0	1	100	0.8	Community transmission
Burkina Faso	58	13377	64.0	5	162	0.8	Community transmission
South Sudan	54	10637	95.0	1	116	1.0	Community transmission
Chad	50	4874	29.7	1	171	1.0	Community transmission
Lesotho	42	10773	502.9	3	319	14.9	Community transmission
Mauritius	40	1246	98.0	1	17	1.3	Clusters of cases
Gambia	31	5929	245.3	1	175	7.2	Community transmission
Eswatini	19	18477	1592.6	0	671	57.8	Community transmission
Liberia	15	2114	41.8	0	85	1.7	Community transmission
Comoros	14	3922	451.0	0	146	16.8	Community transmission
Sierra Leone	11	4068	51.0	0	79	1.0	Community transmission
Sao Tome and Principe	8	2318	1057.7	0	35	16.0	Community transmission
Guinea-Bissau	3	3739	190.0	0	67	3.4	Community transmission
Equatorial Guinea	0	7694	548.4	0	112	8.0	Community transmission
United Republic of Tanzania	0	509	0.9	0	21	0.0	Pending
Réunion	1070	21451	2395.9	2	150	16.8	Community transmission
Mayotte	40	20134	7380.1	0	170	62.3	Community transmission
