Reporting Country/Territory/Area	New cases in last 7 days	Cumulative cases	Cumulative cases per 100 thousand population	New deaths in last 7 days	Cumulative deaths	Cumulative deaths per 100 thousand population	Transmission classification
Western Pacific	132543	2470005	125.7	1266	37488	1.9	
Philippines	57238	1046637	955.1	680	17354	15.8	Community transmission
Japan	35084	597225	472.2	383	10296	8.1	Clusters of cases
Malaysia	21342	411594	1271.7	95	1521	4.7	Community transmission
Mongolia	8066	37285	1137.3	41	115	3.5	Clusters of cases
Cambodia	4545	14520	86.8	29	103	0.6	Sporadic cases
Republic of Korea	4353	123240	240.4	20	1833	3.6	Clusters of cases
Lao People's Democratic Republic	574	821	11.3	0	0	0.0	Sporadic cases
Papua New Guinea	536	11206	125.2	13	115	1.3	Community transmission
Singapore	213	61179	1045.7	1	31	0.5	Sporadic cases
China	185	103649	7.0	2	4858	0.3	Clusters of cases
Australia	154	29812	116.9	0	910	3.6	Clusters of cases
Viet Nam	109	2942	3.0	0	35	0.0	Clusters of cases
Fiji	32	119	13.3	0	2	0.2	Sporadic cases
New Zealand	16	2261	46.9	0	26	0.5	Clusters of cases
Brunei Darussalam	4	227	51.9	0	3	0.7	Sporadic cases
Solomon Islands	0	20	2.9	0	0	0.0	No cases
Guam	60	7757	4596.1	0	136	80.6	Clusters of cases
French Polynesia	24	18758	6677.6	0	141	50.2	Sporadic cases
Northern Mariana Islands (Commonwealth of the)	4	168	291.9	0	2	3.5	Pending
Wallis and Futuna	4	453	4028.1	2	7	62.2	Sporadic cases
Marshall Islands	0	4	6.8	0	0	0.0	No cases
New Caledonia	0	124	43.4	0	0	0.0	Sporadic cases
Samoa	0	1	0.5	0	0	0.0	No cases
Vanuatu	0	3	1.0	0	0	0.0	No cases
