Reporting Country/Territory/Area	New cases in last 7 days	Cumulative cases	Cumulative cases per 100 thousand population	New deaths in last 7 days	Cumulative deaths	Cumulative deaths per 100 thousand population	Transmission classification
Europe	919119	52871662	5666.4	19056	1104629	118.4	
Kosovo	970	106302		25	2193		Community transmission
Turkey	166733	5016141	5947.6	2242	42746	50.7	Community transmission
France	122487	5676293	8727.5	1550	105544	162.3	Community transmission
Germany	103507	3520329	4232.9	1583	84775	101.9	Community transmission
Italy	67304	4102921	6879.3	1661	122694	205.7	Clusters of cases
Russian Federation	57007	4880262	3344.1	2464	113326	77.7	Clusters of cases
Netherlands	51444	1553292	8923.1	151	17319	99.5	Community transmission
Spain	41011	3577486	7558.2	252	78879	166.6	Community transmission
Ukraine	36330	2119510	4846.4	1797	46393	106.1	Community transmission
Poland	29819	2833052	7463.6	1944	70012	184.4	Community transmission
Sweden	28799	1007792	9758.3	15	14173	137.2	Community transmission
Belgium	20793	1017482	8830.4	260	24554	213.1	Community transmission
Kazakhstan	15052	396130	2109.7	0	4542	24.2	Clusters of cases
The United Kingdom	14560	4433094	6530.2	79	127603	188.0	Community transmission
Greece	14155	360577	3364.0	525	10978	102.4	Community transmission
Czechia	10947	1645061	15383.1	324	29667	277.4	Community transmission
Switzerland	10276	670704	7749.7	36	10069	116.3	Community transmission
Georgia	9474	321919	8069.8	130	4281	107.3	Community transmission
Austria	9453	626067	7033.6	132	10110	113.6	Community transmission
Croatia	9321	344494	8488.9	287	7469	184.0	Community transmission
Hungary	8817	791709	8103.9	800	28602	292.8	Community transmission
Romania	8682	1065254	5511.2	709	28903	149.5	Community transmission
Serbia	8643	699574	10099.7	153	6539	94.4	Community transmission
Lithuania	8147	257827	9227.6	84	4034	144.4	Community transmission
Belarus	7692	367674	3891.0	70	2622	27.7	Community transmission
Denmark	6137	258182	4434.0	8	2497	42.9	Community transmission
Azerbaijan	5734	326056	3215.8	128	4666	46.0	Clusters of cases
Bulgaria	5115	409961	5897.5	458	16902	243.1	Clusters of cases
Slovenia	4414	245795	11727.6	15	4610	220.0	Clusters of cases
Latvia	3961	123331	6465.0	69	2208	115.7	Community transmission
Norway	2870	115410	2150.1	11	767	14.3	Clusters of cases
Ireland	2866	252303	5082.2	15	4921	99.1	Community transmission
Cyprus	2791	69163	7788.6	21	334	37.6	Clusters of cases
Uzbekistan	2754	94397	282.0	10	662	2.0	Clusters of cases
Estonia	2441	125126	9415.2	33	1201	90.4	Clusters of cases
Armenia	2407	219270	7399.7	95	4234	142.9	Community transmission
Slovakia	2377	385475	7062.7	253	12019	220.2	Clusters of cases
Kyrgyzstan	2340	98400	1508.2	36	1655	25.4	Clusters of cases
Portugal	2311	839258	8151.4	15	16991	165.0	Clusters of cases
Bosnia and Herzegovina	2157	200989	6126.2	232	8811	268.6	Community transmission
Finland	1465	88561	1602.8	8	922	16.7	Community transmission
Republic of Moldova	1444	252604	6261.9	117	5943	147.3	Community transmission
North Macedonia	1310	153891	7386.6	188	5079	243.8	Clusters of cases
Luxembourg	894	68291	10907.2	5	802	128.1	Community transmission
Montenegro	647	98359	15660.7	35	1541	245.4	Clusters of cases
Albania	481	131666	4575.2	15	2411	83.8	Clusters of cases
Israel	369	838887	9691.9	11	6376	73.7	Community transmission
Andorra	174	13406	17350.7	2	127	164.4	Community transmission
Malta	131	30438	5915.3	2	417	81.0	Clusters of cases
Iceland	34	6506	1786.7	0	29	8.0	Community transmission
Liechtenstein	27	3062	7902.5	1	57	147.1	Sporadic cases
Monaco	22	2479	6316.9	0	32	81.5	Sporadic cases
San Marino	13	5079	14965.5	0	90	265.2	Community transmission
Holy See	0	26	3213.8	0	0	0.0	Sporadic cases
Tajikistan	0	13714	143.8	0	91	1.0	Pending
Faroe Islands	4	668	1367.0	0	1	2.0	Sporadic cases
Gibraltar	3	4286	12721.5	0	94	279.0	Clusters of cases
Isle of Man	3	1590	1869.9	0	29	34.1	No cases
Greenland	0	31	54.6	0	0	0.0	No cases
Guernsey	0	822	1275.1	0	14	21.7	Community transmission
Jersey	0	3234	3000.1	0	69	64.0	Community transmission
