Reporting Country/Territory/Area	New cases in last 7 days	Cumulative cases	Cumulative cases per 100 thousand population	New deaths in last 7 days	Cumulative deaths	Cumulative deaths per 100 thousand population	Transmission classification
Western Pacific	49553	1711830	87.1	720	30357	1.5	
Philippines	25473	616611	562.7	301	12766	11.6	Community transmission
Malaysia	10632	322409	996.1	40	1206	3.7	Clusters of cases
Japan	7917	446873	353.3	333	8560	6.8	Clusters of cases
Republic of Korea	3164	95635	186.5	35	1669	3.3	Clusters of cases
Mongolia	672	3833	116.9	2	4	0.1	Clusters of cases
Papua New Guinea	590	2173	24.3	5	21	0.2	Community transmission
Cambodia	318	1305	7.8	1	1	0.0	Sporadic cases
China	269	102333	7.0	1	4849	0.3	Clusters of cases
Australia	82	29112	114.2	0	909	3.6	Clusters of cases
Singapore	68	60088	1027.1	1	30	0.5	Sporadic cases
Viet Nam	44	2553	2.6	0	35	0.0	Clusters of cases
New Zealand	24	2067	42.9	0	26	0.5	Clusters of cases
Brunei Darussalam	3	192	43.9	0	3	0.7	Sporadic cases
Fiji	3	66	7.4	0	2	0.2	Sporadic cases
Lao People's Democratic Republic	2	49	0.7	0	0	0.0	Sporadic cases
Solomon Islands	0	18	2.6	0	0	0.0	No cases
Wallis and Futuna	166	176	1565.0	0	0	0.0	Sporadic cases
French Polynesia	68	18527	6595.4	1	141	50.2	Sporadic cases
New Caledonia	33	91	31.9	0	0	0.0	Sporadic cases
Guam	18	7558	4478.2	0	133	78.8	Clusters of cases
Northern Mariana Islands (Commonwealth of the)	5	150	260.6	0	2	3.5	Pending
Vanuatu	2	3	1.0	0	0	0.0	No cases
Marshall Islands	0	4	6.8	0	0	0.0	No cases
Samoa	0	4	2.0	0	0	0.0	No cases
