Reporting Country/Territory/Area	New cases in last 7 days	Cumulative cases	Cumulative cases per 100 thousand population	New deaths in last 7 days	Cumulative deaths	Cumulative deaths per 100 thousand population	Transmission classification
South-East Asia	157379	13345590	660.2	2189	204796	10.1	
India	86711	10991651	796.5	660	156302	11.3	Clusters of cases
Indonesia	60650	1271353	464.8	1380	34316	12.5	Community transmission
Sri Lanka	4628	79480	371.2	51	435	2.0	Clusters of cases
Bangladesh	2758	543024	329.7	76	8342	5.1	Community transmission
Maldives	896	18612	3443.2	4	60	11.1	Clusters of cases
Thailand	844	25415	36.4	3	83	0.1	Clusters of cases
Nepal	737	273351	938.2	7	2061	7.1	Clusters of cases
Myanmar	150	141735	260.5	8	3196	5.9	Clusters of cases
Bhutan	3	866	112.2	0	1	0.1	Clusters of cases
Timor-Leste	2	103	7.8	0	0	0.0	Sporadic cases
