Reporting Country/Territory/Area	New cases in last 7 days	Cumulative cases	Cumulative cases per 100 thousand population	New deaths in last 7 days	Cumulative deaths	Cumulative deaths per 100 thousand population	Transmission classification
Eastern Mediterranean	207177	6388249	874.1	2562	144479	19.8	
Iran (Islamic Republic of)	57078	1623159	1932.5	571	59980	71.4	Community transmission
Iraq	27491	692241	1721.0	138	13383	33.3	Community transmission
Jordan	26685	386496	3788.0	132	4675	45.8	Community transmission
United Arab Emirates	20419	388594	3929.0	105	1213	12.3	Community transmission
Lebanon	19404	372775	5461.5	355	4652	68.2	Community transmission
Pakistan	8951	578797	262.0	274	12837	5.8	Community transmission
Kuwait	6568	189890	4446.5	39	1078	25.2	Community transmission
Tunisia	4972	232615	1968.2	219	7974	67.5	Community transmission
Bahrain	4544	121778	7156.8	24	444	26.1	Clusters of cases
Egypt	4286	181829	177.7	341	10639	10.4	Clusters of cases
Qatar	3230	163197	5664.5	1	257	8.9	Community transmission
Libya	3133	132458	1927.7	86	2174	31.6	Community transmission
Morocco	2462	483410	1309.7	67	8615	23.3	Clusters of cases
Saudi Arabia	2370	377061	1083.1	31	6488	18.6	Sporadic cases
Oman	2094	140588	2753.1	13	1562	30.6	Community transmission
Somalia	1102	6991	44.0	37	231	1.5	Community transmission
Syrian Arab Republic	390	15533	88.8	27	1023	5.8	Community transmission
Sudan	170	30347	69.2	14	1880	4.3	Community transmission
Yemen	112	2273	7.6	13	632	2.1	Community transmission
Afghanistan	110	55714	143.1	11	2443	6.3	Clusters of cases
Djibouti	43	6065	613.9	0	63	6.4	Sporadic cases
occupied Palestinian territory	11563	206438	4046.7	64	2236	43.8	Community transmission
