Reporting Country/Territory/Area	New cases in last 7 days	Cumulative cases	Cumulative cases per 1 million population	New deaths in last 7 days	Cumulative deaths	Cumulative deaths per 1 million population	Transmission classification
Europe	1553332	26885471	28803	32898	588770	631	
The United Kingdom	343784	2599793	38296	4165	74570	1098	Community transmission
Russian Federation	186539	3236787	22180	3728	58506	401	Clusters of cases
Germany	124808	1765666	21074	4494	34272	409	Clusters of cases
Italy	102442	2141201	35414	3365	74985	1240	Clusters of cases
Turkey	98662	1417697	16809	1671	21295	252	Community transmission
France	91595	2599127	39818	2346	64543	989	Community transmission
Czechia	69882	740481	69146	916	11960	1117	Community transmission
Poland	60763	1318562	34840	2001	29119	769	Community transmission
Netherlands	59975	813725	47489	600	11565	675	Community transmission
Ukraine	48104	1074093	24560	1080	18854	431	Community transmission
Portugal	30874	423870	41569	489	7045	691	Clusters of cases
Israel	28963	425582	49169	132	3338	386	Community transmission
Romania	23635	637395	33133	811	15919	827	Community transmission
Sweden	22117	437379	43308	68	8727	864	Community transmission
Slovakia	19940	187463	34336	544	2317	424	Clusters of cases
Switzerland	18879	450075	52004	419	7049	814	Community transmission
Serbia	18537	341904	49098	305	3288	472	Community transmission
Spain	16852	1893502	40499	168	50442	1079	Community transmission
Denmark	16374	167541	28925	192	1345	232	Community transmission
Lithuania	16039	146637	53865	390	1644	604	Community transmission
Austria	14604	362963	40301	462	6214	690	Community transmission
Belarus	13203	198125	20967	66	1442	153	Community transmission
Hungary	11935	327995	33953	837	9884	1023	Community transmission
Ireland	11532	96926	19629	52	2252	456	Community transmission
Slovenia	10894	125086	60168	359	2889	1390	Clusters of cases
Belgium	10458	650009	56085	436	19693	1699	Community transmission
Croatia	8028	212958	51874	401	4072	992	Community transmission
Georgia	7564	229169	57448	226	2603	653	Community transmission
Azerbaijan	6270	219462	21645	249	2703	267	Clusters of cases
Latvia	6110	41929	22229	153	668	354	Clusters of cases
Kazakhstan	5661	203563	10841	96	2845	152	Clusters of cases
Bulgaria	5496	202880	29198	521	7644	1100	Clusters of cases
Republic of Moldova	4698	145694	36117	137	3020	749	Community transmission
Greece	4595	139709	13404	368	4921	472	Community transmission
Cyprus	4054	23445	19418	18	129	107	Clusters of cases
Estonia	3739	29131	21960	40	244	184	Clusters of cases
Norway	3346	48278	8905	15	436	80	Clusters of cases
Albania	3236	58991	20499	47	1190	414	Clusters of cases
Bosnia and Herzegovina	3015	112345	34243	177	4100	1250	Community transmission
Armenia	2880	160027	54004	87	2850	962	Community transmission
Montenegro	2439	49339	78557	23	690	1099	Clusters of cases
North Macedonia	2364	83789	40218	95	2522	1211	Community transmission
Finland	2023	36107	6517	37	561	101	Community transmission
Luxembourg	1062	46838	74824	33	503	804	Community transmission
Kyrgyzstan	932	81305	12462	11	1359	208	Clusters of cases
Malta	756	12997	29435	14	220	498	Clusters of cases
Uzbekistan	487	77238	2308	1	614	18	Clusters of cases
Andorra	360	8166	105688	1	84	1087	Community transmission
Liechtenstein	223	2221	58237	7	33	865	Sporadic cases
San Marino	199	2463	72574	4	61	1797	Community transmission
Monaco	101	901	22959	1	4	102	Sporadic cases
Iceland	71	5754	16862	1	29	85	Community transmission
Holy See	0	26	32138	0	0	0	Sporadic cases
Tajikistan	0	13182	1382	0	89	9	Pending
Kosovo	1326	51688	27784	35	1330	715	Community transmission
Gibraltar	678	2212	65656	1	7	208	Clusters of cases
Jersey	177	2760	25368	3	44	404	Community transmission
Faroe Islands	43	614	12565	0	0	0	Sporadic cases
Isle of Man	6	380	4469	0	25	294	No cases
Guernsey	2	299	4731	0	13	206	Community transmission
Greenland	1	27	476	0	0	0	No cases
