Reporting Country/Territory/Area	New cases in last 7 days	Cumulative cases	Cumulative cases per 100 thousand population	New deaths in last 7 days	Cumulative deaths	Cumulative deaths per 100 thousand population	Transmission classification
Western Pacific	44193	1620582	82.5	786	29006	1.5	
Malaysia	18043	298315	921.7	70	1121	3.5	Clusters of cases
Philippines	14959	574247	524.0	221	12289	11.2	Community transmission
Japan	7233	431740	341.4	443	7860	6.2	Clusters of cases
Republic of Korea	2682	89674	174.9	46	1603	3.1	Clusters of cases
Mongolia	280	2866	87.4	0	2	0.1	Clusters of cases
Cambodia	272	805	4.8	0	0	0.0	Sporadic cases
Papua New Guinea	246	1275	14.3	2	12	0.1	Community transmission
China	209	101878	6.9	1	4843	0.3	Clusters of cases
Singapore	67	59925	1024.3	0	29	0.5	Sporadic cases
Viet Nam	64	2432	2.5	0	35	0.0	Clusters of cases
Australia	45	28965	113.6	0	909	3.6	Clusters of cases
New Zealand	26	2020	41.9	0	26	0.5	Clusters of cases
Fiji	3	59	6.6	0	2	0.2	Sporadic cases
Brunei Darussalam	1	186	42.5	0	3	0.7	Sporadic cases
Lao People's Democratic Republic	0	45	0.6	0	0	0.0	Sporadic cases
Solomon Islands	0	18	2.6	0	0	0.0	No cases
French Polynesia	41	18387	6545.6	2	139	49.5	Sporadic cases
Guam	19	7526	4459.2	1	131	77.6	Clusters of cases
New Caledonia	3	58	20.3	0	0	0.0	Sporadic cases
Marshall Islands	0	4	6.8	0	0	0.0	No cases
Northern Mariana Islands (Commonwealth of the)	0	143	248.4	0	2	3.5	Pending
Samoa	0	4	2.0	0	0	0.0	No cases
Vanuatu	0	1	0.3	0	0	0.0	No cases
Wallis and Futuna	0	9	80.0	0	0	0.0	Sporadic cases
