Reporting Country/Territory/Area	New cases in last 7 days	Cumulative cases	Cumulative cases per 100 thousand population	New deaths in last 7 days	Cumulative deaths	Cumulative deaths per 100 thousand population	Transmission classification
Europe	1630624	47547449	5095.8	26853	1008251	108.1	
Kosovo	4492	97424		70	1966		Community transmission
Turkey	353281	3798333	4503.6	1624	33702	40.0	Community transmission
France	265444	4945238	7603.5	2087	97956	150.6	Community transmission
Poland	136089	2574631	6782.8	3480	58421	153.9	Community transmission
Germany	112882	2998268	3605.1	1390	78353	94.2	Community transmission
Ukraine	107540	1853249	4237.6	2681	37014	84.6	Community transmission
Italy	103830	3754077	6294.4	3219	113923	191.0	Clusters of cases
Russian Federation	60496	4641390	3180.5	2612	102986	70.6	Clusters of cases
Netherlands	47307	1342329	7711.2	150	16754	96.2	Community transmission
Hungary	34185	720164	7371.5	1702	23417	239.7	Community transmission
Romania	32641	1002865	5188.4	1033	25006	129.4	Community transmission
Sweden	30382	857401	8302.0	22	13621	131.9	Community transmission
Czechia	28293	1580189	14776.5	863	27808	260.0	Community transmission
Spain	28102	3336637	7049.3	189	76179	160.9	Community transmission
Serbia	25111	639476	9232.0	278	5700	82.3	Community transmission
Belgium	23931	926640	8042.0	304	23470	203.7	Community transmission
Greece	20304	293763	2740.7	531	8833	82.4	Community transmission
Austria	19309	571805	6424.0	228	9393	105.5	Community transmission
Bulgaria	19272	371531	5344.6	844	14351	206.4	Clusters of cases
Kazakhstan	17348	323208	1721.3	151	3963	21.1	Clusters of cases
The United Kingdom	16290	4368049	6434.4	254	127080	187.2	Community transmission
Azerbaijan	14865	283579	2796.9	231	3879	38.3	Clusters of cases
Switzerland	13820	619477	7157.8	51	9764	112.8	Community transmission
Croatia	12490	292516	7208.1	250	6308	155.4	Community transmission
Belarus	8798	334863	3543.8	68	2344	24.8	Community transmission
Bosnia and Herzegovina	8279	183125	5581.7	555	7358	224.3	Community transmission
North Macedonia	8233	141157	6775.4	322	4182	200.7	Community transmission
Slovenia	6525	225952	10780.9	26	4407	210.3	Clusters of cases
Republic of Moldova	6492	240886	5971.4	277	5369	133.1	Community transmission
Lithuania	6462	226173	8094.7	78	3687	132.0	Community transmission
Armenia	6183	202817	6844.4	143	3735	126.0	Community transmission
Slovakia	5820	371062	6798.7	540	10565	193.6	Clusters of cases
Norway	5189	101959	1899.5	11	684	12.7	Community transmission
Estonia	4775	114174	8591.1	79	1020	76.8	Clusters of cases
Georgia	4563	288396	7229.5	66	3877	97.2	Community transmission
Denmark	4383	237101	4072.0	11	2439	41.9	Community transmission
Portugal	4066	826928	8031.6	42	16910	164.2	Clusters of cases
Cyprus	3753	51035	5747.2	11	272	30.6	Clusters of cases
Latvia	3373	107240	5621.5	63	1986	104.1	Community transmission
Ireland	2948	240643	4847.3	68	4783	96.3	Community transmission
Finland	2613	81707	1478.8	22	868	15.7	Community transmission
Albania	1972	128155	4453.2	54	2310	80.3	Clusters of cases
Israel	1776	835813	9656.4	57	6292	72.7	Community transmission
Montenegro	1675	94417	15033.1	68	1373	218.6	Clusters of cases
Luxembourg	1545	63650	10166.0	18	768	122.7	Community transmission
Uzbekistan	1299	84922	253.7	3	634	1.9	Clusters of cases
Kyrgyzstan	1213	90227	1383.0	16	1522	23.3	Clusters of cases
Malta	359	29548	5742.3	5	402	78.1	Clusters of cases
Andorra	323	12497	16174.2	3	120	155.3	Community transmission
San Marino	151	4956	14603.1	1	85	250.5	Community transmission
Liechtenstein	64	2842	7334.8	0	54	139.4	Sporadic cases
Monaco	48	2373	6046.8	2	31	79.0	Sporadic cases
Iceland	33	6258	1718.6	0	29	8.0	Community transmission
Holy See	0	26	3213.8	0	0	0.0	Sporadic cases
Tajikistan	0	13714	143.8	0	91	1.0	Pending
Isle of Man	4	1574	1851.1	0	29	34.1	No cases
Gibraltar	2	4277	12694.8	0	94	279.0	Clusters of cases
Jersey	1	3230	2996.4	0	69	64.0	Community transmission
Faroe Islands	0	661	1352.7	0	1	2.0	Sporadic cases
Greenland	0	31	54.6	0	0	0.0	No cases
Guernsey	0	821	1273.5	0	14	21.7	Community transmission
