Reporting Country/Territory/Area	New cases in last 7 days	Cumulative cases	Cumulative cases per 100 thousand population	New deaths in last 7 days	Cumulative deaths	Cumulative deaths per 100 thousand population	Transmission classification
Africa	174644	2135878	190.4	4313	47905	4.3	
South Africa	125287	1214176	2047.2	3649	32824	55.3	Community transmission
Nigeria	8315	97478	47.3	14	1342	0.7	Community transmission
Zimbabwe	6008	20499	137.9	106	483	3.2	Community transmission
Zambia	5337	26567	144.5	72	464	2.5	Community transmission
Namibia	3069	27723	1091.1	38	251	9.9	Community transmission
Ethiopia	2743	127792	111.2	41	1985	1.7	Community transmission
Mozambique	2393	21361	68.3	19	187	0.6	Community transmission
Uganda	1842	37554	82.1	27	301	0.7	Community transmission
Algeria	1754	101913	232.4	34	2803	6.4	Community transmission
Malawi	1595	8306	43.4	28	220	1.2	Community transmission
Kenya	1506	98184	182.6	19	1704	3.2	Community transmission
Senegal	1489	21000	125.4	43	459	2.7	Community transmission
Eswatini	1469	11180	963.7	64	291	25.1	Community transmission
Botswana	1246	16051	682.5	6	48	2.0	Community transmission
Democratic Republic of the Congo	1119	18967	21.2	19	610	0.7	Community transmission
Côte d'Ivoire	1004	23254	88.2	1	138	0.5	Community transmission
Congo	960	7160	129.8	0	100	1.8	Community transmission
Burkina Faso	926	7866	37.6	3	89	0.4	Community transmission
Rwanda	894	9461	73.0	20	118	0.9	Clusters of cases
Mauritania	850	15214	327.2	31	378	8.1	Community transmission
Ghana	708	55772	179.5	1	336	1.1	Community transmission
Angola	548	18156	55.2	9	416	1.3	Community transmission
Cabo Verde	354	12237	2201.0	1	114	20.5	Community transmission
Chad	341	2510	15.3	3	107	0.7	Community transmission
Mali	339	7565	37.4	19	298	1.5	Community transmission
Comoros	286	1150	132.2	5	18	2.1	Community transmission
Togo	249	3932	47.5	4	72	0.9	Community transmission
Sierra Leone	243	2803	35.1	1	77	1.0	Community transmission
Eritrea	236	1556	43.9	3	6	0.2	Sporadic cases
Seychelles	218	502	510.4	1	1	1.0	Sporadic cases
Burundi	153	986	8.3	0	2	0.0	Community transmission
Gabon	123	9694	435.5	2	66	3.0	Community transmission
Guinea	120	13904	105.9	0	81	0.6	Community transmission
Niger	114	3322	13.7	2	104	0.4	Community transmission
South Sudan	82	3640	32.5	0	63	0.6	Community transmission
Gambia	55	3857	159.6	1	125	5.2	Community transmission
Benin	53	3304	27.3	0	44	0.4	Community transmission
Sao Tome and Principe	30	1054	480.9	0	17	7.8	Community transmission
Equatorial Guinea	12	5289	377.0	0	86	6.1	Community transmission
Mauritius	12	539	42.4	0	10	0.8	Clusters of cases
Central African Republic	10	4973	103.0	0	63	1.3	Community transmission
Cameroon	0	26848	101.1	0	448	1.7	Community transmission
Guinea-Bissau	0	2447	124.3	0	45	2.3	Community transmission
Lesotho	0	2577	120.3	0	50	2.3	Community transmission
Liberia	0	1800	35.6	0	89	1.6	Community transmission
Madagascar	0	17767	64.2	0	262	0.9	Community transmission
United Republic of Tanzania	0	509	0.9	0	21	0.0	Community transmission
Mayotte	342	6232	2284.3	1	56	20.5	Clusters of cases
Réunion	210	9274	1032.8	0	42	4.7	Clusters of cases
