Reporting Country/Territory/Area	New cases in last 7 days	Cumulative cases	Cumulative cases per 100 thousand population	New deaths in last 7 days	Cumulative deaths	Cumulative deaths per 100 thousand population	Transmission classification
South-East Asia	437060	14619886	723.3	2947	217737	10.8	
India	372494	11971624	867.5	1797	161552	11.7	Clusters of cases
Indonesia	36214	1492002	545.5	917	40364	14.8	Community transmission
Bangladesh	23100	591806	359.3	201	8869	5.4	Community transmission
Sri Lanka	1993	91839	428.9	14	558	2.6	Clusters of cases
Maldives	1030	23403	4329.5	1	66	12.2	Clusters of cases
Thailand	931	28734	41.2	4	94	0.1	Clusters of cases
Nepal	921	276750	949.8	11	3027	10.4	Clusters of cases
Timor-Leste	209	480	36.4	0	0	0.0	Clusters of cases
Myanmar	165	142377	261.7	2	3206	5.9	Clusters of cases
Bhutan	3	871	112.9	0	1	0.1	Sporadic cases
