Reporting Country/Territory/Area	New cases in last 7 days	Cumulative cases	Cumulative cases per 100 thousand population	New deaths in last 7 days	Cumulative deaths	Cumulative deaths per 100 thousand population	Transmission classification
Americas	1400004	60951004	5959.4	36530	1481266	144.8	
United States of America	406001	31656636	9563.9	4951	565809	170.9	Community transmission
Brazil	404623	14237078	6697.9	17667	386416	181.8	Community transmission
Argentina	166024	2824652	6249.8	2092	61176	135.4	Community transmission
Colombia	121122	2740544	5386.0	2882	70446	138.4	Community transmission
Canada	58519	1164581	3085.6	342	23883	63.3	Community transmission
Peru	56604	1745655	5294.4	2558	59012	179.0	Community transmission
Chile	45463	1162811	6082.9	687	25742	134.7	Community transmission
Mexico	23491	2323430	1802.0	2811	214504	166.4	Community transmission
Uruguay	19968	179537	5168.4	439	2227	64.1	Community transmission
Paraguay	16328	263134	3689.2	538	5715	80.1	Community transmission
Ecuador	14597	372754	2112.8	517	18158	102.9	Community transmission
Guatemala	9000	221307	1235.3	205	7395	41.3	Community transmission
Venezuela (Bolivarian Republic of)	8772	189381	666.0	139	2009	7.1	Community transmission
Bolivia (Plurinational State of)	8532	295892	2534.8	158	12783	109.5	Community transmission
Costa Rica	8353	236930	4651.1	65	3136	61.6	Community transmission
Cuba	7844	100318	885.7	69	581	5.1	Community transmission
Honduras	6014	205696	2076.8	161	5095	51.4	Community transmission
Dominican Republic	3317	263944	2433.1	37	3451	31.8	Community transmission
Panama	2109	362358	8398.1	15	6200	143.7	Community transmission
Jamaica	1183	44867	1515.2	35	756	25.5	Community transmission
El Salvador	914	68318	1053.3	26	2098	32.3	Community transmission
Guyana	806	12448	1582.6	10	277	35.2	Clusters of cases
Trinidad and Tobago	745	9487	677.9	7	157	11.2	Community transmission
Suriname	436	9932	1693.1	6	193	32.9	Clusters of cases
Bahamas	354	10050	2555.7	2	196	49.8	Clusters of cases
Saint Lucia	65	4463	2430.5	5	70	38.1	Community transmission
Belize	61	12599	3168.5	3	321	80.7	Community transmission
Barbados	47	3820	1329.3	0	44	15.3	Community transmission
Nicaragua	43	5450	82.3	1	181	2.7	Community transmission
Haiti	40	12958	113.6	0	251	2.2	Community transmission
Saint Vincent and the Grenadines	11	1830	1649.5	0	10	9.0	Community transmission
Antigua and Barbuda	9	1222	1247.8	0	31	31.7	Clusters of cases
Dominica	1	173	240.3	0	0	0.0	Clusters of cases
Grenada	0	159	141.3	0	1	0.9	Sporadic cases
Saint Kitts and Nevis	0	44	82.7	0	0	0.0	No cases
Puerto Rico	6879	127450	4455.0	69	2263	79.1	Community transmission
French Guiana	745	18826	6303.0	3	98	32.8	Community transmission
Curaçao	348	12022	7326.3	19	99	60.3	Community transmission
Bermuda	255	2315	3717.5	6	23	36.9	Community transmission
Aruba	250	10469	9805.6	3	95	89.0	Community transmission
United States Virgin Islands	52	3080	2949.5	1	27	25.9	Community transmission
Anguilla	29	58	386.6	0	0	0.0	Sporadic cases
Bonaire	16	1527	7301.0	1	15	71.7	Community transmission
Sint Maarten	10	2212	5158.3	0	27	63.0	Community transmission
Cayman Islands	9	534	812.5	0	2	3.0	Sporadic cases
British Virgin Islands	7	194	641.6	0	1	3.3	Clusters of cases
Turks and Caicos Islands	7	2376	6136.7	0	17	43.9	Clusters of cases
Falkland Islands (Malvinas)	1	63	1808.8	0	0	0.0	Sporadic cases
Guadeloupe	0	12927	3230.7	0	194	48.5	Community transmission
Martinique	0	9758	2600.3	0	66	17.6	Community transmission
Montserrat	0	20	400.1	0	1	20.0	No cases
Saba	0	6	310.4	0	0	0.0	No cases
Saint Barthélemy	0	954	9651.0	0	1	10.1	Clusters of cases
Saint Martin	0	1710	4423.3	0	13	33.6	Community transmission
Saint Pierre and Miquelon	0	25	431.4	0	0	0.0	Sporadic cases
Sint Eustatius	0	20	637.1	0	0	0.0	No cases
