Reporting Country/Territory/Area	New cases in last 7 days	Cumulative cases	Cumulative cases per 100 thousand population	New deaths in last 7 days	Cumulative deaths	Cumulative deaths per 100 thousand population	Transmission classification
Africa	148953	2462083	219.5	4997	57902	5.2	
South Africa	79180	1404839	2368.7	3723	40574	68.4	Community transmission
Nigeria	11659	120602	58.5	75	1495	0.7	Community transmission
Zambia	8518	44592	242.6	95	627	3.4	Community transmission
Malawi	6654	18439	96.4	170	470	2.5	Community transmission
Mozambique	5766	31628	101.2	63	297	1.0	Community transmission
Zimbabwe	4126	31007	208.6	291	974	6.6	Community transmission
Ghana	3134	60115	193.5	20	361	1.2	Community transmission
Botswana	2579	18630	792.2	40	88	3.7	Community transmission
Ethiopia	2526	133298	115.9	34	2063	1.8	Community transmission
Cameroon	2281	29617	111.6	11	462	1.7	Community transmission
Namibia	2015	32213	1267.8	37	317	12.5	Community transmission
Rwanda	1797	12647	97.6	32	172	1.3	Community transmission
Algeria	1758	105369	240.3	30	2861	6.5	Community transmission
Côte d'Ivoire	1756	26612	100.9	4	145	0.5	Community transmission
Senegal	1722	24460	146.1	60	569	3.4	Community transmission
Eswatini	1594	14330	1235.2	98	458	39.5	Community transmission
Lesotho	1285	7656	357.4	26	123	5.7	Community transmission
Democratic Republic of the Congo	1243	21868	24.4	31	660	0.7	Community transmission
Burkina Faso	967	9967	47.7	8	109	0.5	Community transmission
Uganda	959	39044	85.4	13	317	0.7	Community transmission
Kenya	816	99898	185.8	12	1740	3.2	Community transmission
Comoros	683	2260	259.9	29	70	8.0	Community transmission
Angola	602	19367	58.9	26	457	1.4	Community transmission
Cabo Verde	513	13414	2412.6	5	124	22.3	Community transmission
Gabon	379	10278	461.8	1	67	3.0	Community transmission
Togo	364	4636	56.0	1	74	0.9	Community transmission
Seychelles	344	1033	1050.4	2	3	3.1	Clusters of cases
Mauritania	329	16222	348.9	14	410	8.8	Community transmission
Madagascar	300	18301	66.1	6	273	1.0	Community transmission
Chad	282	3137	19.1	4	115	0.7	Community transmission
Burundi	236	1472	12.4	0	2	0.0	Community transmission
Benin	230	3643	30.0	2	48	0.4	Community transmission
Guinea	202	14300	108.9	0	81	0.6	Community transmission
Niger	189	4321	17.9	13	151	0.6	Community transmission
Sierra Leone	150	3120	39.1	0	77	1.0	Community transmission
Mali	142	7965	39.3	15	323	1.6	Community transmission
Congo	85	7794	141.2	3	117	2.1	Community transmission
South Sudan	80	3773	33.7	1	64	0.6	Community transmission
Eritrea	63	1940	54.7	0	6	0.2	Sporadic cases
Gambia	61	3958	163.8	1	128	5.3	Community transmission
Guinea-Bissau	53	2531	128.6	0	45	2.3	Community transmission
Sao Tome and Principe	52	1182	539.3	0	17	7.8	Community transmission
Equatorial Guinea	45	5401	385.0	0	86	6.1	Community transmission
Liberia	27	1914	37.8	0	84	1.7	Community transmission
Mauritius	9	556	43.7	0	10	0.8	Sporadic cases
Central African Republic	7	4980	103.1	0	63	1.3	Community transmission
United Republic of Tanzania	0	509	0.9	0	21	0.0	Pending
Mayotte	933	7544	2765.2	1	59	21.6	Clusters of cases
Réunion	258	9701	1083.5	0	45	5.0	Clusters of cases
