Reporting Country/Territory/Area	New cases in last 7 days	Cumulative cases	Cumulative cases per 100 thousand population	New deaths in last 7 days	Cumulative deaths	Cumulative deaths per 100 thousand population	Transmission classification
Americas	1272491	63554005	6213.9	33879	1551860	151.7	
Brazil	423438	15082449	7095.6	15333	419114	197.2	Community transmission
United States of America	334784	32337112	9769.4	4940	575477	173.9	Community transmission
Argentina	140771	3118134	6899.2	3007	66872	148.0	Community transmission
Colombia	108902	2968626	5834.2	3147	76867	151.1	Community transmission
Canada	53744	1273169	3373.3	310	24529	65.0	Community transmission
Peru	40020	1839465	5578.9	2042	63519	192.6	Community transmission
Chile	37221	1241976	6497.0	644	27101	141.8	Community transmission
Uruguay	17718	216146	6222.3	416	3032	87.3	Community transmission
Mexico	17119	2361874	1831.9	1750	218657	169.6	Community transmission
Paraguay	15156	294233	4125.2	589	6974	97.8	Community transmission
Costa Rica	14495	265486	5211.6	134	3365	66.1	Community transmission
Ecuador	14332	398921	2261.1	413	19137	108.5	Community transmission
Bolivia (Plurinational State of)	10559	316153	2708.4	207	13182	112.9	Community transmission
Venezuela (Bolivarian Republic of)	7498	205181	721.6	127	2263	8.0	Community transmission
Cuba	7290	114912	1014.5	68	722	6.4	Community transmission
Guatemala	6406	234883	1311.1	174	7717	43.1	Community transmission
Honduras	5997	218330	2204.3	304	5585	56.4	Community transmission
Dominican Republic	3739	270600	2494.5	36	3523	32.5	Community transmission
Panama	2186	366762	8500.2	26	6258	145.0	Community transmission
Trinidad and Tobago	1896	12720	908.9	27	196	14.0	Community transmission
El Salvador	1057	70255	1083.1	22	2150	33.1	Community transmission
Jamaica	811	46588	1573.3	24	803	27.1	Community transmission
Guyana	754	14037	1784.6	18	314	39.9	Community transmission
Suriname	570	10933	1863.7	10	214	36.5	Clusters of cases
Bahamas	320	10773	2739.5	13	212	53.9	Clusters of cases
Saint Lucia	102	4654	2534.5	1	75	40.8	Community transmission
Nicaragua	77	5575	84.2	1	183	2.8	Community transmission
Haiti	70	13164	115.4	9	263	2.3	Community transmission
Barbados	68	3931	1367.9	1	45	15.7	Community transmission
Saint Vincent and the Grenadines	48	1912	1723.5	1	12	10.8	Community transmission
Belize	18	12686	3190.4	0	323	81.2	Community transmission
Antigua and Barbuda	8	1237	1263.2	0	32	32.7	Clusters of cases
Dominica	1	175	243.1	0	0	0.0	Clusters of cases
Grenada	0	161	143.1	0	1	0.9	Sporadic cases
Saint Kitts and Nevis	0	45	84.6	0	0	0.0	Sporadic cases
Puerto Rico	2932	134888	4715.0	57	2367	82.7	Community transmission
French Guiana	823	20366	6818.6	3	104	34.8	Community transmission
Guadeloupe	795	15429	3856.1	8	236	59.0	Community transmission
Martinique	351	11490	3061.8	8	87	23.2	Community transmission
Aruba	129	10737	10056.6	2	100	93.7	Community transmission
United States Virgin Islands	85	3210	3074.0	0	27	25.9	Community transmission
Bermuda	41	2434	3908.6	2	30	48.2	Community transmission
Curaçao	41	12222	7448.2	5	113	68.9	Community transmission
Saint Martin	28	1777	4596.6	0	14	36.2	Community transmission
British Virgin Islands	25	219	724.3	0	1	3.3	Clusters of cases
Sint Maarten	20	2250	5247.0	0	27	63.0	Community transmission
Bonaire	16	1547	7396.6	0	16	76.5	Community transmission
Turks and Caicos Islands	12	2402	6203.8	0	17	43.9	Clusters of cases
Anguilla	6	99	659.9	0	0	0.0	Clusters of cases
Saint Barthélemy	6	994	10055.6	0	1	10.1	Clusters of cases
Cayman Islands	5	548	833.8	0	2	3.0	Sporadic cases
Saba	1	7	362.1	0	0	0.0	Sporadic cases
Falkland Islands (Malvinas)	0	63	1808.8	0	0	0.0	Sporadic cases
Montserrat	0	20	400.1	0	1	20.0	No cases
Saint Pierre and Miquelon	0	25	431.4	0	0	0.0	Sporadic cases
Sint Eustatius	0	20	637.1	0	0	0.0	No cases
