Reporting Country/Territory/Area	New cases in last 7 days	Cumulative cases	Cumulative cases per 100 thousand population	New deaths in last 7 days	Cumulative deaths	Cumulative deaths per 100 thousand population	Transmission classification
South-East Asia	167385	13684394	677.0	2201	210214	10.4	
India	114068	11210799	812.4	705	157756	11.4	Clusters of cases
Indonesia	44762	1373836	502.3	1173	37154	13.6	Community transmission
Bangladesh	3893	549724	333.8	51	8451	5.1	Community transmission
Sri Lanka	2446	85336	398.5	29	493	2.3	Clusters of cases
Maldives	1066	20663	3822.6	3	64	11.8	Clusters of cases
Nepal	590	274655	942.6	237	3010	10.3	Clusters of cases
Thailand	419	26370	37.8	2	85	0.1	Clusters of cases
Myanmar	133	142023	261.0	1	3200	5.9	Clusters of cases
Timor-Leste	7	120	9.1	0	0	0.0	Clusters of cases
Bhutan	1	868	112.5	0	1	0.1	Sporadic cases
