Reporting Country/Territory/Area	New cases in last 7 days	Cumulative cases	Cumulative cases per 100 thousand population	New deaths in last 7 days	Cumulative deaths	Cumulative deaths per 100 thousand population	Transmission classification
South-East Asia	206670	12257684	606.4	3293	187786	9.3	
India	126319	10450284	757.3	1564	150999	10.9	Clusters of cases
Indonesia	59913	818386	299.2	1392	23947	8.8	Community transmission
Bangladesh	6198	521385	316.6	157	7756	4.7	Community transmission
Myanmar	4433	130049	239.0	115	2826	5.2	Clusters of cases
Sri Lanka	3469	47840	223.4	18	229	1.1	Clusters of cases
Nepal	3083	264521	907.9	42	1912	6.6	Clusters of cases
Thailand	2919	10298	14.8	3	67	0.1	Clusters of cases
Maldives	231	14065	2602.0	1	49	9.1	Clusters of cases
Bhutan	100	810	105.0	1	1	0.1	Clusters of cases
Timor-Leste	5	49	3.7	0	0	0.0	Sporadic cases
