Reporting Country/Territory/Area	New cases in last 7 days	Cumulative cases	Cumulative cases per 100 thousand population	New deaths in last 7 days	Cumulative deaths	Cumulative deaths per 100 thousand population	Transmission classification
South-East Asia	204654	12462338	616.5	3410	191196	9.5	
India	107701	10557985	765.1	1275	152274	11.0	Clusters of cases
Indonesia	78256	896642	327.8	1820	25767	9.4	Community transmission
Bangladesh	5681	527063	320.0	127	7883	4.8	Community transmission
Sri Lanka	4473	52313	244.3	27	256	1.2	Clusters of cases
Myanmar	3820	133869	246.0	116	2942	5.4	Clusters of cases
Nepal	2535	267056	916.6	42	1954	6.7	Clusters of cases
Thailand	1756	12054	17.3	3	70	0.1	Clusters of cases
Maldives	397	14462	2675.5	0	49	9.1	Clusters of cases
Bhutan	32	842	109.1	0	1	0.1	Clusters of cases
Timor-Leste	3	52	3.9	0	0	0.0	Sporadic cases
