Reporting Country/Territory/Area	New cases in last 7 days	Cumulative cases	Cumulative cases per 100 thousand population	New deaths in last 7 days	Cumulative deaths	Cumulative deaths per 100 thousand population	Transmission classification
Europe	1641672	44191579	4734.4	23778	954829	102.3	
France	254228	4435057	6794.6	2271	93884	143.8	Community transmission
Poland	192441	2250991	5947.7	2584	51884	137.1	Community transmission
Turkey	186421	3179115	3769.4	964	30923	36.7	Community transmission
Italy	156122	3512453	5809.4	2994	107636	178.0	Clusters of cases
Germany	112885	2772401	3309.0	1206	75870	90.6	Community transmission
Ukraine	97700	1644063	3759.3	2013	31954	73.1	Community transmission
Russian Federation	62963	4519832	3097.2	2710	97740	67.0	Clusters of cases
Hungary	62265	633861	6561.5	1710	19972	206.7	Community transmission
Netherlands	50622	1244924	7265.4	189	16450	96.0	Community transmission
Czechia	45482	1515029	14147.3	1207	25874	241.6	Community transmission
Romania	39331	932179	4845.6	865	22997	119.5	Community transmission
The United Kingdom	37909	4329184	6377.1	451	126573	186.4	Community transmission
Serbia	34721	581617	8352.0	251	5151	74.0	Community transmission
Belgium	31828	870757	7513.2	185	22897	197.6	Community transmission
Sweden	30393	780018	7723.5	34	13402	132.7	Community transmission
Bulgaria	25290	327770	4717.2	684	12650	182.1	Clusters of cases
Austria	22100	530844	5894.1	178	8995	99.9	Community transmission
Spain	20139	3247738	6946.3	178	74420	159.2	Community transmission
Greece	16979	252590	2423.4	405	7826	75.1	Community transmission
Republic of Moldova	11457	225660	5594.0	254	4785	118.6	Community transmission
Bosnia and Herzegovina	11121	163875	4994.9	461	6278	191.4	Community transmission
Croatia	9583	267222	6509.2	120	5893	143.5	Community transmission
Kazakhstan	9279	292306	1556.7	110	3696	19.7	Clusters of cases
Slovakia	9041	357910	6555.6	452	9496	173.9	Clusters of cases
Azerbaijan	8880	254370	2508.8	125	3464	34.2	Clusters of cases
Switzerland	8395	589486	6811.2	31	9577	110.7	Community transmission
Belarus	8338	317631	3361.4	63	2211	23.4	Community transmission
Estonia	8229	103630	7812.1	60	847	63.9	Clusters of cases
North Macedonia	7494	126230	6058.9	194	3642	174.8	Community transmission
Armenia	6604	190317	6422.6	116	3464	116.9	Community transmission
Slovenia	6526	212039	10199.4	33	4309	207.3	Clusters of cases
Norway	6381	90934	1677.4	8	656	12.1	Community transmission
Denmark	5017	227049	3919.9	14	2413	41.7	Community transmission
Lithuania	4930	213941	7858.9	75	3551	130.4	Community transmission
Finland	4422	75545	1363.5	12	817	14.7	Community transmission
Ireland	4106	233937	4737.7	68	4653	94.2	Community transmission
Israel	4008	831084	9601.8	81	6165	71.2	Community transmission
Latvia	3567	100716	5339.6	51	1872	99.2	Community transmission
Albania	3100	123641	4296.4	71	2204	76.6	Clusters of cases
Portugal	2962	820042	8042.2	65	16827	165.0	Clusters of cases
Georgia	2821	280301	7026.6	51	3751	94.0	Community transmission
Montenegro	2454	90081	14342.6	42	1241	197.6	Clusters of cases
Cyprus	2423	44305	3669.6	8	250	20.7	Clusters of cases
Luxembourg	1545	60755	9705.6	23	738	117.9	Community transmission
Uzbekistan	1001	82340	246.0	4	626	1.9	Clusters of cases
Malta	904	28808	6524.4	16	385	87.2	Clusters of cases
Kyrgyzstan	703	88092	1350.2	5	1495	22.9	Clusters of cases
Andorra	328	11809	15283.8	2	115	148.8	Community transmission
San Marino	270	4626	13630.7	5	84	247.5	Community transmission
Monaco	81	2254	5743.6	1	28	71.3	Sporadic cases
Iceland	66	6163	1806.0	0	29	8.5	Community transmission
Liechtenstein	19	2731	7161.0	0	54	141.6	Sporadic cases
Holy See	0	26	3213.8	0	0	0.0	Sporadic cases
Tajikistan	0	13714	143.8	0	91	1.0	Pending
Kosovo	5675	87024	4677.8	78	1820	97.8	Community transmission
Isle of Man	119	1551	1824.0	0	26	30.6	No cases
Gibraltar	3	4273	12682.9	0	94	279.0	Clusters of cases
Jersey	1	3225	2964.2	0	69	63.4	Community transmission
Faroe Islands	0	661	1352.7	0	1	2.0	Sporadic cases
Greenland	0	31	54.6	0	0	0.0	No cases
Guernsey	0	821	1299.1	0	14	22.2	Community transmission
