Reporting Country/Territory/Area	New cases in last 7 days	Cumulative cases	Cumulative cases per 1 million population	New deaths in last 7 days	Cumulative deaths	Cumulative deaths per 1 million population	Transmission classification
Eastern Mediterranean	154695	4977852	6811	3057	122061	167	
Iran (Islamic Republic of)	42511	1237474	14733	864	55438	660	Community transmission
Lebanon	16936	186408	27311	97	1476	216	Community transmission
Pakistan	14880	484362	2193	442	10258	46	Clusters of cases
Tunisia	11749	141979	12013	339	4765	403	Community transmission
Morocco	11579	442141	11979	248	7452	202	Clusters of cases
United Arab Emirates	10749	211641	21399	19	674	68	Community transmission
Jordan	10312	296668	29076	148	3877	380	Community transmission
Egypt	9563	140878	1377	389	7741	76	Clusters of cases
Iraq	6254	597033	14843	62	12829	319	Community transmission
Libya	3091	100744	14662	72	1487	216	Community transmission
Bahrain	1666	93184	54763	1	352	207	Clusters of cases
Kuwait	1625	151074	35376	8	937	219	Community transmission
Qatar	1337	144240	50065	1	245	85	Community transmission
Saudi Arabia	913	362979	10426	63	6239	179	Sporadic cases
Afghanistan	861	52709	1354	63	2221	57	Clusters of cases
Syrian Arab Republic	684	11616	664	54	723	41	Community transmission
Oman	577	128867	25235	8	1499	294	Community transmission
Djibouti	36	5841	5912	0	61	62	Clusters of cases
Somalia	24	4714	297	3	130	8	Sporadic cases
Yemen	9	2105	71	4	611	20	Sporadic cases
Sudan	0	23316	532	0	1468	33	Community transmission
occupied Palestinian territory	9339	157879	30948	172	1578	309	Community transmission
