Reporting Country/Territory/Area	New cases in last 7 days	Cumulative cases	Cumulative cases per 100 thousand population	New deaths in last 7 days	Cumulative deaths	Cumulative deaths per 100 thousand population	Transmission classification
Western Pacific	127073	2597134	132.2	1691	39179	2.0	
Philippines	48197	1094834	999.1	915	18269	16.7	Community transmission
Japan	35802	633027	500.5	527	10823	8.6	Clusters of cases
Malaysia	25350	436944	1350.0	136	1657	5.1	Community transmission
Mongolia	6731	44016	1342.7	45	160	4.9	Clusters of cases
Cambodia	4717	19237	115.1	17	120	0.7	Sporadic cases
Republic of Korea	4069	127309	248.3	41	1874	3.7	Clusters of cases
Papua New Guinea	964	12226	136.6	6	121	1.4	Community transmission
Lao People's Democratic Republic	412	1233	16.9	0	0	0.0	Sporadic cases
Viet Nam	303	3245	3.3	0	35	0.0	Clusters of cases
Singapore	152	61331	1048.3	0	31	0.5	Sporadic cases
China	147	103796	7.1	0	4858	0.3	Clusters of cases
Australia	94	29906	117.3	0	910	3.6	Clusters of cases
New Zealand	25	2286	47.4	0	26	0.5	Sporadic cases
Fiji	17	136	15.2	1	3	0.3	Sporadic cases
Brunei Darussalam	3	230	52.6	0	3	0.7	Clusters of cases
Solomon Islands	0	20	2.9	0	0	0.0	No cases
Guam	56	7813	4629.2	3	139	82.4	Clusters of cases
French Polynesia	32	18790	6689.0	0	141	50.2	Sporadic cases
Northern Mariana Islands (Commonwealth of the)	1	169	293.6	0	2	3.5	Pending
Wallis and Futuna	1	454	4037.0	0	7	62.2	Sporadic cases
Marshall Islands	0	4	6.8	0	0	0.0	No cases
New Caledonia	0	124	43.4	0	0	0.0	Sporadic cases
Samoa	0	1	0.5	0	0	0.0	No cases
Vanuatu	0	3	1.0	0	0	0.0	No cases
