Reporting Country/Territory/Area	New cases in last 7 days	Cumulative cases	Cumulative cases per 100 thousand population	New deaths in last 7 days	Cumulative deaths	Cumulative deaths per 100 thousand population	Transmission classification
South-East Asia	154414	13188211	652.4	2340	202607	10.0	
India	78577	10904940	790.2	646	155642	11.3	Clusters of cases
Indonesia	63693	1210703	442.6	1543	32936	12.0	Community transmission
Sri Lanka	6276	74852	349.6	33	384	1.8	Clusters of cases
Bangladesh	2496	540266	328.1	76	8266	5.0	Community transmission
Thailand	1200	24571	35.2	1	80	0.1	Clusters of cases
Maldives	1060	17716	3277.4	2	56	10.4	Clusters of cases
Nepal	808	272614	935.6	19	2054	7.0	Clusters of cases
Myanmar	281	141585	260.2	20	3188	5.9	Clusters of cases
Timor-Leste	21	101	7.7	0	0	0.0	Sporadic cases
Bhutan	2	863	111.8	0	1	0.1	Clusters of cases
