Reporting Country/Territory/Area	New cases in last 7 days	Cumulative cases	Cumulative cases per 100 thousand population	New deaths in last 7 days	Cumulative deaths	Cumulative deaths per 100 thousand population	Transmission classification
Western Pacific	132757	2729890	139.0	1751	40930	2.1	
Japan	44961	677988	536.1	640	11463	9.1	Clusters of cases
Philippines	43339	1138173	1038.7	782	19051	17.4	Community transmission
Malaysia	29386	466330	1440.8	209	1866	5.8	Community transmission
Republic of Korea	4362	131671	256.8	26	1900	3.7	Clusters of cases
Mongolia	4085	48101	1467.3	45	205	6.3	Clusters of cases
Cambodia	2947	22184	132.7	30	150	0.9	Sporadic cases
Papua New Guinea	1702	13928	155.7	15	136	1.5	Community transmission
Viet Nam	867	4112	4.2	1	36	0.0	Clusters of cases
China	396	104191	7.1	0	4858	0.3	Clusters of cases
Lao People's Democratic Republic	337	1570	21.6	2	2	0.0	Sporadic cases
Singapore	205	61536	1051.8	0	31	0.5	Sporadic cases
Australia	61	29967	117.5	0	910	3.6	Clusters of cases
Fiji	32	168	18.7	1	4	0.4	Sporadic cases
New Zealand	4	2290	47.5	0	26	0.5	Sporadic cases
Brunei Darussalam	2	232	53.0	0	3	0.7	Sporadic cases
Solomon Islands	0	20	2.9	0	0	0.0	No cases
Guam	42	7855	4654.1	0	139	82.4	Clusters of cases
French Polynesia	25	18815	6697.9	0	141	50.2	Sporadic cases
Northern Mariana Islands (Commonwealth of the)	4	173	300.6	0	2	3.5	Pending
Marshall Islands	0	4	6.8	0	0	0.0	No cases
New Caledonia	0	124	43.4	0	0	0.0	Sporadic cases
Samoa	0	1	0.5	0	0	0.0	No cases
Vanuatu	0	3	1.0	0	0	0.0	No cases
Wallis and Futuna	0	454	4037.0	0	7	62.2	Sporadic cases
