Reporting Country/Territory/Area	New cases in last 7 days	Cumulative cases	Cumulative cases per 100 thousand population	New deaths in last 7 days	Cumulative deaths	Cumulative deaths per 100 thousand population	Transmission classification
South-East Asia	1518708	17696534	875.5	9447	237832	11.8	
India	1429304	14788109	1071.6	7875	177150	12.8	Clusters of cases
Indonesia	36895	1599763	584.9	885	43328	15.8	Community transmission
Bangladesh	36315	715252	434.3	622	10283	6.2	Community transmission
Thailand	9727	42352	60.7	4	101	0.1	Clusters of cases
Nepal	3933	283658	973.5	36	3075	10.6	Clusters of cases
Sri Lanka	1591	96439	450.4	22	617	2.9	Clusters of cases
Maldives	621	26145	4836.8	2	69	12.8	Clusters of cases
Timor-Leste	228	1236	93.7	1	2	0.2	Clusters of cases
Myanmar	52	142628	262.1	0	3206	5.9	Clusters of cases
Bhutan	42	952	123.4	0	1	0.1	Sporadic cases
