Reporting Country/Territory/Area	New cases in last 7 days	Cumulative cases	Cumulative cases per 100 thousand population	New deaths in last 7 days	Cumulative deaths	Cumulative deaths per 100 thousand population	Transmission classification
Americas	1525505	59551000	5822.5	39482	1444736	141.3	
United States of America	477778	31250635	9441.2	5146	560858	169.4	Community transmission
Brazil	459281	13832455	6507.6	20031	368749	173.5	Community transmission
Argentina	160747	2658628	5882.5	1734	59084	130.7	Community transmission
Colombia	115216	2619422	5147.9	2281	67564	132.8	Community transmission
Canada	60784	1106062	2930.6	290	23541	62.4	Community transmission
Peru	60532	1689051	5122.7	2169	56454	171.2	Community transmission
Chile	48826	1117348	5845.0	842	25055	131.1	Community transmission
Mexico	27875	2299939	1783.8	4673	211693	164.2	Community transmission
Uruguay	21623	159569	4593.6	425	1788	51.5	Community transmission
Paraguay	14664	246806	3460.3	479	5177	72.6	Community transmission
Ecuador	13280	358157	2030.0	366	17641	100.0	Community transmission
Guatemala	9667	212307	1185.0	189	7190	40.1	Community transmission
Venezuela (Bolivarian Republic of)	8148	180609	635.1	131	1870	6.6	Community transmission
Cuba	6902	92474	816.4	59	512	4.5	Community transmission
Bolivia (Plurinational State of)	6711	287360	2461.7	197	12625	108.2	Community transmission
Costa Rica	6033	228577	4487.1	53	3071	60.3	Community transmission
Honduras	5134	199682	2016.1	168	4934	49.8	Community transmission
Dominican Republic	3441	260627	2402.6	29	3414	31.5	Community transmission
Panama	2151	360249	8349.2	29	6185	143.3	Community transmission
El Salvador	1913	67404	1039.2	24	2072	31.9	Community transmission
Jamaica	1565	43684	1475.2	52	721	24.3	Community transmission
Guyana	684	11642	1480.1	15	267	33.9	Clusters of cases
Trinidad and Tobago	419	8742	624.7	5	150	10.7	Community transmission
Bahamas	279	9696	2465.6	5	194	49.3	Clusters of cases
Suriname	231	9496	1618.7	9	187	31.9	Clusters of cases
Haiti	78	12918	113.3	0	251	2.2	Community transmission
Saint Lucia	69	4398	2395.1	1	65	35.4	Community transmission
Barbados	65	3773	1312.9	0	44	15.3	Community transmission
Belize	51	12538	3153.2	0	318	80.0	Community transmission
Nicaragua	41	5407	81.6	1	180	2.7	Community transmission
Antigua and Barbuda	31	1213	1238.7	1	31	31.7	Clusters of cases
Saint Vincent and the Grenadines	29	1819	1639.6	0	10	9.0	Community transmission
Dominica	7	172	238.9	0	0	0.0	Clusters of cases
Grenada	2	159	141.3	0	1	0.9	Sporadic cases
Saint Kitts and Nevis	0	44	82.7	0	0	0.0	Sporadic cases
Puerto Rico	7371	120571	4214.5	42	2194	76.7	Community transmission
Curaçao	1042	11674	7114.3	20	80	48.8	Community transmission
Martinique	871	9758	2600.3	7	66	17.6	Community transmission
Guadeloupe	623	12927	3230.7	5	194	48.5	Community transmission
French Guiana	532	18081	6053.6	1	95	31.8	Community transmission
Aruba	323	10219	9571.4	0	92	86.2	Community transmission
Bermuda	287	2060	3308.0	3	17	27.3	Community transmission
United States Virgin Islands	57	3028	2899.7	0	26	24.9	Community transmission
Bonaire	36	1511	7224.5	0	14	66.9	Community transmission
Sint Maarten	28	2202	5135.0	0	27	63.0	Community transmission
Saint Barthélemy	26	954	9651.0	0	1	10.1	Clusters of cases
Turks and Caicos Islands	25	2369	6118.6	0	17	43.9	Clusters of cases
British Virgin Islands	9	187	618.4	0	1	3.3	Clusters of cases
Cayman Islands	9	525	798.8	0	2	3.0	Sporadic cases
Saint Martin	7	1710	4423.3	0	13	33.6	Community transmission
Falkland Islands (Malvinas)	2	62	1780.1	0	0	0.0	Sporadic cases
Anguilla	0	29	193.3	0	0	0.0	Sporadic cases
Montserrat	0	20	400.1	0	1	20.0	No cases
Saba	0	6	310.4	0	0	0.0	No cases
Saint Pierre and Miquelon	0	25	431.4	0	0	0.0	Sporadic cases
Sint Eustatius	0	20	637.1	0	0	0.0	No cases
