Reporting Country/Territory/Area	New cases in last 7 days	Cumulative cases	Cumulative cases per 100 thousand population	New deaths in last 7 days	Cumulative deaths	Cumulative deaths per 100 thousand population	Transmission classification
Eastern Mediterranean	170445	5998998	820.9	2519	139468	19.1	
Iran (Islamic Republic of)	51503	1510873	1798.8	471	58883	70.1	Community transmission
United Arab Emirates	22203	345605	3494.3	87	1001	10.1	Community transmission
Lebanon	19156	336992	4937.3	399	3961	58.0	Community transmission
Iraq	14212	641628	1595.2	53	13164	32.7	Community transmission
Jordan	10948	344803	3379.4	75	4444	43.6	Community transmission
Pakistan	8497	561625	254.3	362	12276	5.6	Community transmission
Kuwait	6867	176903	4142.4	34	998	23.4	Community transmission
Tunisia	6328	222504	1882.7	346	7508	63.5	Community transmission
Bahrain	5389	112102	6588.1	19	398	23.4	Clusters of cases
Egypt	4096	173202	169.3	331	9935	9.7	Clusters of cases
Libya	3987	126881	1846.5	78	2014	29.3	Community transmission
Morocco	3169	478135	1295.4	79	8460	22.9	Clusters of cases
Qatar	3114	156804	5442.6	5	255	8.9	Community transmission
Saudi Arabia	2449	372410	1069.7	31	6428	18.5	Sporadic cases
Oman	1581	136622	2675.4	7	1539	30.1	Community transmission
Syrian Arab Republic	412	14820	84.7	28	975	5.6	Community transmission
Somalia	238	5092	32.0	14	148	0.9	Community transmission
Sudan	180	29933	68.3	15	1849	4.2	Community transmission
Afghanistan	157	55492	142.5	17	2427	6.2	Clusters of cases
Djibouti	27	5968	604.0	0	63	6.4	Clusters of cases
Yemen	9	2140	7.2	1	617	2.1	Community transmission
occupied Palestinian territory	5923	188464	3694.3	67	2125	41.7	Community transmission
