Reporting Country/Territory/Area	New cases in last 7 days	Cumulative cases	Cumulative cases per 100 thousand population	New deaths in last 7 days	Cumulative deaths	Cumulative deaths per 100 thousand population	Transmission classification
Africa	40175	3399382	303.0	940	84844	7.6	
South Africa	16326	1611143	2716.5	459	55183	93.0	Community transmission
Botswana	3745	52162	2218.1	27	761	32.4	Community transmission
Ethiopia	3615	265832	231.2	105	3976	3.5	Community transmission
Kenya	2141	165379	307.6	118	3001	5.6	Community transmission
Angola	1877	30354	92.4	25	655	2.0	Community transmission
Cabo Verde	1840	27951	5027.3	14	246	44.2	Community transmission
Algeria	1294	125194	285.5	45	3366	7.7	Community transmission
Namibia	1220	51113	2011.6	27	710	27.9	Community transmission
Madagascar	1131	40005	144.5	38	754	2.7	Community transmission
Seychelles	1012	9184	9338.4	2	30	30.5	Community transmission
Ghana	387	93243	300.1	0	783	2.5	Community transmission
Gabon	367	23799	1069.3	0	143	6.4	Community transmission
Uganda	366	42674	93.3	1	347	0.8	Community transmission
Zambia	352	92409	502.7	3	1260	6.9	Community transmission
Rwanda	348	25934	200.2	4	342	2.6	Community transmission
Nigeria	320	165702	80.4	1	2066	1.0	Community transmission
Côte d'Ivoire	275	46619	176.7	6	297	1.1	Community transmission
Democratic Republic of the Congo	261	30546	34.1	4	776	0.9	Community transmission
Mozambique	244	70410	225.3	5	826	2.6	Community transmission
Congo	196	11343	205.6	0	148	2.7	Community transmission
Central African Republic	192	6866	142.2	2	95	2.0	Community transmission
Mauritania	170	18806	404.5	1	457	9.8	Community transmission
Senegal	163	40828	243.8	7	1124	6.7	Community transmission
Burundi	152	4329	36.4	0	6	0.1	Community transmission
Zimbabwe	140	38554	259.4	6	1582	10.6	Community transmission
Togo	103	13244	160.0	1	125	1.5	Community transmission
Eritrea	102	3844	108.4	0	12	0.3	Community transmission
Guinea	101	22734	173.1	1	151	1.1	Community transmission
Benin	100	7984	65.9	1	101	0.8	Community transmission
Mali	94	14176	70.0	12	511	2.5	Community transmission
Malawi	44	34210	178.8	0	1153	6.0	Community transmission
Eswatini	42	18519	1596.2	1	672	57.9	Community transmission
Mauritius	42	1288	101.3	0	17	1.3	Clusters of cases
Sierra Leone	35	4103	51.4	0	79	1.0	Community transmission
Chad	27	4901	29.8	2	173	1.1	Community transmission
Burkina Faso	18	13395	64.1	2	164	0.8	Community transmission
Gambia	17	5946	246.0	0	175	7.2	Community transmission
Lesotho	17	10790	503.7	1	320	14.9	Community transmission
South Sudan	15	10652	95.2	-1	115	1.0	Community transmission
Liberia	14	2128	42.1	0	85	1.7	Community transmission
Niger	11	5330	22.0	0	192	0.8	Community transmission
Sao Tome and Principe	9	2327	1061.8	0	35	16.0	Community transmission
Comoros	8	3930	451.9	0	146	16.8	Community transmission
Guinea-Bissau	7	3746	190.3	0	67	3.4	Community transmission
Cameroon	0	74733	281.5	0	1144	4.3	Community transmission
Equatorial Guinea	0	7694	548.4	0	112	8.0	Community transmission
United Republic of Tanzania	0	509	0.9	0	21	0.0	Pending
Réunion	1193	22644	2529.2	19	169	18.9	Community transmission
Mayotte	42	20176	7395.5	1	171	62.7	Community transmission
