Reporting Country/Territory/Area	New cases in last 7 days	Cumulative cases	Cumulative cases per 100 thousand population	New deaths in last 7 days	Cumulative deaths	Cumulative deaths per 100 thousand population	Transmission classification
Africa	52929	2948478	262.8	1307	74688	6.7	
Ethiopia	9025	174054	151.4	120	2540	2.2	Community transmission
South Africa	8208	1528414	2577.0	614	51261	86.4	Community transmission
Kenya	4443	112805	209.8	34	1908	3.5	Community transmission
Cameroon	3274	38988	146.9	37	588	2.2	Community transmission
Zambia	2463	84474	459.5	37	1153	6.3	Community transmission
Botswana	2440	34098	1450.0	65	424	18.0	Community transmission
Côte d'Ivoire	2369	37304	141.4	11	211	0.8	Community transmission
Nigeria	2300	160537	77.9	49	2013	1.0	Community transmission
Mozambique	2165	64296	205.7	36	722	2.3	Community transmission
Ghana	1670	87762	282.4	45	685	2.2	Community transmission
Madagascar	1201	21356	77.1	26	326	1.2	Community transmission
Algeria	1169	115273	262.9	27	3037	6.9	Community transmission
Namibia	1148	41025	1614.6	21	458	18.0	Community transmission
Gabon	1143	16660	748.5	6	96	4.3	Community transmission
Senegal	1094	36726	219.3	47	955	5.7	Community transmission
Guinea	1052	17592	134.0	9	102	0.8	Community transmission
Rwanda	800	20226	156.2	9	276	2.1	Community transmission
South Sudan	752	9429	84.2	2	104	0.9	Community transmission
Togo	528	8049	97.2	3	93	1.1	Community transmission
Democratic Republic of the Congo	469	26937	30.1	5	717	0.8	Community transmission
Benin	430	6501	53.6	6	81	0.7	Community transmission
Malawi	391	32789	171.4	15	1082	5.7	Community transmission
Cabo Verde	311	16035	2884.1	4	156	28.1	Community transmission
Mali	302	8862	43.8	2	360	1.8	Community transmission
Angola	268	21323	64.9	8	520	1.6	Community transmission
Seychelles	252	3202	3255.8	1	15	15.3	Community transmission
Equatorial Guinea	233	6562	467.7	2	98	7.0	Community transmission
Zimbabwe	211	36471	245.4	16	1501	10.1	Community transmission
Burkina Faso	197	12350	59.1	1	144	0.7	Community transmission
Gambia	180	4939	204.4	1	153	6.3	Community transmission
Congo	150	9329	169.1	0	131	2.4	Community transmission
Sao Tome and Principe	140	2078	948.2	1	32	14.6	Community transmission
Chad	127	4288	26.1	13	153	0.9	Community transmission
Guinea-Bissau	124	3436	174.6	3	52	2.6	Community transmission
Burundi	122	2441	20.5	0	3	0.0	Community transmission
Niger	117	4857	20.1	9	181	0.7	Community transmission
Mauritania	101	17410	374.4	0	442	9.5	Community transmission
Eritrea	94	3038	85.7	0	7	0.2	Community transmission
Uganda	92	40544	88.6	0	334	0.7	Community transmission
Mauritius	71	691	54.3	0	10	0.8	Clusters of cases
Eswatini	61	17234	1485.5	3	661	57.0	Community transmission
Comoros	32	3623	416.6	1	146	16.8	Community transmission
Sierra Leone	19	3937	49.4	0	79	1.0	Community transmission
Lesotho	7	10530	491.5	2	309	14.4	Community transmission
Liberia	6	2030	40.1	0	85	1.7	Community transmission
Central African Republic	0	5021	104.0	0	63	1.3	Community transmission
United Republic of Tanzania	0	509	0.9	0	21	0.0	Pending
Réunion	676	13801	1541.5	12	71	7.9	Community transmission
Mayotte	502	18642	6833.2	4	129	47.3	Community transmission
