Reporting Country/Territory/Area	New cases in last 7 days	Cumulative cases	Cumulative cases per 100 thousand population	New deaths in last 7 days	Cumulative deaths	Cumulative deaths per 100 thousand population	Transmission classification
Western Pacific	105757	1965683	100.1	543	31904	1.6	
Philippines	71606	784023	715.5	264	13423	12.2	Community transmission
Japan	16018	482867	381.8	190	9221	7.3	Clusters of cases
Malaysia	8968	349610	1080.2	35	1286	4.0	Clusters of cases
Republic of Korea	3529	105279	205.3	22	1744	3.4	Clusters of cases
Mongolia	2905	9598	292.8	5	11	0.3	Clusters of cases
Papua New Guinea	1652	6857	76.6	16	61	0.7	Community transmission
Cambodia	456	2689	16.1	9	19	0.1	Sporadic cases
China	187	102867	7.0	0	4851	0.3	Clusters of cases
Singapore	180	60468	1033.6	0	30	0.5	Sporadic cases
Australia	89	29341	115.1	0	909	3.6	Clusters of cases
Viet Nam	39	2629	2.7	0	35	0.0	Clusters of cases
New Zealand	25	2151	44.6	0	26	0.5	Clusters of cases
Brunei Darussalam	8	214	48.9	0	3	0.7	Sporadic cases
Solomon Islands	1	19	2.8	0	0	0.0	No cases
Fiji	0	67	7.5	0	2	0.2	Sporadic cases
Lao People's Democratic Republic	0	49	0.7	0	0	0.0	Sporadic cases
Wallis and Futuna	49	425	3779.1	0	4	35.6	Sporadic cases
French Polynesia	26	18633	6633.1	0	141	50.2	Sporadic cases
Guam	19	7606	4506.6	2	136	80.6	Clusters of cases
Marshall Islands	0	4	6.8	0	0	0.0	No cases
New Caledonia	0	121	42.4	0	0	0.0	Sporadic cases
Northern Mariana Islands (Commonwealth of the)	0	159	276.2	0	2	3.5	Pending
Samoa	0	4	2.0	0	0	0.0	No cases
Vanuatu	0	3	1.0	0	0	0.0	No cases
