Reporting Country/Territory/Area	New cases in last 7 days	Cumulative cases	Cumulative cases per 100 thousand population	New deaths in last 7 days	Cumulative deaths	Cumulative deaths per 100 thousand population	Transmission classification
Western Pacific	49577	1531366	77.9	1134	27019	1.4	
Malaysia	23084	261805	808.9	101	958	3.0	Clusters of cases
Philippines	11734	547255	499.4	397	11507	10.5	Community transmission
Japan	11037	414472	327.7	574	6912	5.5	Clusters of cases
Republic of Korea	2629	83525	162.9	51	1522	3.0	Clusters of cases
Mongolia	304	2293	69.9	0	2	0.1	Clusters of cases
China	243	101515	6.9	7	4838	0.3	Clusters of cases
Viet Nam	210	2195	2.3	0	35	0.0	Clusters of cases
Singapore	111	59786	1021.9	0	29	0.5	Sporadic cases
Australia	44	28892	113.3	0	909	3.6	Sporadic cases
Papua New Guinea	28	922	10.3	1	10	0.1	Community transmission
New Zealand	10	1974	40.9	0	25	0.5	Clusters of cases
Cambodia	5	479	2.9	0	0	0.0	Sporadic cases
Brunei Darussalam	3	184	42.1	0	3	0.7	Sporadic cases
Solomon Islands	1	18	2.6	0	0	0.0	No cases
Fiji	0	56	6.2	0	2	0.2	Sporadic cases
Lao People's Democratic Republic	0	45	0.6	0	0	0.0	Sporadic cases
French Polynesia	78	18263	6501.4	2	135	48.1	Sporadic cases
Guam	48	7484	4434.3	1	130	77.0	Clusters of cases
Wallis and Futuna	4	9	80.0	0	0	0.0	Sporadic cases
New Caledonia	3	52	18.2	0	0	0.0	Sporadic cases
Northern Mariana Islands (Commonwealth of the)	1	134	232.8	0	2	3.5	Pending
Marshall Islands	0	4	6.8	0	0	0.0	No cases
Samoa	0	3	1.5	0	0	0.0	No cases
Vanuatu	0	1	0.3	0	0	0.0	No cases
