Reporting Country/Territory/Area	New cases in last 7 days	Cumulative cases	Cumulative cases per 100 thousand population	New deaths in last 7 days	Cumulative deaths	Cumulative deaths per 100 thousand population	Transmission classification
Europe	1610353	30509880	3268.6	37698	666237	71.4	
The United Kingdom	339952	3357365	4945.6	7722	88590	130.5	Community transmission
Russian Federation	166255	3568209	2445.1	3729	65566	44.9	Clusters of cases
France	125257	2846971	4361.6	2536	69753	106.9	Community transmission
Germany	124991	2033518	2427.1	6076	46419	55.4	Community transmission
Italy	110867	2368733	3917.7	3406	81800	135.3	Clusters of cases
Spain	93971	2211967	4731.0	500	53079	113.5	Community transmission
Turkey	63547	1566327	1857.2	1201	23832	28.3	Community transmission
Portugal	63229	539416	5290.1	1008	8709	85.4	Clusters of cases
Israel	58248	539731	6235.7	289	3940	45.5	Community transmission
Czechia	57994	889159	8302.9	1223	14338	133.9	Community transmission
Poland	50060	1435582	3793.2	2166	33355	88.1	Community transmission
Ukraine	45656	1160682	2654.0	1035	20802	47.6	Community transmission
Netherlands	41090	906932	5292.9	661	12963	75.7	Community transmission
Ireland	29053	169680	3438.84	259	2595	52.6	Community transmission
Sweden	28362	523486	5183.4	129	10323	102.2	Community transmission
Romania	23286	691488	3594.4	572	17164	89.2	Community transmission
Slovakia	15116	223325	4090.5	556	3474	63.6	Clusters of cases
Switzerland	15020	492787	5693.9	349	7930	91.6	Community transmission
Serbia	13322	371216	5330.7	182	3730	53.6	Community transmission
Belgium	13312	678838	5857.3	328	20431	176.3	Community transmission
Belarus	13169	223537	2365.6	66	1573	16.6	Community transmission
Austria	11642	389752	4327.5	350	6964	77.3	Community transmission
Hungary	9591	351828	3642.0	693	11341	117.4	Community transmission
Slovenia	9275	148556	7145.8	180	3327	160.0	Clusters of cases
Georgia	8576	247805	6211.9	160	2933	73.5	Community transmission
Denmark	7959	188199	3249.2	205	1747	30.2	Community transmission
Lithuania	7845	167516	6153.5	245	2445	89.8	Community transmission
Kazakhstan	6578	215947	1150.1	71	2956	15.7	Clusters of cases
Latvia	6145	55097	2921.1	143	961	50.9	Community transmission
Croatia	4961	224954	5479.6	248	4616	112.4	Community transmission
Albania	4183	67216	2335.7	37	1270	44.1	Clusters of cases
Greece	4077	148370	1423.5	214	5441	52.2	Community transmission
Norway	3941	57734	1065.0	47	517	9.5	Community transmission
Estonia	3563	37079	2795.2	42	325	24.5	Clusters of cases
Republic of Moldova	3547	152640	3783.9	115	3245	80.4	Community transmission
Bulgaria	3330	211736	3047.2	377	8474	122.0	Clusters of cases
Azerbaijan	2901	226951	2238.4	108	2998	29.6	Clusters of cases
Montenegro	2819	55561	8846.4	20	745	118.6	Clusters of cases
North Macedonia	2599	88749	4259.9	82	2696	129.4	Community transmission
Armenia	2455	164586	5554.3	63	2992	101.0	Community transmission
Bosnia and Herzegovina	2414	117793	3590.4	144	4449	135.6	Community transmission
Cyprus	1800	28811	2388.3	20	167	13.8	Clusters of cases
Finland	1519	39911	720.3	32	618	11.2	Community transmission
Malta	1192	15588	3530.3	6	239	54.1	Clusters of cases
Luxembourg	881	48757	7788.9	22	552	88.2	Community transmission
Kyrgyzstan	836	83109	1273.9	15	1384	21.2	Clusters of cases
Andorra	452	9038	11697.4	6	91	117.8	Community transmission
Uzbekistan	396	77968	233.0	2	619	1.8	Clusters of cases
Monaco	141	1194	3042.5	3	8	20.4	Sporadic cases
San Marino	128	2778	8185.5	1	65	191.5	Community transmission
Iceland	76	5956	1745.4	0	29	8.5	Community transmission
Liechtenstein	62	2441	6400.6	2	40	104.9	Sporadic cases
Holy See	0	26	3213.8	0	0	0.0	Sporadic cases
Tajikistan	0	13705	143.7	0	91	1.0	Pending
Kosovo	1975	55455	2980.8	30	1395	75.0	Community transmission
Gibraltar	554	3575	10611.1	18	30	89.0	Clusters of cases
Jersey	123	3044	2797.8	5	62	57.0	Community transmission
Isle of Man	26	418	491.6	0	25	29.4	No cases
Guernsey	7	309	489.0	0	13	20.6	Community transmission
Faroe Islands	3	649	1328.1	0	1	2.0	Sporadic cases
Greenland	1	30	52.8	0	0	0.0	No cases
