Reporting Country/Territory/Area	New cases in last 7 days	Cumulative cases	Cumulative cases per 100 thousand population	New deaths in last 7 days	Cumulative deaths	Cumulative deaths per 100 thousand population	Transmission classification
Africa	68115	2729431	242.7	2588	68294	6.1	
South Africa	16363	1490063	2512.4	1641	47821	80.6	Community transmission
Zambia	7027	68454	372.4	101	940	5.1	Community transmission
Nigeria	6422	145664	70.7	100	1747	0.8	Community transmission
Ghana	5072	75118	241.7	69	518	1.7	Community transmission
Mozambique	4476	48588	155.5	63	514	1.6	Community transmission
Ethiopia	4251	145704	126.7	36	2181	1.9	Community transmission
Senegal	2152	30641	183.1	66	741	4.4	Community transmission
Malawi	2001	28894	150.9	100	937	4.9	Community transmission
Algeria	1661	110613	252.0	24	2935	6.7	Community transmission
Botswana	1423	24926	1059.9	39	202	8.6	Community transmission
Côte d'Ivoire	1317	30884	117.1	11	173	0.7	Community transmission
Gabon	1120	12577	565.1	2	73	3.3	Community transmission
Kenya	1102	102792	191.2	19	1795	3.3	Community transmission
Cameroon	1081	31394	118.3	0	474	1.8	Community transmission
South Sudan	955	5310	47.4	9	74	0.7	Community transmission
Namibia	952	35797	1408.8	15	386	15.2	Community transmission
Rwanda	930	17267	133.3	19	236	1.8	Community transmission
Democratic Republic of the Congo	755	24239	27.1	13	692	0.8	Community transmission
Zimbabwe	617	35104	236.2	82	1398	9.4	Community transmission
Lesotho	472	9852	459.9	42	225	10.5	Community transmission
Seychelles	388	1892	1923.8	2	8	8.1	Community transmission
Togo	387	5823	70.3	1	80	1.0	Community transmission
Benin	367	4560	37.6	1	56	0.5	Community transmission
Burkina Faso	361	11588	55.4	4	138	0.7	Community transmission
Congo	359	8419	152.6	1	123	2.2	Community transmission
Cabo Verde	320	14700	2643.9	4	139	25.0	Community transmission
Eswatini	307	16488	1421.2	26	630	54.3	Community transmission
Madagascar	295	19360	69.9	4	285	1.0	Community transmission
Angola	267	20329	61.9	16	491	1.5	Community transmission
Comoros	246	3332	383.2	20	128	14.7	Community transmission
Guinea	230	14895	113.4	0	84	0.6	Community transmission
Uganda	198	40019	87.5	1	328	0.7	Community transmission
Chad	149	3622	22.1	2	127	0.8	Community transmission
Sao Tome and Principe	143	1482	676.2	1	19	8.7	Community transmission
Equatorial Guinea	116	5694	405.8	1	87	6.2	Community transmission
Guinea-Bissau	113	2885	146.6	0	46	2.3	Community transmission
Eritrea	103	2429	68.5	0	7	0.2	Community transmission
Burundi	101	1824	15.3	0	3	0.0	Community transmission
Niger	92	4690	19.4	4	169	0.7	Community transmission
Mali	66	8226	40.6	4	342	1.7	Community transmission
Gambia	65	4302	178.0	1	135	5.6	Community transmission
Sierra Leone	62	3821	47.9	0	79	1.0	Community transmission
Liberia	13	1969	38.9	0	84	1.7	Community transmission
Mauritius	11	595	46.8	0	10	0.8	Clusters of cases
Central African Republic	7	4996	103.4	0	63	1.3	Community transmission
Mauritania	0	16777	360.8	0	425	9.1	Community transmission
United Republic of Tanzania	0	509	0.9	0	21	0.0	Pending
Mayotte	2780	13535	4961.2	14	78	28.6	Clusters of cases
Réunion	420	10907	1218.2	0	47	5.2	Clusters of cases
