Reporting Country/Territory/Area	New cases in last 7 days	Cumulative cases	Cumulative cases per 100 thousand population	New deaths in last 7 days	Cumulative deaths	Cumulative deaths per 100 thousand population	Transmission classification
Europe	939271	37574211	4025.5	24102	838761	89.9	
France	131179	3521249	5394.6	2481	83707	128.2	Community transmission
Russian Federation	92843	4164726	2853.8	3167	83293	57.1	Clusters of cases
Italy	84977	2795796	4624.1	2130	95486	157.9	Clusters of cases
The United Kingdom	78569	4105679	6047.9	3457	120365	177.3	Community transmission
Czechia	65150	1153159	10768.1	1071	19214	179.4	Community transmission
Germany	51998	2386559	2848.5	2881	67841	81.0	Community transmission
Turkey	51980	2631876	3120.6	606	27983	33.2	Community transmission
Poland	49812	1638767	4330.0	1364	42171	111.4	Community transmission
Ukraine	33313	1304456	2982.7	773	25103	57.4	Community transmission
Spain	29764	3121687	6676.7	680	66704	142.7	Community transmission
Netherlands	26268	1051919	6139.1	413	15200	88.7	Community transmission
Israel	22209	742752	8581.2	177	5522	63.8	Community transmission
Sweden	19212	631166	6249.6	39	12649	125.2	Community transmission
Romania	17185	777276	4040.4	470	19795	102.9	Community transmission
Slovakia	15909	292143	5351.0	693	6505	119.1	Clusters of cases
Hungary	15561	403023	4171.9	593	14299	148.0	Community transmission
Serbia	14629	434122	6234.0	107	4321	62.0	Community transmission
Belgium	14285	754473	6509.9	226	21903	189.0	Community transmission
Portugal	12260	796339	7809.8	714	15897	155.9	Clusters of cases
Austria	11187	439879	4884.1	159	8247	91.6	Community transmission
Belarus	9961	276990	2931.3	63	1903	20.1	Community transmission
Greece	7452	178918	1716.6	169	6272	60.2	Community transmission
Albania	7075	99062	3442.3	110	1653	57.4	Clusters of cases
Bulgaria	6923	236439	3402.8	231	9839	141.6	Clusters of cases
Republic of Moldova	6440	176245	4369.0	120	3760	93.2	Community transmission
Kazakhstan	5833	257100	1369.2	65	3311	17.6	Clusters of cases
Ireland	5582	214378	4341.6	204	4135	83.7	Community transmission
Slovenia	5207	184351	8867.6	26	4056	195.1	Clusters of cases
Estonia	5200	57616	4343.3	40	535	40.3	Clusters of cases
Latvia	4827	81109	4300.1	95	1538	81.5	Community transmission
Switzerland	4811	545158	6299.0	50	9148	105.7	Community transmission
Lithuania	3327	194051	7128.2	101	3171	116.5	Community transmission
Denmark	3014	207081	3575.2	49	2333	40.3	Community transmission
Georgia	2798	268355	6727.1	83	3435	86.1	Community transmission
Montenegro	2696	71995	11463.0	49	939	149.5	Clusters of cases
Finland	2646	52653	950.3	16	726	13.1	Community transmission
Bosnia and Herzegovina	2407	128049	3903.0	103	4995	152.2	Community transmission
Croatia	2288	239945	5844.8	111	5429	132.2	Community transmission
North Macedonia	2159	99031	4753.4	71	3047	146.3	Community transmission
Norway	1871	68107	1256.3	15	607	11.2	Clusters of cases
Luxembourg	1269	53968	8621.4	17	623	99.5	Community transmission
Armenia	1235	170402	5750.5	23	3164	106.8	Community transmission
Malta	1111	20762	4702.1	13	303	68.6	Clusters of cases
Azerbaijan	978	232973	2297.8	17	3195	31.5	Clusters of cases
Cyprus	763	33153	2745.9	9	229	19.0	Clusters of cases
Kyrgyzstan	410	85885	1316.4	17	1458	22.3	Clusters of cases
Uzbekistan	238	79654	238.0	0	622	1.9	Clusters of cases
Andorra	209	10672	13812.2	0	107	138.5	Community transmission
San Marino	168	3472	10230.4	0	72	212.2	Community transmission
Monaco	107	1862	4744.7	1	22	56.1	Sporadic cases
Iceland	12	6045	1771.5	0	29	8.5	Community transmission
Liechtenstein	4	2617	6862.1	0	52	136.4	Sporadic cases
Holy See	0	26	3213.8	0	0	0.0	Sporadic cases
Tajikistan	0	13714	143.8	0	91	1.0	Pending
Kosovo	1887	65939	3544.4	27	1561	83.9	Community transmission
Guernsey	28	810	1281.7	1	14	22.2	Community transmission
Gibraltar	16	4228	12549.3	4	88	261.2	Clusters of cases
Jersey	15	3213	2953.1	1	68	62.5	Community transmission
Isle of Man	13	449	528.0	0	25	29.4	No cases
Faroe Islands	1	658	1346.6	0	1	2.0	Sporadic cases
Greenland	0	30	52.8	0	0	0.0	No cases
