Reporting Country/Territory/Area	New cases in last 7 days	Cumulative cases	Cumulative cases per 100 thousand population	New deaths in last 7 days	Cumulative deaths	Cumulative deaths per 100 thousand population	Transmission classification
Americas	1173561	53937714	5273.7	31040	1299243	127.0	
Brazil	508010	11871390	5585.0	15209	290314	136.6	Community transmission
United States of America	374369	29437770	8893.5	7552	536008	161.9	Community transmission
Peru	49035	1451645	4402.7	1233	49897	151.3	Community transmission
Argentina	42888	2234913	4945.0	830	54476	120.5	Community transmission
Chile	39710	925089	4839.3	606	22180	116.0	Community transmission
Mexico	30139	2187910	1696.9	3368	197219	153.0	Community transmission
Colombia	29809	2324426	4568.2	821	61771	121.4	Community transmission
Canada	23836	927069	2456.3	213	22617	59.9	Community transmission
Paraguay	12906	190499	2670.8	226	3662	51.3	Community transmission
Ecuador	10202	310868	1762.0	220	16435	93.2	Community transmission
Uruguay	9327	78401	2257.0	71	760	21.9	Community transmission
Bolivia (Plurinational State of)	5484	263808	2260.0	138	12041	103.2	Community transmission
Cuba	5404	65962	582.4	26	392	3.5	Community transmission
Guatemala	4980	187659	1047.5	122	6685	37.3	Community transmission
Jamaica	4753	34665	1170.7	40	524	17.7	Community transmission
Venezuela (Bolivarian Republic of)	4359	149145	524.5	53	1475	5.2	Community transmission
Honduras	4189	181357	1831.0	97	4422	44.6	Community transmission
Dominican Republic	3373	248989	2295.3	56	3269	30.1	Community transmission
Panama	2994	350220	8116.8	54	6035	139.9	Community transmission
Costa Rica	2810	211903	4159.8	34	2896	56.8	Community transmission
El Salvador	445	62531	964.1	30	1975	30.4	Community transmission
Guyana	417	9486	1206.0	6	212	27.0	Clusters of cases
Saint Lucia	124	4113	2239.9	7	55	30.0	Community transmission
Barbados	121	3512	1222.1	2	39	13.6	Community transmission
Bahamas	117	8839	2247.7	1	186	47.3	Clusters of cases
Haiti	82	12714	111.5	1	251	2.2	Community transmission
Antigua and Barbuda	71	1033	1054.8	1	28	28.6	Clusters of cases
Trinidad and Tobago	52	7821	558.8	0	140	10.0	Community transmission
Suriname	43	9055	1543.6	0	176	30.0	Clusters of cases
Nicaragua	35	5251	79.3	1	176	2.7	Community transmission
Belize	30	12400	3118.5	0	316	79.5	Community transmission
Saint Vincent and the Grenadines	14	1694	1527.0	1	9	8.1	Community transmission
Grenada	3	154	136.9	0	1	0.9	Sporadic cases
Dominica	1	157	218.1	0	0	0.0	Clusters of cases
Saint Kitts and Nevis	1	44	82.7	0	0	0.0	Sporadic cases
Puerto Rico	1324	103891	3631.5	15	2092	73.1	Community transmission
Curaçao	605	5520	3363.9	1	23	14.0	Community transmission
Guadeloupe	370	11095	2772.9	1	169	42.2	Community transmission
Aruba	352	8624	8077.5	4	81	75.9	Community transmission
Bonaire	286	919	4394.0	0	6	28.7	Community transmission
Martinique	227	7264	1935.7	0	47	12.5	Community transmission
Turks and Caicos Islands	90	2290	5914.6	0	15	38.7	Clusters of cases
Saint Barthélemy	51	776	7850.3	0	1	10.1	Clusters of cases
United States Virgin Islands	47	2814	2694.8	0	25	23.9	Community transmission
Bermuda	32	767	1231.7	0	12	19.3	Sporadic cases
Saint Martin	21	1633	4224.1	0	12	31.0	Community transmission
Sint Maarten	15	2093	4880.8	0	27	63.0	Community transmission
Cayman Islands	7	475	722.8	0	2	3.0	Sporadic cases
Anguilla	1	22	146.6	0	0	0.0	Sporadic cases
British Virgin Islands	0	154	509.3	0	1	3.3	Clusters of cases
Falkland Islands (Malvinas)	0	51	1464.3	0	0	0.0	No cases
French Guiana	0	16764	5612.7	0	87	29.1	Community transmission
Montserrat	0	20	400.1	0	1	20.0	Sporadic cases
Saba	0	6	310.4	0	0	0.0	No cases
Saint Pierre and Miquelon	0	24	414.2	0	0	0.0	No cases
Sint Eustatius	0	20	637.1	0	0	0.0	No cases
