Reporting Country/Territory/Area	New cases in last 7 days	Cumulative cases	Cumulative cases per 100 thousand population	New deaths in last 7 days	Cumulative deaths	Cumulative deaths per 100 thousand population	Transmission classification
Eastern Mediterranean	158625	5828565	797.5	2761	136950	18.7	
Iran (Islamic Republic of)	47639	1459370	1737.5	523	58412	69.5	Community transmission
United Arab Emirates	22741	323402	3269.9	76	914	9.2	Community transmission
Lebanon	18923	317836	4656.6	531	3562	52.2	Community transmission
Pakistan	9914	553128	250.4	291	11914	5.4	Community transmission
Tunisia	8708	216176	1829.1	482	7162	60.6	Community transmission
Iraq	8494	627416	1559.9	70	13111	32.6	Community transmission
Jordan	8181	333855	3272.1	65	4369	42.8	Community transmission
Kuwait	5414	170036	3981.6	5	964	22.6	Community transmission
Libya	5244	122894	1788.5	94	1936	28.2	Community transmission
Morocco	4275	474966	1268.8	122	8381	22.7	Clusters of cases
Bahrain	4087	106713	6271.4	7	379	22.3	Clusters of cases
Egypt	3688	169106	165.2	341	9604	9.4	Clusters of cases
Qatar	2706	153690	5334.5	2	250	8.7	Community transmission
Saudi Arabia	2148	369961	1062.7	25	6397	18.4	Sporadic cases
Oman	1313	135041	2644.4	5	1532	30.0	Community transmission
Syrian Arab Republic	410	14408	82.3	31	947	5.4	Community transmission
Sudan	316	29765	67.9	28	1835	4.2	Community transmission
Afghanistan	312	55335	142.1	10	2410	6.2	Clusters of cases
Somalia	70	4854	30.5	4	134	0.8	Community transmission
Djibouti	10	5941	601.3	1	63	6.4	Clusters of cases
Yemen	7	2131	7.1	0	616	2.1	Community transmission
occupied Palestinian territory	4025	182541	3578.2	48	2058	40.3	Community transmission
