Reporting Country/Territory/Area	New cases in last 7 days	Cumulative cases	Cumulative cases per 100 thousand population	New deaths in last 7 days	Cumulative deaths	Cumulative deaths per 100 thousand population	Transmission classification
Africa	108391	2570474	229.1	4602	62504	5.6	
South Africa	44397	1449236	2443.5	3377	43951	74.1	Community transmission
Nigeria	9955	130557	63.3	83	1578	0.8	Community transmission
Zambia	8760	53352	290.2	118	745	4.1	Community transmission
Mozambique	6077	37705	120.6	66	363	1.2	Community transmission
Ghana	5312	65427	210.6	44	405	1.3	Community transmission
Malawi	5058	23497	122.8	217	687	3.6	Community transmission
Ethiopia	3723	137021	119.2	28	2091	1.8	Community transmission
Botswana	2663	21293	905.5	46	134	5.7	Community transmission
Rwanda	2471	15118	116.7	21	193	1.5	Community transmission
Zimbabwe	2264	33271	223.9	219	1193	8.0	Community transmission
Algeria	1753	107122	244.3	27	2888	6.6	Community transmission
Senegal	1753	26213	156.6	52	621	3.7	Community transmission
Namibia	1615	33828	1331.3	33	350	13.8	Community transmission
Côte d'Ivoire	1566	28178	106.8	7	152	0.6	Community transmission
Eswatini	1336	15666	1350.3	104	562	48.4	Community transmission
Kenya	777	100675	187.2	15	1755	3.3	Community transmission
Democratic Republic of the Congo	735	22603	25.2	11	671	0.7	Community transmission
Lesotho	622	8278	386.4	37	160	7.5	Community transmission
Burkina Faso	613	10580	50.6	11	120	0.6	Community transmission
Cabo Verde	567	13981	2514.6	9	133	23.9	Community transmission
Uganda	489	39533	86.4	7	324	0.7	Community transmission
Gabon	470	10748	482.9	1	68	3.1	Community transmission
Comoros	458	2718	312.6	20	90	10.3	Community transmission
Madagascar	442	18743	67.7	6	279	1.0	Community transmission
Angola	415	19782	60.2	7	464	1.4	Community transmission
Sierra Leone	408	3528	44.2	2	79	1.0	Community transmission
Togo	405	5041	60.9	3	77	0.9	Community transmission
Mauritania	238	16460	354.0	8	418	9.0	Community transmission
Chad	210	3347	20.4	3	118	0.7	Community transmission
Eritrea	195	2135	60.2	1	7	0.2	Sporadic cases
Niger	195	4516	18.7	8	159	0.7	Community transmission
South Sudan	188	3961	35.4	0	64	0.6	Community transmission
Guinea	175	14475	110.2	1	82	0.6	Community transmission
Burundi	160	1632	13.7	0	2	0.0	Community transmission
Seychelles	153	1186	1205.9	0	3	3.1	Clusters of cases
Benin	143	3786	31.2	0	48	0.4	Community transmission
Gambia	132	4090	169.2	0	128	5.3	Community transmission
Equatorial Guinea	115	5516	393.2	0	86	6.1	Community transmission
Mali	104	8069	39.8	7	330	1.6	Community transmission
Congo	93	7887	142.9	0	117	2.1	Community transmission
Guinea-Bissau	92	2623	133.3	0	45	2.3	Community transmission
Sao Tome and Principe	74	1256	573.1	0	17	7.8	Community transmission
Liberia	25	1939	38.3	0	84	1.7	Community transmission
Mauritius	12	568	44.7	0	10	0.8	Sporadic cases
Central African Republic	1	4981	103.1	0	63	1.3	Community transmission
Cameroon	0	29617	111.6	0	462	1.7	Community transmission
United Republic of Tanzania	0	509	0.9	0	21	0.0	Pending
Mayotte	687	8231	3017.1	2	61	22.4	Clusters of cases
Réunion	295	9996	1116.5	1	46	5.1	Clusters of cases
