Reporting Country/Territory/Area	New cases in last 7 days	Cumulative cases	Cumulative cases per 100 thousand population	New deaths in last 7 days	Cumulative deaths	Cumulative deaths per 100 thousand population	Transmission classification
Africa	54297	3225261	287.5	1170	80715	7.2	
Ethiopia	12981	240236	209.0	182	3328	2.9	Community transmission
South Africa	8153	1565680	2639.9	455	53711	90.6	Community transmission
Kenya	6103	151287	281.4	133	2463	4.6	Community transmission
Cameroon	4394	61731	232.5	68	919	3.5	Community transmission
Madagascar	4069	31617	114.2	45	538	1.9	Community transmission
Botswana	1401	44075	1874.2	35	671	28.5	Community transmission
Cabo Verde	1346	19975	3592.7	12	189	34.0	Community transmission
Mali	1275	12980	64.1	24	429	2.1	Community transmission
Gabon	1222	21858	982.1	6	133	6.0	Community transmission
Namibia	1192	46515	1830.6	38	602	23.7	Community transmission
Algeria	1108	119486	272.5	26	3152	7.2	Community transmission
Eswatini	1042	18415	1587.3	2	671	57.8	Community transmission
Angola	969	24300	73.9	11	561	1.7	Community transmission
Zambia	926	90844	494.1	8	1234	6.7	Community transmission
Guinea	653	21460	163.4	5	138	1.1	Community transmission
Mozambique	556	69134	221.2	9	798	2.6	Community transmission
Togo	549	12496	150.9	3	119	1.4	Community transmission
Rwanda	523	23866	184.3	8	322	2.5	Community transmission
Burundi	458	3612	30.4	0	6	0.1	Community transmission
Nigeria	411	164147	79.6	1	2061	1.0	Community transmission
Ghana	403	91663	295.0	17	771	2.5	Community transmission
Zimbabwe	396	37669	253.4	14	1552	10.4	Community transmission
Côte d'Ivoire	374	45519	172.6	13	274	1.0	Community transmission
Senegal	367	39731	237.3	13	1090	6.5	Community transmission
Democratic Republic of the Congo	352	28894	32.3	0	745	0.8	Community transmission
Seychelles	344	4834	4915.2	1	25	25.4	Community transmission
Central African Republic	322	5787	119.8	1	75	1.6	Community transmission
Uganda	227	41340	90.4	1	338	0.7	Community transmission
Burkina Faso	158	13114	62.7	2	154	0.7	Community transmission
Gambia	131	5733	237.2	2	170	7.0	Community transmission
Malawi	129	33934	177.4	11	1138	5.9	Community transmission
Mauritania	116	18121	389.7	2	452	9.7	Community transmission
Benin	96	7611	62.8	3	96	0.8	Community transmission
South Sudan	92	10432	93.2	0	114	1.0	Community transmission
Mauritius	91	1203	94.6	3	15	1.2	Clusters of cases
Chad	75	4691	28.6	1	168	1.0	Community transmission
Eritrea	44	3491	98.4	0	10	0.3	Community transmission
Niger	42	5114	21.1	2	190	0.8	Community transmission
Equatorial Guinea	40	7259	517.4	0	106	7.6	Community transmission
Guinea-Bissau	32	3710	188.5	0	66	3.4	Community transmission
Sierra Leone	27	4020	50.4	0	79	1.0	Community transmission
Comoros	26	3815	438.7	0	146	16.8	Community transmission
Sao Tome and Principe	12	2275	1038.1	0	35	16.0	Community transmission
Liberia	5	2071	40.9	0	85	1.7	Community transmission
Lesotho	2	10709	499.9	0	315	14.7	Community transmission
Congo	0	10084	182.7	0	137	2.5	Community transmission
United Republic of Tanzania	0	509	0.9	0	21	0.0	Pending
Réunion	917	18425	2057.9	12	135	15.1	Community transmission
Mayotte	146	19789	7253.6	1	168	61.6	Community transmission
