Reporting Country/Territory/Area	New cases in last 7 days	Cumulative cases	Cumulative cases per 100 thousand population	New deaths in last 7 days	Cumulative deaths	Cumulative deaths per 100 thousand population	Transmission classification
Western Pacific	81467	1347893	68.6	1063	23307	1.2	
Japan	38365	360661	285.2	573	5019	4.0	Clusters of cases
Malaysia	25360	180455	557.5	73	667	2.1	Clusters of cases
Philippines	12988	511679	466.9	306	10190	9.3	Community transmission
Republic of Korea	2748	75084	146.5	100	1349	2.6	Clusters of cases
China	1306	99931	6.8	6	4810	0.3	Clusters of cases
Singapore	177	59260	1012.9	0	29	0.5	Sporadic cases
Mongolia	99	1611	49.1	1	2	0.1	Clusters of cases
Australia	72	28761	112.8	0	909	3.6	Clusters of cases
New Zealand	26	1926	39.9	0	25	0.5	Clusters of cases
Cambodia	19	458	2.7	0	0	0.0	Sporadic cases
Papua New Guinea	15	849	9.5	0	9	0.1	Community transmission
Viet Nam	11	1548	1.6	0	35	0.0	Clusters of cases
Lao People's Democratic Republic	2	43	0.6	0	0	0.0	Sporadic cases
Brunei Darussalam	1	175	40.0	0	3	0.7	Sporadic cases
Fiji	0	55	6.1	0	2	0.2	Sporadic cases
Solomon Islands	0	17	2.5	0	0	0.0	No cases
French Polynesia	217	17852	6355.1	2	128	45.6	Sporadic cases
Guam	57	7340	4349.0	2	128	75.8	Clusters of cases
Northern Mariana Islands (Commonwealth of the)	4	132	229.3	0	2	3.5	Pending
Marshall Islands	0	4	6.8	0	0	0.0	No cases
Micronesia (Federated States of)	0	1	0.9	0	0	0.0	No cases
New Caledonia	0	44	15.4	0	0	0.0	Sporadic cases
Samoa	0	2	1.0	0	0	0.0	No cases
Vanuatu	0	1	0.3	0	0	0.0	No cases
Wallis and Futuna	0	4	35.6	0	0	0.0	Sporadic cases
