WHO Region	New cases in last 7 days (%)	Change in new cases in last 7 days	Cumulative cases (%)	New deaths in last 7 days (%)	Change in new deaths in last 7 days	Cumulative deaths (%)
Americas	1344618 (33%)	3%	56589190 (43%)	37185 (52%)	15%	1368633 (48%)
Europe	1638947 (41%)	-2%	45877941 (35%)	24534 (34%)	2%	980586 (34%)
South-East Asia	592349 (15%)	36%	15212235 (12%)	4317 (6%)	46%	222054 (8%)
Eastern Mediterranean	297763 (7%)	10%	7693094 (6%)	3699 (5%)	7%	160612 (6%)
Africa	58858 (1%)	-6%	3120296 (2%)	1077 (2%)	-20%	78523 (3%)
Western Pacific	105757 (3%)	25%	1965683 (2%)	543 (1%)	5%	31904 (1%)
Global	4038292 (100%)	5%	130459184 (100%)	71355 (100%)	11%	2842325 (100%)
