Reporting Country/Territory/Area	New cases in last 7 days	Cumulative cases	Cumulative cases per 100 thousand population	New deaths in last 7 days	Cumulative deaths	Cumulative deaths per 100 thousand population	Transmission classification
Americas	1105355	51531438	5038.4	32535	1237781	121.0	
United States of America	427233	28602211	8641.1	12315	519075	156.8	Community transmission
Brazil	413597	10869227	5113.5	9935	262770	123.6	Community transmission
Argentina	42517	2146714	4749.8	924	52870	117.0	Community transmission
Mexico	42423	2119305	1643.7	5104	189578	147.0	Community transmission
Peru	41931	1358294	4119.6	1397	47491	144.0	Community transmission
Chile	29065	850483	4449.0	532	21008	109.9	Community transmission
Colombia	24790	2269582	4460.4	782	60300	118.5	Community transmission
Canada	20289	881761	2336.3	277	22192	58.8	Community transmission
Ecuador	10344	292943	1660.4	307	16020	90.8	Community transmission
Paraguay	8208	165811	2324.7	126	3278	46.0	Community transmission
Cuba	5674	54835	484.1	26	344	3.0	Community transmission
Bolivia (Plurinational State of)	5406	253297	2169.9	180	11789	101.0	Community transmission
Uruguay	5387	61929	1782.8	36	637	18.3	Community transmission
Honduras	4109	173020	1746.9	130	4247	42.9	Community transmission
Guatemala	4002	178337	995.4	93	6467	36.1	Community transmission
Panama	3962	343743	7966.7	87	5907	136.9	Community transmission
Dominican Republic	3651	242660	2236.9	69	3162	29.1	Community transmission
Venezuela (Bolivarian Republic of)	3061	141356	497.1	33	1371	4.8	Community transmission
Jamaica	2486	25303	854.5	29	446	15.1	Community transmission
Costa Rica	2299	206640	4056.4	33	2833	55.6	Community transmission
El Salvador	934	60800	937.4	47	1894	29.2	Community transmission
Saint Lucia	487	3843	2092.8	8	43	23.4	Community transmission
Barbados	223	3217	1119.4	4	37	12.9	Community transmission
Guyana	216	8729	1109.8	5	200	25.4	Clusters of cases
Haiti	106	12536	109.9	1	251	2.2	Community transmission
Saint Vincent and the Grenadines	102	1658	1494.5	0	8	7.2	Community transmission
Antigua and Barbuda	87	813	830.2	7	21	21.4	Clusters of cases
Bahamas	58	8600	2186.9	1	181	46.0	Clusters of cases
Suriname	53	8966	1528.4	5	175	29.8	Clusters of cases
Belize	42	12335	3102.1	1	315	79.2	Community transmission
Nicaragua	34	5176	78.1	1	174	2.6	Community transmission
Trinidad and Tobago	25	7729	552.3	0	139	9.9	Community transmission
Grenada	3	151	134.2	0	1	0.9	Sporadic cases
Dominica	2	144	200.0	0	0	0.0	Clusters of cases
Saint Kitts and Nevis	0	41	77.1	0	0	0.0	Sporadic cases
Puerto Rico	1283	101327	3541.8	27	2059	72.0	Community transmission
Guadeloupe	490	10458	2613.7	4	168	42.0	Community transmission
Aruba	205	8009	7501.5	4	75	70.2	Community transmission
Martinique	140	6886	1835.0	2	47	12.5	Community transmission
Turks and Caicos Islands	73	2172	5609.8	0	14	36.2	Clusters of cases
United States Virgin Islands	68	2714	2599.0	0	25	23.9	Community transmission
French Guiana	66	16693	5588.9	2	87	29.1	Community transmission
Saint Barthélemy	59	671	6788.1	0	0	0.0	Clusters of cases
Bonaire	49	455	2175.5	1	5	23.9	Community transmission
Curaçao	43	4751	2895.3	0	22	13.4	Community transmission
Saint Martin	27	1581	4089.6	0	12	31.0	Community transmission
Bermuda	17	722	1159.4	0	12	19.3	Sporadic cases
Sint Maarten	15	2066	4817.9	0	27	63.0	Community transmission
Cayman Islands	13	451	686.2	0	2	3.0	Sporadic cases
British Virgin Islands	1	154	509.3	0	1	3.3	Clusters of cases
Anguilla	0	18	120.0	0	0	0.0	Sporadic cases
Falkland Islands (Malvinas)	0	51	1464.3	0	0	0.0	No cases
Montserrat	0	20	400.1	0	1	20.0	Sporadic cases
Saba	0	6	310.4	0	0	0.0	No cases
Saint Pierre and Miquelon	0	24	414.2	0	0	0.0	No cases
Sint Eustatius	0	20	637.1	0	0	0.0	No cases
