Reporting Country/Territory/Area	New cases in last 7 days	Cumulative cases	Cumulative cases per 100 thousand population	New deaths in last 7 days	Cumulative deaths	Cumulative deaths per 100 thousand population	Transmission classification
Eastern Mediterranean	280853	9428375	1290.1	5605	189052	25.9	
Iran (Islamic Republic of)	124513	2640670	3143.9	2434	74524	88.7	Community transmission
Iraq	38192	1108558	2756.1	243	15741	39.1	Community transmission
Pakistan	28721	854240	386.7	840	18797	8.5	Community transmission
United Arab Emirates	12497	534445	5403.7	19	1610	16.3	Clusters of cases
Bahrain	9908	187905	11043.0	30	678	39.8	Community transmission
Kuwait	8806	284076	6651.9	66	1635	38.3	Community transmission
Tunisia	8778	319512	2703.5	542	11350	96.0	Community transmission
Egypt	7688	236272	230.9	443	13845	13.5	Clusters of cases
Jordan	7156	719233	7049.1	205	9076	89.0	Community transmission
Saudi Arabia	7031	425442	1222.0	91	7059	20.3	Community transmission
Oman	6091	199344	3903.6	73	2083	40.8	Community transmission
Lebanon	4761	532269	7798.3	158	7460	109.3	Community transmission
Qatar	4301	210603	7309.9	37	502	17.4	Community transmission
Libya	2189	179697	2615.2	34	3063	44.6	Community transmission
Morocco	2066	513628	1391.5	38	9064	24.6	Community transmission
Afghanistan	1720	61842	158.9	49	2686	6.9	Community transmission
Sudan	772	34826	79.4	80	2445	5.6	Clusters of cases
Syrian Arab Republic	501	23319	133.2	50	1648	9.4	Community transmission
Somalia	500	14415	90.7	34	747	4.7	Community transmission
Djibouti	214	11335	1147.3	4	149	15.1	Community transmission
Yemen	137	6466	21.7	41	1271	4.3	Community transmission
occupied Palestinian territory	4311	330278	6474.2	94	3619	70.9	Community transmission
