Reporting Country/Territory/Area	New cases in last 7 days	Cumulative cases	Cumulative cases per 100 thousand population	New deaths in last 7 days	Cumulative deaths	Cumulative deaths per 100 thousand population	Transmission classification
Europe	1255352	34276814	3682.2	36674	745590	79.9	
The United Kingdom	178629	3796092	5591.9	8242	105571	155.5	Community transmission
France	141092	3126351	4789.6	2982	75466	115.6	Community transmission
Russian Federation	131039	3850439	2638.5	3720	73182	50.1	Clusters of cases
Spain	109866	2705001	5785.5	1153	57806	123.6	Community transmission
Italy	86598	2541783	4203.9	3117	88279	146.0	Clusters of cases
Portugal	86549	711018	6973.0	1985	12179	119.4	Clusters of cases
Germany	81427	2216363	2645.3	5075	56945	68.0	Community transmission
Czechia	47157	984774	9195.8	939	16308	152.3	Community transmission
Turkey	46573	2470901	2929.7	932	25865	30.7	Community transmission
Israel	45194	637242	7362.2	406	4722	54.6	Community transmission
Poland	37940	1513385	3998.7	1817	37180	98.2	Community transmission
Netherlands	31069	974761	5688.8	455	13958	81.5	Community transmission
Ukraine	27643	1219455	2788.4	846	22707	51.9	Community transmission
Romania	17724	726918	3778.6	542	18264	94.9	Community transmission
Sweden	16073	566957	5613.8	76	11591	114.8	Community transmission
Belgium	15503	710153	6127.5	283	21092	182.0	Community transmission
Slovakia	13437	249913	4577.5	574	4642	85.0	Clusters of cases
Serbia	11612	393897	5656.4	132	4000	57.4	Community transmission
Belarus	10711	246570	2609.4	69	1708	18.1	Community transmission
Kazakhstan	9953	235844	1256.0	91	3126	16.6	Clusters of cases
Austria	9705	409892	4551.1	318	7636	84.8	Community transmission
Ireland	9119	195303	3955.3	345	3292	66.7	Community transmission
Slovenia	8593	166473	8007.6	124	3752	180.5	Clusters of cases
Switzerland	8120	518759	5994.0	138	8601	99.4	Community transmission
Hungary	8012	367586	3805.1	556	12524	129.6	Community transmission
Lithuania	5915	182539	6705.3	154	2803	103.0	Community transmission
Albania	5810	77251	2684.4	59	1369	47.6	Clusters of cases
Latvia	5212	65708	3483.6	83	1180	62.6	Community transmission
Greece	4827	156473	1501.2	157	5779	55.4	Community transmission
Georgia	4593	258111	6470.3	123	3178	79.7	Community transmission
Denmark	4178	198095	3420.0	137	2106	36.4	Community transmission
Bulgaria	3922	218618	3146.3	217	9028	129.9	Clusters of cases
Republic of Moldova	3576	159513	3954.3	87	3434	85.1	Community transmission
Croatia	3506	232426	5661.7	200	5027	122.5	Community transmission
Estonia	3492	44208	3332.6	43	419	31.6	Clusters of cases
Montenegro	3034	61719	9826.8	37	805	128.2	Clusters of cases
Finland	2068	44402	801.4	23	671	12.1	Community transmission
Bosnia and Herzegovina	2051	121891	3715.3	127	4696	143.1	Community transmission
North Macedonia	2047	92518	4440.8	69	2848	136.7	Community transmission
Norway	2010	62575	1154.3	19	563	10.4	Community transmission
Azerbaijan	1378	230066	2269.1	54	3126	30.8	Clusters of cases
Malta	1245	17903	4054.6	16	267	60.5	Clusters of cases
Armenia	990	167026	5636.6	41	3080	103.9	Community transmission
Luxembourg	966	50547	8074.9	15	579	92.5	Community transmission
Cyprus	883	30770	2548.5	14	197	16.3	Clusters of cases
Kyrgyzstan	629	84529	1295.6	12	1412	21.6	Clusters of cases
Andorra	386	9885	12793.6	5	101	130.7	Community transmission
Uzbekistan	336	78711	235.2	0	621	1.9	Clusters of cases
San Marino	151	3025	8913.3	2	67	197.4	Community transmission
Monaco	130	1475	3758.5	4	12	30.6	Sporadic cases
Liechtenstein	50	2561	6715.3	0	46	120.6	Sporadic cases
Iceland	21	6002	1758.9	0	29	8.5	Community transmission
Holy See	0	26	3213.8	0	0	0.0	Sporadic cases
Tajikistan	0	13714	143.8	0	91	1.0	Pending
Kosovo	2235	59891	3219.3	42	1482	79.7	Community transmission
Gibraltar	191	4096	12157.5	14	73	216.7	Clusters of cases
Guernsey	139	449	710.5	0	13	20.6	Community transmission
Jersey	39	3143	2888.8	3	66	60.7	Community transmission
Faroe Islands	2	654	1338.4	0	1	2.0	Sporadic cases
Isle of Man	2	434	510.4	0	25	29.4	No cases
Greenland	0	30	52.8	0	0	0.0	No cases
