Reporting Country/Territory/Area	New cases in last 7 days	Cumulative cases	Cumulative cases per 100 thousand population	New deaths in last 7 days	Cumulative deaths	Cumulative deaths per 100 thousand population	Transmission classification
Europe	684903	53565774	5740.8	16255	1121477	120.2	
Kosovo	498	106800		20	2213		Community transmission
France	93546	5769839	8871.3	1234	106778	164.2	Community transmission
Turkey	90721	5106862	6055.2	1791	44537	52.8	Community transmission
Germany	73105	3593434	4320.8	1321	86096	103.5	Community transmission
Russian Federation	59983	4940245	3385.2	2545	115871	79.4	Clusters of cases
Italy	50453	4153374	6963.9	1369	124063	208.0	Clusters of cases
Netherlands	40506	1593670	9155.0	118	17436	100.2	Community transmission
Ukraine	34354	2153864	4924.9	1682	48075	109.9	Community transmission
Sweden	24139	1037126	10042.3	20	14275	138.2	Community transmission
Poland	21027	2854079	7519.0	1652	71664	188.8	Community transmission
Spain	19524	3598452	7602.5	154	79281	167.5	Community transmission
Kazakhstan	16050	414345	2206.7	173	4933	26.3	Clusters of cases
The United Kingdom	15761	4448855	6553.4	72	127675	188.1	Community transmission
Greece	15254	375831	3506.4	387	11365	106.0	Community transmission
Belgium	13972	1031922	8955.8	158	24707	214.4	Community transmission
Georgia	8456	330375	8281.8	161	4442	111.4	Community transmission
Czechia	7779	1652840	15455.9	234	29901	279.6	Community transmission
Lithuania	7709	265536	9503.5	69	4103	146.8	Community transmission
Denmark	7357	265539	4560.4	5	2502	43.0	Community transmission
Belarus	7040	374714	3965.5	69	2691	28.5	Community transmission
Hungary	6438	798147	8169.8	573	29175	298.6	Community transmission
Austria	6331	632398	7104.7	97	10207	114.7	Community transmission
Serbia	6316	705890	10190.8	125	6664	96.2	Community transmission
Romania	6080	1071334	5542.7	582	29485	152.5	Community transmission
Croatia	5896	350390	8634.2	239	7708	189.9	Community transmission
Switzerland	5668	676437	7815.9	14	10122	117.0	Community transmission
Latvia	4266	127597	6688.6	49	2257	118.3	Community transmission
Bulgaria	4080	414041	5956.2	348	17250	248.1	Clusters of cases
Azerbaijan	3315	329371	3248.5	102	4768	47.0	Clusters of cases
Slovenia	3221	249018	11881.4	26	4649	221.8	Clusters of cases
Norway	2865	118275	2203.5	7	774	14.4	Clusters of cases
Portugal	2590	841848	8176.5	15	17006	165.2	Clusters of cases
Ireland	2567	254870	5133.9	20	4941	99.5	Community transmission
Uzbekistan	2273	96670	288.8	6	668	2.0	Clusters of cases
Kyrgyzstan	2073	100473	1540.0	48	1703	26.1	Clusters of cases
Slovakia	2048	387523	7100.3	205	12224	224.0	Clusters of cases
Estonia	1927	127053	9560.2	21	1222	92.0	Clusters of cases
Cyprus	1736	70899	7984.1	12	346	39.0	Clusters of cases
Armenia	1590	220860	7453.3	89	4323	145.9	Community transmission
Bosnia and Herzegovina	1324	202313	6166.5	196	9007	274.5	Community transmission
Finland	1317	89878	1626.7	9	931	16.8	Community transmission
Republic of Moldova	1132	253736	6290.0	73	6016	149.1	Community transmission
North Macedonia	745	154636	7422.4	118	5197	249.5	Clusters of cases
Luxembourg	631	68922	11008.0	4	806	128.7	Community transmission
Montenegro	485	98844	15737.9	20	1560	248.4	Clusters of cases
Albania	312	131978	4586.1	18	2429	84.4	Clusters of cases
Israel	231	839118	9694.6	5	6381	73.7	Community transmission
Andorra	104	13510	17485.3	0	127	164.4	Community transmission
Malta	40	30478	5923.1	0	417	81.0	Clusters of cases
Iceland	31	6537	1795.2	0	29	8.0	Community transmission
Monaco	14	2493	6352.6	0	32	81.5	Sporadic cases
Liechtenstein	11	3073	7930.9	0	57	147.1	Sporadic cases
San Marino	8	5087	14989.1	0	90	265.2	Community transmission
Holy See	0	26	3213.8	0	0	0.0	Sporadic cases
Tajikistan	0	13714	143.8	0	91	1.0	Pending
Faroe Islands	2	670	1371.1	0	1	2.0	Sporadic cases
Jersey	2	3236	3002.0	0	69	64.0	Community transmission
Gibraltar	0	4286	12721.5	0	94	279.0	Clusters of cases
Greenland	0	31	54.6	0	0	0.0	No cases
Guernsey	0	822	1275.1	0	14	21.7	Community transmission
Isle of Man	0	1590	1869.9	0	29	34.1	No cases
