Reporting Country/Territory/Area	New cases in last 7 days	Cumulative cases	Cumulative cases per 100 thousand population	New deaths in last 7 days	Cumulative deaths	Cumulative deaths per 100 thousand population	Transmission classification
Americas	1330513	62281517	6089.5	36715	1517981	148.4	
Brazil	421933	14659011	6896.4	17365	403781	190.0	Community transmission
United States of America	345692	32002328	9668.3	4728	570537	172.4	Community transmission
Argentina	152711	2977363	6587.7	2689	63865	141.3	Community transmission
Colombia	119180	2859724	5620.2	3274	73720	144.9	Community transmission
Canada	54844	1219425	3230.9	336	24219	64.2	Community transmission
Peru	53790	1799445	5457.5	2465	61477	186.5	Community transmission
Chile	41944	1204755	6302.3	715	26457	138.4	Community transmission
Mexico	21325	2344755	1818.6	2403	216907	168.2	Community transmission
Uruguay	18891	198428	5712.2	389	2616	75.3	Community transmission
Paraguay	15943	279077	3912.7	670	6385	89.5	Community transmission
Costa Rica	14061	250991	4927.1	95	3231	63.4	Community transmission
Ecuador	11835	384589	2179.8	566	18724	106.1	Community transmission
Bolivia (Plurinational State of)	9702	305594	2618.0	192	12975	111.2	Community transmission
Venezuela (Bolivarian Republic of)	8302	197683	695.2	127	2136	7.5	Community transmission
Cuba	7304	107622	950.2	73	654	5.8	Community transmission
Guatemala	7170	228477	1275.3	148	7543	42.1	Community transmission
Honduras	6637	212333	2143.8	186	5281	53.3	Community transmission
Dominican Republic	2917	266861	2460.0	36	3487	32.1	Community transmission
Panama	2218	364576	8449.5	32	6232	144.4	Community transmission
Trinidad and Tobago	1337	10824	773.4	12	169	12.1	Community transmission
Jamaica	910	45777	1545.9	23	779	26.3	Community transmission
El Salvador	880	69198	1066.8	30	2128	32.8	Community transmission
Guyana	835	13283	1688.8	19	296	37.6	Community transmission
Suriname	431	10363	1766.5	11	204	34.8	Clusters of cases
Bahamas	403	10453	2658.1	3	199	50.6	Clusters of cases
Haiti	136	13094	114.8	3	254	2.2	Community transmission
Saint Lucia	89	4552	2478.9	4	74	40.3	Community transmission
Belize	69	12668	3185.9	2	323	81.2	Community transmission
Nicaragua	48	5498	83.0	1	182	2.7	Community transmission
Barbados	43	3863	1344.2	0	44	15.3	Community transmission
Saint Vincent and the Grenadines	34	1864	1680.2	1	11	9.9	Community transmission
Antigua and Barbuda	10	1232	1258.1	1	32	32.7	Clusters of cases
Grenada	2	161	143.1	0	1	0.9	Sporadic cases
Dominica	1	174	241.7	0	0	0.0	Clusters of cases
Saint Kitts and Nevis	1	45	84.6	0	0	0.0	No cases
Puerto Rico	4506	131956	4612.5	47	2310	80.7	Community transmission
Guadeloupe	1707	14634	3657.4	34	228	57.0	Community transmission
Martinique	1381	11139	2968.3	13	79	21.1	Community transmission
French Guiana	717	19543	6543.1	3	101	33.8	Community transmission
Curaçao	159	12181	7423.2	9	108	65.8	Community transmission
Aruba	139	10608	9935.7	3	98	91.8	Community transmission
Bermuda	78	2393	3842.8	5	28	45.0	Community transmission
United States Virgin Islands	45	3125	2992.6	0	27	25.9	Community transmission
Saint Martin	39	1749	4524.2	1	14	36.2	Community transmission
Anguilla	35	93	619.9	0	0	0.0	Clusters of cases
Saint Barthélemy	34	988	9994.9	0	1	10.1	Clusters of cases
Sint Maarten	18	2230	5200.3	0	27	63.0	Community transmission
Turks and Caicos Islands	14	2390	6172.8	0	17	43.9	Clusters of cases
Cayman Islands	9	543	826.2	0	2	3.0	Sporadic cases
Bonaire	4	1531	7320.1	1	16	76.5	Community transmission
British Virgin Islands	0	194	641.6	0	1	3.3	Clusters of cases
Falkland Islands (Malvinas)	0	63	1808.8	0	0	0.0	Sporadic cases
Montserrat	0	20	400.1	0	1	20.0	No cases
Saba	0	6	310.4	0	0	0.0	No cases
Saint Pierre and Miquelon	0	25	431.4	0	0	0.0	Sporadic cases
Sint Eustatius	0	20	637.1	0	0	0.0	No cases
