Reporting Country/Territory/Area	New cases in last 7 days	Cumulative cases	Cumulative cases per 100 thousand population	New deaths in last 7 days	Cumulative deaths	Cumulative deaths per 100 thousand population	Transmission classification
Africa	42090	3316851	295.6	1000	82870	7.4	
South Africa	8472	1582842	2668.8	281	54406	91.7	Community transmission
Ethiopia	7107	258062	224.5	178	3709	3.2	Community transmission
Cameroon	4609	70607	266.0	73	1064	4.0	Community transmission
Kenya	3735	160053	297.7	141	2744	5.1	Community transmission
Cabo Verde	2343	24127	4339.5	19	220	39.6	Community transmission
Madagascar	2034	37296	134.7	61	654	2.4	Community transmission
Algeria	1575	122311	278.9	63	3261	7.4	Community transmission
Angola	1323	26815	81.6	23	600	1.8	Community transmission
Botswana	1079	46934	1995.8	21	712	30.3	Community transmission
Namibia	983	48654	1914.8	19	643	25.3	Community transmission
Rwanda	690	25225	194.8	7	335	2.6	Community transmission
Ghana	673	92601	298.0	2	779	2.5	Community transmission
Gabon	642	23075	1036.7	1	139	6.2	Community transmission
Nigeria	469	165153	80.1	2	2063	1.0	Community transmission
Guinea	444	22247	169.4	5	144	1.1	Community transmission
Seychelles	432	5602	5696.2	1	27	27.5	Community transmission
Democratic Republic of the Congo	406	29904	33.4	12	768	0.9	Community transmission
Zambia	353	91670	498.6	6	1251	6.8	Community transmission
Mali	336	13896	68.6	23	485	2.4	Community transmission
Uganda	332	41907	91.6	2	343	0.7	Community transmission
Mozambique	322	69965	223.8	7	814	2.6	Community transmission
Senegal	306	40388	241.2	10	1109	6.6	Community transmission
Côte d'Ivoire	294	46114	174.8	5	286	1.1	Community transmission
Mauritania	210	18402	395.8	1	455	9.8	Community transmission
Togo	205	12992	156.9	2	123	1.5	Community transmission
Zimbabwe	196	38260	257.4	12	1568	10.5	Community transmission
Central African Republic	187	6411	132.7	3	88	1.8	Community transmission
Burundi	185	4038	34.0	0	6	0.1	Community transmission
Equatorial Guinea	135	7694	548.4	5	112	8.0	Community transmission
Benin	101	7821	64.5	2	99	0.8	Community transmission
Burkina Faso	88	13319	63.7	1	157	0.8	Community transmission
Malawi	84	34095	178.2	1	1148	6.0	Community transmission
Comoros	79	3908	449.4	0	146	16.8	Community transmission
Gambia	78	5898	244.1	1	174	7.2	Community transmission
Chad	72	4824	29.4	1	170	1.0	Community transmission
Niger	70	5228	21.6	0	191	0.8	Community transmission
South Sudan	68	10583	94.5	1	115	1.0	Community transmission
Eritrea	66	3671	103.5	0	10	0.3	Community transmission
Eswatini	18	18458	1591.0	0	671	57.8	Community transmission
Liberia	13	2099	41.5	0	85	1.7	Community transmission
Sierra Leone	13	4057	50.9	0	79	1.0	Community transmission
Guinea-Bissau	12	3736	189.8	0	67	3.4	Community transmission
Sao Tome and Principe	12	2310	1054.0	0	35	16.0	Community transmission
Lesotho	3	10731	500.9	0	316	14.8	Community transmission
Congo	0	10678	193.5	0	144	2.6	Community transmission
Mauritius	0	1206	94.8	0	16	1.3	Clusters of cases
United Republic of Tanzania	0	509	0.9	0	21	0.0	Pending
Réunion	1038	20381	2276.4	7	148	16.5	Community transmission
Mayotte	198	20094	7365.4	1	170	62.3	Community transmission
