Reporting Country/Territory/Area	New cases in last 7 days	Cumulative cases	Cumulative cases per 100 thousand population	New deaths in last 7 days	Cumulative deaths	Cumulative deaths per 100 thousand population	Transmission classification
South-East Asia	200219	12856723	636.0	3258	197707	9.8	
India	91650	10746183	778.7	935	154274	11.2	Clusters of cases
Indonesia	88839	1066313	389.8	2064	29728	10.9	Community transmission
Sri Lanka	5706	63293	295.6	33	313	1.5	Clusters of cases
Thailand	5282	18782	26.9	4	77	0.1	Clusters of cases
Bangladesh	3444	534770	324.7	108	8111	4.9	Community transmission
Myanmar	2766	139864	257.1	80	3125	5.7	Clusters of cases
Nepal	1674	270854	929.6	33	2027	7.0	Clusters of cases
Maldives	851	15736	2911.1	1	51	9.4	Clusters of cases
Bhutan	4	858	111.2	0	1	0.1	Clusters of cases
Timor-Leste	3	70	5.3	0	0	0.0	Sporadic cases
