Reporting Country/Territory/Area	New cases in last 7 days	Cumulative cases	Cumulative cases per 100 thousand population	New deaths in last 7 days	Cumulative deaths	Cumulative deaths per 100 thousand population	Transmission classification
South-East Asia	965591	16177826	800.3	6331	228385	11.3	
India	873296	13358805	968.0	4652	169275	12.3	Clusters of cases
Bangladesh	48660	678937	412.3	448	9661	5.9	Community transmission
Indonesia	35344	1562868	571.4	1201	42443	15.5	Community transmission
Thailand	3498	32625	46.7	2	97	0.1	Clusters of cases
Nepal	1957	279725	960.0	7	3039	10.4	Clusters of cases
Sri Lanka	1553	94848	442.9	20	595	2.8	Clusters of cases
Maldives	873	25524	4721.9	0	67	12.4	Clusters of cases
Timor-Leste	294	1008	76.5	1	1	0.1	Clusters of cases
Myanmar	97	142576	262.0	0	3206	5.9	Clusters of cases
Bhutan	19	910	117.9	0	1	0.1	Sporadic cases
