Reporting Country/Territory/Area	New cases in last 7 days	Cumulative cases	Cumulative cases per 100 thousand population	New deaths in last 7 days	Cumulative deaths	Cumulative deaths per 100 thousand population	Transmission classification
Eastern Mediterranean	171280	5149132	704.6	2775	124836	17.1	Clusters of cases
Iran (Islamic Republic of)	42964	1280438	1524.5	662	56100	66.8	Community transmission
Lebanon	29145	215553	3158.1	114	1590	23.3	Community transmission
United Arab Emirates	16061	227702	2302.3	28	702	7.1	Community transmission
Tunisia	15535	157514	1332.8	388	5153	43.6	Community transmission
Pakistan	15155	499517	226.1	340	10598	4.8	Clusters of cases
Morocco	9496	451637	1223.6	257	7709	20.9	Clusters of cases
Jordan	9291	305959	2998.7	132	4009	39.3	Community transmission
Egypt	7921	148799	145.4	401	8142	8.0	Clusters of cases
Iraq	5298	602331	1494.5	51	12881	32.0	Community transmission
Libya	3258	104002	1515.6	81	1568	22.8	Community transmission
Kuwait	2826	153900	3603.7	5	942	22.1	Community transmission
Bahrain	2133	95317	5601.7	3	355	20.9	Clusters of cases
Qatar	1432	145672	5056.2	1	246	8.5	Community transmission
Oman	103	130070	2547.1	6	1505	29.5	Community transmission
Afghanistan	780	53489	137.4	56	2277	5.8	Clusters of cases
Saudi Arabia	713	363692	1044.7	47	6286	18.1	Sporadic cases
Syrian Arab Republic	658	12274	70.1	45	768	4.4	Community transmission
Djibouti	25	5866	593.7	0	61	6.2	Clusters of cases
Somalia	12	4726	29.7	0	130	0.8	Community transmission
Yemen	3	2108	7.1	0	611	2.0	Clusters of cases
Sudan	0	23314	53.2	0	1468	3.3	Community transmission
occupied Palestinian territory	7371	165250	3239.3	157	1735	34.0	Community transmission
