Reporting Country/Territory/Area	New cases in last 7 days	Cumulative cases	Cumulative cases per 100 thousand population	New deaths in last 7 days	Cumulative deaths	Cumulative deaths per 100 thousand population	Transmission classification
Western Pacific	131777	2337462	119.0	1304	36222	1.8	
Philippines	63364	989399	902.9	864	16674	15.2	Community transmission
Japan	32312	562141	444.5	291	9913	7.8	Clusters of cases
Malaysia	17393	390252	1205.7	56	1426	4.4	Community transmission
Mongolia	8564	29219	891.3	33	74	2.3	Clusters of cases
Republic of Korea	4773	118887	231.9	16	1813	3.5	Clusters of cases
Cambodia	3586	9975	59.7	31	74	0.4	Sporadic cases
Papua New Guinea	932	10670	119.3	13	102	1.1	Community transmission
China	191	103464	7.0	0	4856	0.3	Clusters of cases
Lao People's Democratic Republic	189	247	3.4	0	0	0.0	Sporadic cases
Singapore	158	60966	1042.1	0	30	0.5	Sporadic cases
Australia	153	29658	116.3	0	910	3.6	Clusters of cases
Viet Nam	52	2833	2.9	0	35	0.0	Clusters of cases
Fiji	15	87	9.7	0	2	0.2	Sporadic cases
New Zealand	7	2245	46.6	0	26	0.5	Clusters of cases
Brunei Darussalam	2	223	51.0	0	3	0.7	Sporadic cases
Solomon Islands	0	20	2.9	0	0	0.0	No cases
Guam	43	7697	4560.5	0	136	80.6	Clusters of cases
French Polynesia	38	18734	6669.1	0	141	50.2	Sporadic cases
Northern Mariana Islands (Commonwealth of the)	2	164	284.9	0	2	3.5	Pending
Wallis and Futuna	2	449	3992.5	0	5	44.5	Sporadic cases
New Caledonia	1	124	43.4	0	0	0.0	Sporadic cases
Marshall Islands	0	4	6.8	0	0	0.0	No cases
Samoa	0	1	0.5	0	0	0.0	No cases
Vanuatu	0	3	1.0	0	0	0.0	No cases
