Reporting Country/Territory/Area	New cases in last 7 days	Cumulative cases	Cumulative cases per 100 thousand population	New deaths in last 7 days	Cumulative deaths	Cumulative deaths per 100 thousand population	Transmission classification
Europe	1441065	42516762	4555.0	21772	929332	99.6	
France	204840	4180829	6405.1	1813	91613	140.4	Community transmission
Italy	154493	3356331	5551.2	2761	104642	173.1	Clusters of cases
Poland	151918	2058550	5439.2	2122	49300	130.3	Community transmission
Turkey	126682	2992694	3548.4	538	29959	35.5	Community transmission
Germany	90271	2659516	3174.3	1293	74664	89.1	Community transmission
Ukraine	85607	1546363	3535.9	1638	29941	68.5	Community transmission
Czechia	70469	1469547	13722.6	1441	24667	230.3	Community transmission
Russian Federation	66261	4456869	3054.0	2940	95030	65.1	Clusters of cases
Hungary	55106	571596	5916.9	1310	18262	189.0	Community transmission
Netherlands	43547	1194520	6971.3	217	16260	94.9	Community transmission
Romania	37522	892848	4641.1	693	22132	115.0	Community transmission
The United Kingdom	37451	4291275	6321.3	658	126122	185.8	Community transmission
Serbia	34845	546896	7853.5	206	4900	70.4	Community transmission
Belgium	27278	837006	7222.0	175	22707	195.9	Community transmission
Sweden	26700	744272	7369.6	28	13262	131.3	Community transmission
Bulgaria	24602	302480	4353.2	732	11966	172.2	Clusters of cases
Austria	20737	508744	5648.7	165	8817	97.9	Community transmission
Greece	16090	235611	2260.5	383	7421	71.2	Community transmission
Spain	12381	3206116	6857.3	185	72793	155.7	Community transmission
Slovakia	11366	348869	6390.0	516	9044	165.7	Clusters of cases
Estonia	10594	95401	7191.7	68	787	59.3	Clusters of cases
Republic of Moldova	10493	214203	5310.0	237	4531	112.3	Community transmission
Bosnia and Herzegovina	9536	152754	4656.0	329	5817	177.3	Community transmission
Kazakhstan	8486	283027	1507.3	75	3586	19.1	Clusters of cases
Belarus	7965	309293	3273.2	61	2148	22.7	Community transmission
Israel	7381	824716	9528.2	80	6064	70.1	Community transmission
Switzerland	7216	577905	6677.4	43	9455	109.2	Community transmission
North Macedonia	6629	118736	5699.2	148	3448	165.5	Community transmission
Croatia	6594	257639	6275.8	96	5773	140.6	Community transmission
Norway	6513	84553	1559.7	9	648	12.0	Community transmission
Azerbaijan	5798	245490	2421.2	63	3339	32.9	Clusters of cases
Slovenia	5656	205511	9885.4	25	4259	204.9	Clusters of cases
Armenia	5328	183713	6199.7	93	3348	113.0	Community transmission
Finland	5117	71123	1283.6	19	805	14.5	Community transmission
Denmark	4930	224848	3881.9	9	2399	41.4	Community transmission
Albania	3728	120541	4188.7	103	2133	74.1	Clusters of cases
Latvia	3665	97149	5150.5	64	1821	96.5	Community transmission
Lithuania	3626	209011	7677.8	80	3476	127.7	Community transmission
Ireland	3473	229831	4654.5	51	4585	92.9	Community transmission
Portugal	3364	817080	8013.2	93	16762	164.4	Clusters of cases
Cyprus	2605	41882	3468.9	4	242	20.0	Clusters of cases
Georgia	2491	277480	6955.8	52	3700	92.8	Community transmission
Malta	1637	27904	6319.7	19	369	83.6	Clusters of cases
Montenegro	1610	85763	13655.1	40	1169	186.1	Clusters of cases
Luxembourg	1510	59210	9458.8	27	715	114.2	Community transmission
Uzbekistan	772	81339	243.0	0	622	1.9	Clusters of cases
Kyrgyzstan	539	87389	1339.5	9	1490	22.8	Clusters of cases
Andorra	253	11481	14859.3	1	113	146.2	Community transmission
San Marino	230	4356	12835.2	2	79	232.8	Community transmission
Monaco	67	2173	5537.2	0	27	68.8	Sporadic cases
Iceland	25	6097	1786.7	0	29	8.5	Community transmission
Liechtenstein	15	2704	7090.2	0	54	141.6	Sporadic cases
Holy See	0	26	3213.8	0	0	0.0	Sporadic cases
Tajikistan	0	13714	143.8	0	91	1.0	Pending
Kosovo	4704	81349	4372.7	56	1742	93.6	Community transmission
Isle of Man	340	1432	1684.1	1	26	30.6	No cases
Gibraltar	7	4270	12674.0	1	94	279.0	Clusters of cases
Jersey	2	3224	2963.2	0	69	63.4	Community transmission
Faroe Islands	0	661	1352.7	0	1	2.0	Sporadic cases
Greenland	0	31	54.6	0	0	0.0	No cases
Guernsey	0	821	1299.1	0	14	22.2	Community transmission
