Reporting Country/Territory/Area	New cases in last 7 days	Cumulative cases	Cumulative cases per 100 thousand population	New deaths in last 7 days	Cumulative deaths	Cumulative deaths per 100 thousand population	Transmission classification
Africa	55341	2895549	258.1	1390	73381	6.5	
South Africa	7981	1520206	2563.2	706	50647	85.4	Community transmission
Ethiopia	6976	165029	143.5	66	2420	2.1	Community transmission
Zambia	4840	82011	446.1	57	1116	6.1	Community transmission
Ghana	3506	86092	277.1	46	640	2.1	Community transmission
Mozambique	3359	62131	198.8	56	686	2.2	Community transmission
Botswana	3288	31658	1346.2	49	359	15.3	Community transmission
Nigeria	2820	158237	76.8	59	1964	1.0	Community transmission
Kenya	2714	108362	201.5	20	1874	3.5	Community transmission
Côte d'Ivoire	2304	34935	132.4	8	200	0.8	Community transmission
Cameroon	1965	35714	134.5	28	551	2.1	Community transmission
Senegal	1377	35632	212.8	42	908	5.4	Community transmission
South Sudan	1328	8677	77.5	15	102	0.9	Community transmission
Namibia	1233	39877	1569.4	19	437	17.2	Community transmission
Algeria	1144	114104	260.2	31	3010	6.9	Community transmission
Gabon	953	15517	697.2	7	90	4.0	Community transmission
Democratic Republic of the Congo	677	26468	29.6	5	712	0.8	Community transmission
Togo	670	7521	90.8	7	90	1.1	Community transmission
Guinea	646	16540	125.9	4	93	0.7	Community transmission
Rwanda	636	19426	150.0	6	267	2.1	Community transmission
Malawi	600	32398	169.4	30	1067	5.6	Community transmission
Benin	437	6071	50.1	5	75	0.6	Community transmission
Cabo Verde	400	15724	2828.1	5	152	27.3	Community transmission
Congo	359	9179	166.3	3	131	2.4	Community transmission
Seychelles	358	2950	2999.6	3	14	14.2	Community transmission
Equatorial Guinea	324	6329	451.1	5	96	6.8	Community transmission
Madagascar	324	20155	72.8	3	300	1.1	Community transmission
Angola	273	21055	64.1	6	512	1.6	Community transmission
Zimbabwe	266	36260	244.0	27	1485	10.0	Community transmission
Mali	195	8560	42.3	6	358	1.8	Community transmission
Chad	188	4161	25.3	0	140	0.9	Community transmission
Burkina Faso	171	12153	58.1	1	143	0.7	Community transmission
Eswatini	171	17173	1480.2	8	658	56.7	Community transmission
Sao Tome and Principe	152	1938	884.3	3	31	14.1	Community transmission
Mauritania	130	17309	372.3	3	442	9.5	Community transmission
Uganda	117	40452	88.4	0	334	0.7	Community transmission
Burundi	110	2319	19.5	0	3	0.0	Community transmission
Eritrea	97	2944	83.0	0	7	0.2	Community transmission
Gambia	68	4759	196.9	4	152	6.3	Community transmission
Guinea-Bissau	65	3312	168.3	1	49	2.5	Community transmission
Lesotho	32	10523	491.2	15	307	14.3	Community transmission
Sierra Leone	31	3918	49.1	0	79	1.0	Community transmission
Central African Republic	24	5021	104.0	0	63	1.3	Community transmission
Comoros	20	3591	412.9	1	145	16.7	Community transmission
Liberia	14	2024	40.0	0	85	1.7	Community transmission
Mauritius	10	620	48.8	0	10	0.8	Sporadic cases
Niger	0	4740	19.6	0	172	0.7	Community transmission
United Republic of Tanzania	0	509	0.9	0	21	0.0	Pending
Mayotte	1279	18140	6649.2	23	125	45.8	Community transmission
Réunion	709	13125	1466.0	7	59	6.6	Community transmission
