Reporting Country/Territory/Area	New cases in last 7 days	Cumulative cases	Cumulative cases per 100 thousand population	New deaths in last 7 days	Cumulative deaths	Cumulative deaths per 100 thousand population	Transmission classification
South-East Asia	2877410	25552640	1264.1	28977	309197	15.3	
India	2738957	22296414	1615.7	26820	242362	17.6	Clusters of cases
Nepal	56997	385890	1324.4	334	3632	12.5	Community transmission
Indonesia	36882	1709762	625.1	1190	46842	17.1	Community transmission
Thailand	14391	83375	119.4	154	399	0.6	Clusters of cases
Sri Lanka	13372	123234	575.5	99	786	3.7	Clusters of cases
Bangladesh	11543	772127	468.8	368	11878	7.2	Community transmission
Maldives	4487	34724	6423.9	10	83	15.4	Clusters of cases
Timor-Leste	569	2965	224.9	1	4	0.3	Clusters of cases
Myanmar	116	142947	262.7	1	3210	5.9	Clusters of cases
Bhutan	96	1202	155.8	0	1	0.1	Clusters of cases
