Reporting Country/Territory/Area	New cases in last 7 days	Cumulative cases	Cumulative cases per 100 thousand population	New deaths in last 7 days	Cumulative deaths	Cumulative deaths per 100 thousand population	Transmission classification
Americas	1066990	49296115	4819.8	34386	1171294	114.5	
United States of America	480467	27702074	8369.1	14747	491894	148.6	Community transmission
Brazil	316221	10081676	4743.0	7276	244765	115.2	Community transmission
Mexico	51537	2030491	1574.8	6408	178965	138.8	Community transmission
Peru	48775	1269523	3850.3	1435	44690	135.5	Community transmission
Argentina	33128	2054681	4546.2	812	51000	112.8	Community transmission
Colombia	31832	2217001	4357.1	1315	58511	115.0	Community transmission
Chile	23450	795845	4163.2	531	19974	104.5	Community transmission
Canada	20280	840586	2227.2	414	21576	57.2	Community transmission
Ecuador	7570	273097	1547.9	244	15513	87.9	Community transmission
Paraguay	7086	149684	2098.6	122	3026	42.4	Community transmission
Cuba	6001	43484	383.9	30	291	2.6	Community transmission
Dominican Republic	5607	234502	2161.7	96	3028	27.9	Community transmission
Bolivia (Plurinational State of)	5578	240676	2061.8	283	11390	97.6	Community transmission
Honduras	5053	164077	1656.6	127	3975	40.1	Community transmission
Panama	4354	335339	7771.9	116	5711	132.4	Community transmission
Guatemala	3860	170931	954.1	155	6249	34.9	Community transmission
Uruguay	3549	51377	1479.0	36	563	16.2	Community transmission
Venezuela (Bolivarian Republic of)	2855	135114	475.2	41	1308	4.6	Community transmission
Costa Rica	2491	201678	3959.0	49	2763	54.2	Community transmission
Jamaica	2094	20924	706.6	19	391	13.2	Community transmission
El Salvador	1118	58546	902.6	58	1792	27.6	Community transmission
Barbados	730	2677	931.5	7	30	10.4	Community transmission
Saint Lucia	373	2860	1557.5	5	28	15.2	Community transmission
Guyana	176	8357	1062.5	3	189	24.0	Clusters of cases
Antigua and Barbuda	171	598	610.6	2	11	11.2	Sporadic cases
Haiti	131	12274	107.6	0	247	2.2	Community transmission
Belize	93	12227	3075.0	1	314	79.0	Community transmission
Saint Vincent and the Grenadines	80	1498	1350.3	0	6	5.4	Community transmission
Suriname	76	8854	1509.3	2	168	28.6	Community transmission
Nicaragua	42	5106	77.1	1	172	2.6	Community transmission
Bahamas	33	8403	2136.8	0	179	45.5	Clusters of cases
Trinidad and Tobago	29	7666	547.8	2	139	9.9	Community transmission
Dominica	13	134	186.1	0	0	0.0	Clusters of cases
Saint Kitts and Nevis	1	41	77.1	0	0	0.0	Sporadic cases
Grenada	0	148	131.5	0	1	0.9	Sporadic cases
Puerto Rico	1522	98835	3454.7	42	1957	68.4	Community transmission
Aruba	215	7553	7074.3	2	70	65.6	Community transmission
Turks and Caicos Islands	165	1998	5160.4	2	14	36.2	Clusters of cases
French Guiana	73	16529	5534.0	3	83	27.8	Community transmission
United States Virgin Islands	51	2575	2465.9	0	25	23.9	Community transmission
Sint Maarten	42	2027	4726.9	0	27	63.0	Community transmission
Curaçao	33	4666	2843.5	0	22	13.4	Community transmission
Bonaire	15	387	1850.3	0	4	19.1	Community transmission
Cayman Islands	12	428	651.2	0	2	3.0	Sporadic cases
Bermuda	5	699	1122.5	0	12	19.3	Sporadic cases
British Virgin Islands	2	153	506.0	0	1	3.3	Clusters of cases
Montserrat	1	20	400.1	0	1	20.0	Sporadic cases
Anguilla	0	18	120.0	0	0	0.0	Sporadic cases
Falkland Islands (Malvinas)	0	49	1406.8	0	0	0.0	No cases
Guadeloupe	0	9455	2363.0	0	160	40.0	Community transmission
Martinique	0	6593	1756.9	0	45	12.0	Community transmission
Saba	0	6	310.4	0	0	0.0	No cases
Saint Barthélemy	0	475	4805.3	0	0	0.0	Clusters of cases
Saint Martin	0	1456	3766.3	0	12	31.0	Community transmission
Saint Pierre and Miquelon	0	24	414.2	0	0	0.0	Sporadic cases
Sint Eustatius	0	20	637.1	0	0	0.0	No cases
