Reporting Country/Territory/Area	New cases in last 7 days	Cumulative cases	Cumulative cases per 100 thousand population	New deaths in last 7 days	Cumulative deaths	Cumulative deaths per 100 thousand population	Transmission classification
Western Pacific	63730	1775560	90.4	486	30843	1.6	
Philippines	39445	656056	598.7	164	12930	11.8	Community transmission
Malaysia	9304	331713	1024.9	23	1229	3.8	Clusters of cases
Japan	8765	455638	360.3	252	8812	7.0	Clusters of cases
Republic of Korea	3025	98660	192.4	27	1696	3.3	Clusters of cases
Papua New Guinea	1186	3359	37.5	15	36	0.4	Community transmission
Mongolia	973	4806	146.6	1	5	0.2	Clusters of cases
Cambodia	375	1680	10.0	2	3	0.0	Sporadic cases
China	190	102523	7.0	0	4849	0.3	Clusters of cases
Singapore	96	60184	1028.7	0	30	0.5	Sporadic cases
Australia	80	29192	114.5	0	909	3.6	Clusters of cases
New Zealand	30	2097	43.5	0	26	0.5	Clusters of cases
Viet Nam	19	2572	2.6	0	35	0.0	Clusters of cases
Brunei Darussalam	13	205	46.9	0	3	0.7	Clusters of cases
Fiji	1	67	7.5	0	2	0.2	Sporadic cases
Lao People's Democratic Republic	0	49	0.7	0	0	0.0	Sporadic cases
Solomon Islands	0	18	2.6	0	0	0.0	No cases
Wallis and Futuna	135	311	2765.4	1	1	8.9	Sporadic cases
French Polynesia	49	18576	6612.8	0	141	50.2	Sporadic cases
New Caledonia	25	116	40.6	0	0	0.0	Sporadic cases
Guam	12	7570	4485.3	1	134	79.4	Clusters of cases
Northern Mariana Islands (Commonwealth of the)	7	157	272.8	0	2	3.5	Pending
Marshall Islands	0	4	6.8	0	0	0.0	No cases
Samoa	0	4	2.0	0	0	0.0	No cases
Vanuatu	0	3	1.0	0	0	0.0	No cases
