Reporting Country/Territory/Area	New cases in last 7 days	Cumulative cases	Cumulative cases per 100 thousand population	New deaths in last 7 days	Cumulative deaths	Cumulative deaths per 100 thousand population	Transmission classification
South-East Asia	171419	13517009	668.7	3217	208013	10.3	
India	105080	11096731	804.1	749	157051	11.4	Clusters of cases
Indonesia	57721	1329074	485.9	1665	35981	13.2	Community transmission
Sri Lanka	3410	82890	387.1	29	464	2.2	Clusters of cases
Bangladesh	2807	545831	331.4	58	8400	5.1	Community transmission
Maldives	985	19597	3625.4	1	61	11.3	Clusters of cases
Nepal	714	274065	940.6	712	2773	9.5	Clusters of cases
Thailand	536	25951	37.2	0	83	0.1	Clusters of cases
Myanmar	155	141890	260.8	3	3199	5.9	Clusters of cases
Timor-Leste	10	113	8.6	0	0	0.0	Sporadic cases
Bhutan	1	867	112.4	0	1	0.1	Clusters of cases
