Reporting Country/Territory/Area	New cases in last 7 days	Cumulative cases	Cumulative cases per 100 thousand population	New deaths in last 7 days	Cumulative deaths	Cumulative deaths per 100 thousand population	Transmission classification
Eastern Mediterranean	297763	7693094	1052.7	3699	160612	22.0	
Iran (Islamic Republic of)	73471	1920394	2286.4	691	62999	75.0	Community transmission
Jordan	44742	626875	6143.9	658	7130	69.9	Community transmission
Iraq	41043	868200	2158.5	253	14430	35.9	Community transmission
Pakistan	33064	682888	309.1	539	14697	6.7	Community transmission
Lebanon	18775	477113	6990.2	321	6379	93.5	Community transmission
United Arab Emirates	14954	468023	4732.1	27	1504	15.2	Community transmission
Kuwait	8811	235989	5525.9	60	1339	31.4	Community transmission
Tunisia	8632	258335	2185.8	226	8931	75.6	Community transmission
Bahrain	6952	147770	8684.3	18	531	31.2	Clusters of cases
Oman	6180	160018	3133.5	31	1681	32.9	Community transmission
Qatar	5413	182548	6336.2	17	301	10.4	Community transmission
Libya	4972	161088	2344.4	82	2684	39.1	Community transmission
Egypt	4892	204256	199.6	278	12123	11.8	Clusters of cases
Saudi Arabia	4215	392009	1126.0	47	6690	19.2	Sporadic cases
Morocco	3474	497832	1348.8	44	8842	24.0	Clusters of cases
Djibouti	1260	8509	861.2	6	72	7.3	Community transmission
Syrian Arab Republic	928	19284	110.2	72	1299	7.4	Community transmission
Somalia	785	11623	73.1	58	546	3.4	Community transmission
Yemen	728	4701	15.8	100	933	3.1	Community transmission
Afghanistan	382	56676	145.6	27	2497	6.4	Sporadic cases
Sudan	180	31833	72.6	13	2063	4.7	Community transmission
occupied Palestinian territory	13910	277130	5432.4	131	2941	57.7	Community transmission
