Reporting Country/Territory/Area	New cases in last 7 days	Cumulative cases	Cumulative cases per 100 thousand population	New deaths in last 7 days	Cumulative deaths	Cumulative deaths per 100 thousand population	Transmission classification
Americas	2467817	41329493	4040.9	43804	954545	93.3	
United States of America	1583237	23344423	7052.6	23198	389084	117.3	Community transmission
Brazil	379784	8393492	3948.8	6786	208246	98.0	Community transmission
Colombia	114611	1870179	3675.5	2437	47868	94.1	Community transmission
Mexico	101804	1609735	1248.5	6953	139022	107.8	Community transmission
Argentina	79695	1783047	3945.2	954	45227	100.1	Community transmission
Canada	51359	695707	1843.3	1022	17729	47.0	Community transmission
Chile	27751	665493	3481.3	398	17435	91.2	Community transmission
Peru	26552	1056023	3202.8	509	38654	117.2	Community transmission
Panama	20555	293592	6804.4	326	4689	108.7	Community transmission
Bolivia (Plurinational State of)	12435	183589	1572.8	243	9571	82.0	Community transmission
Dominican Republic	10695	191339	1763.8	8	2432	22.4	Community transmission
Ecuador	10459	230808	1308.2	139	14316	81.1	Community transmission
Paraguay	6795	120789	1693.5	107	2479	34.8	Community transmission
Uruguay	6607	30946	890.9	51	291	8.4	Community transmission
Costa Rica	6573	184187	3615.7	111	2416	47.4	Community transmission
Honduras	6016	132412	1336.9	78	3344	33.8	Community transmission
Guatemala	5471	148598	829.4	221	5220	29.1	Community transmission
Cuba	3313	17501	154.5	18	166	1.5	Clusters of cases
Venezuela (Bolivarian Republic of)	3189	118856	418.0	39	1095	3.9	Community transmission
El Salvador	1583	50157	773.3	71	1479	22.8	Community transmission
Jamaica	641	14096	476.0	12	323	10.9	Community transmission
Suriname	555	7409	1263.0	8	139	23.7	Clusters of cases
Haiti	540	10781	94.5	3	240	2.1	Community transmission
Guyana	336	6805	865.2	3	170	21.6	Clusters of cases
Belize	327	11529	2899.4	10	281	70.7	Community transmission
Saint Vincent and the Grenadines	246	450	405.6	1	1	0.9	Community transmission
Barbados	228	1036	360.5	0	7	2.4	Clusters of cases
Saint Lucia	181	576	313.7	1	6	3.3	Sporadic cases
Trinidad and Tobago	124	7343	524.7	3	130	9.3	Community transmission
Bahamas	55	8032	2042.5	0	175	44.5	Clusters of cases
Nicaragua	49	4916	74.2	1	167	2.5	Community transmission
Antigua and Barbuda	18	187	191.0	1	6	6.1	Sporadic cases
Dominica	4	110	152.8	0	0	0.0	Clusters of cases
Grenada	4	139	123.5	0	1	0.9	Sporadic cases
Saint Kitts and Nevis	0	34	63.9	0	0	0.0	Sporadic cases
Puerto Rico	3893	86523	3024.4	87	1703	59.5	Community transmission
French Guiana	862	14975	5013.7	1	75	25.1	Community transmission
Aruba	413	6296	5897.0	2	52	48.7	Community transmission
Guadeloupe	132	8834	2207.8	1	156	39.0	Community transmission
Turks and Caicos Islands	114	1079	2786.8	0	6	15.5	Clusters of cases
Martinique	110	6227	1659.4	0	43	11.5	Community transmission
United States Virgin Islands	109	2252	2156.6	0	24	23.0	Community transmission
Sint Maarten	908	1629	3798.8	0	27	63.0	Community transmission
Curaçao	93	4498	2741.1	1	19	11.6	Community transmission
Bonaire	75	329	1573.0	0	3	14.3	Community transmission
Saint Martin	44	1046	2705.7	0	12	31.0	Community transmission
Saint Barthélemy	33	224	2266.1	0	0	0.0	Community transmission
Bermuda	24	670	1075.9	0	12	19.3	Community transmission
Cayman Islands	15	374	569.1	0	2	3.0	Sporadic cases
British Virgin Islands	7	121	400.2	0	1	3.3	Clusters of cases
Falkland Islands (Malvinas)	3	32	918.7	0	0	0.0	No cases
Anguilla	0	15	100.0	0	0	0.0	Sporadic cases
Montserrat	0	13	260.1	0	1	20.0	No cases
Saba	0	5	258.7	0	0	0.0	No cases
Saint Pierre and Miquelon	0	16	276.1	0	0	0.0	Sporadic cases
Sint Eustatius	0	19	605.3	0	0	0.0	Sporadic cases
