Reporting Country/Territory/Area	New cases in last 7 days	Cumulative cases	Cumulative cases per 100 thousand population	New deaths in last 7 days	Cumulative deaths	Cumulative deaths per 100 thousand population	Transmission classification
Americas	1315480	48228712	4715.5	44385	1136906	111.2	
United States of America	673630	27221607	8224.0	21412	477147	144.2	Community transmission
Brazil	318290	9765455	4594.2	7455	237489	111.7	Community transmission
Mexico	66083	1978954	1534.9	8267	172557	133.8	Community transmission
Argentina	51544	2021553	4472.9	1203	50188	111.0	Community transmission
Peru	47703	1220748	3702.4	1322	43255	131.2	Community transmission
Colombia	42509	2185169	4294.5	1793	57196	112.4	Community transmission
Chile	24313	772395	4040.5	548	19443	101.7	Community transmission
Canada	22550	820306	2173.4	553	21162	56.1	Community transmission
Bolivia (Plurinational State of)	9188	235098	2014.0	420	11107	95.2	Community transmission
Ecuador	8412	265527	1505.0	265	15269	86.5	Community transmission
Dominican Republic	6747	228895	2110.0	131	2932	27.0	Community transmission
Honduras	5771	159024	1605.6	154	3848	38.9	Community transmission
Paraguay	5708	142598	1999.3	113	2904	40.7	Community transmission
Panama	5498	330985	7671.0	169	5595	129.7	Community transmission
Cuba	5472	37483	330.9	28	261	2.3	Community transmission
Guatemala	4134	167071	932.5	240	6094	34.0	Community transmission
Uruguay	3525	47828	1376.8	49	527	15.2	Community transmission
Venezuela (Bolivarian Republic of)	3028	132259	465.1	44	1267	4.5	Community transmission
Costa Rica	2749	199187	3910.1	42	2714	53.3	Community transmission
Jamaica	1989	18830	635.9	15	372	12.6	Community transmission
El Salvador	1191	57428	885.4	61	1734	26.7	Community transmission
Saint Lucia	674	2487	1354.4	5	23	12.5	Community transmission
Haiti	337	12143	106.5	1	247	2.2	Community transmission
Guyana	294	8181	1040.1	7	186	23.6	Clusters of cases
Barbados	271	1947	677.5	5	23	8.0	Community transmission
Saint Vincent and the Grenadines	248	1418	1278.2	3	6	5.4	Community transmission
Suriname	159	8778	1496.3	8	166	28.3	Community transmission
Antigua and Barbuda	150	427	436.0	2	9	9.2	Sporadic cases
Belize	121	12134	3051.6	7	313	78.7	Community transmission
Bahamas	41	8311	2113.4	2	178	45.3	Clusters of cases
Nicaragua	37	5064	76.4	1	171	2.6	Community transmission
Trinidad and Tobago	30	7637	545.7	2	137	9.8	Community transmission
Dominica	0	121	168.1	0	0	0.0	Clusters of cases
Grenada	0	148	131.5	0	1	0.9	Sporadic cases
Saint Kitts and Nevis	0	40	75.2	0	0	0.0	Sporadic cases
Puerto Rico	1958	97313	3401.5	43	1915	66.9	Community transmission
Aruba	204	7338	6873.0	7	68	63.7	Community transmission
Turks and Caicos Islands	179	1833	4734.2	3	12	31.0	Clusters of cases
French Guiana	160	16456	5509.5	1	80	26.8	Community transmission
Guadeloupe	146	9302	2324.8	1	159	39.7	Community transmission
Saint Martin	88	1377	3561.9	0	12	31.0	Community transmission
Martinique	79	6521	1737.7	0	45	12.0	Community transmission
United States Virgin Islands	75	2524	2417.0	1	25	23.9	Community transmission
Sint Maarten	74	1985	4629.0	0	27	63.0	Community transmission
Saint Barthélemy	46	425	4299.4	0	0	0.0	Sporadic cases
Curaçao	36	4633	2823.4	1	22	13.4	Community transmission
Cayman Islands	11	416	633.0	0	2	3.0	Sporadic cases
British Virgin Islands	10	151	499.4	0	1	3.3	Clusters of cases
Bonaire	6	372	1778.6	1	4	19.1	Community transmission
Falkland Islands (Malvinas)	5	49	1406.8	0	0	0.0	No cases
Montserrat	4	19	380.1	0	1	20.0	Sporadic cases
Bermuda	2	694	1114.4	0	12	19.3	Sporadic cases
Anguilla	1	18	120.0	0	0	0.0	Sporadic cases
Saba	0	6	310.4	0	0	0.0	Sporadic cases
Saint Pierre and Miquelon	0	24	414.2	0	0	0.0	Clusters of cases
Sint Eustatius	0	20	637.1	0	0	0.0	Sporadic cases
