Reporting Country/Territory/Area	New cases in last 7 days	Cumulative cases	Cumulative cases per 100 thousand population	New deaths in last 7 days	Cumulative deaths	Cumulative deaths per 100 thousand population	Transmission classification
Eastern Mediterranean	386176	8444694	1155.5	5460	170580	23.3	
Iran (Islamic Republic of)	166367	2215445	2637.7	2095	66327	79.0	Community transmission
Iraq	52832	970987	2414.0	270	14948	37.2	Community transmission
Pakistan	34190	750158	339.6	765	16094	7.3	Community transmission
Jordan	21071	683466	6698.6	470	8178	80.2	Community transmission
Lebanon	13870	508503	7450.1	256	6886	100.9	Community transmission
Tunisia	13679	283976	2402.8	482	9717	82.2	Community transmission
United Arab Emirates	13287	495224	5007.1	21	1550	15.7	Clusters of cases
Kuwait	10156	255860	5991.2	37	1440	33.7	Community transmission
Oman	8663	176668	3459.6	74	1821	35.7	Community transmission
Bahrain	7711	163113	9586.0	34	588	34.6	Community transmission
Qatar	6693	195757	6794.6	45	376	13.1	Community transmission
Saudi Arabia	6418	404054	1160.6	63	6810	19.6	Community transmission
Egypt	5807	215484	210.6	289	12694	12.4	Community transmission
Libya	4243	171131	2490.5	75	2882	41.9	Community transmission
Morocco	3759	505447	1369.4	53	8944	24.2	Community transmission
Syrian Arab Republic	886	21004	120.0	69	1437	8.2	Community transmission
Djibouti	690	10412	1053.8	21	114	11.5	Community transmission
Afghanistan	633	57793	148.5	18	2539	6.5	Community transmission
Somalia	566	12837	80.8	51	656	4.1	Community transmission
Yemen	494	5774	19.4	88	1120	3.8	Community transmission
Sudan	221	33022	75.3	35	2208	5.0	Clusters of cases
occupied Palestinian territory	13940	308579	6048.9	149	3251	63.7	Community transmission
