Reporting Country/Territory/Area	New cases in last 7 days	Cumulative cases	Cumulative cases per 100 thousand population	New deaths in last 7 days	Cumulative deaths	Cumulative deaths per 100 thousand population	Transmission classification
Africa	58858	3120296	278.1	1077	78523	7.0	
Ethiopia	14517	213311	185.5	152	2936	2.6	Community transmission
Kenya	8747	138077	256.8	102	2206	4.1	Community transmission
South Africa	7035	1551501	2616.0	306	52954	89.3	Community transmission
Cameroon	6251	53920	203.1	58	779	2.9	Community transmission
Botswana	2412	40878	1738.3	85	591	25.1	Community transmission
Côte d'Ivoire	1858	44326	168.0	18	247	0.9	Community transmission
Madagascar	1838	25262	91.2	68	449	1.6	Community transmission
Gabon	1437	19863	892.4	10	119	5.3	Community transmission
Togo	1388	11064	133.6	3	110	1.3	Community transmission
Namibia	1082	44581	1754.5	23	531	20.9	Community transmission
Zambia	1073	88800	483.0	17	1215	6.6	Community transmission
Mozambique	994	68005	217.6	20	782	2.5	Community transmission
Rwanda	934	22243	171.7	11	311	2.4	Community transmission
Guinea	818	20319	154.7	13	129	1.0	Community transmission
Cabo Verde	803	17821	3205.3	6	171	30.8	Community transmission
Algeria	774	117524	268.0	25	3102	7.1	Community transmission
Mali	659	10432	51.5	15	391	1.9	Community transmission
Nigeria	624	163113	79.1	17	2058	1.0	Community transmission
Angola	548	22579	68.7	7	540	1.6	Community transmission
Senegal	497	38953	232.6	29	1063	6.3	Community transmission
Democratic Republic of the Congo	406	28292	31.6	11	745	0.8	Community transmission
Ghana	387	90674	291.8	4	744	2.4	Community transmission
Seychelles	240	4294	4366.2	4	22	22.4	Community transmission
Benin	213	7313	60.3	3	93	0.8	Community transmission
South Sudan	207	10255	91.6	4	112	1.0	Community transmission
Uganda	195	40962	89.6	0	335	0.7	Community transmission
Malawi	181	33639	175.8	6	1119	5.8	Community transmission
Mauritania	172	17917	385.3	1	449	9.7	Community transmission
Mauritius	164	1034	81.3	2	12	0.9	Community transmission
Central African Republic	158	5245	108.6	8	72	1.5	Community transmission
Burundi	154	2911	24.5	0	6	0.1	Community transmission
Burkina Faso	130	12803	61.2	5	150	0.7	Community transmission
Eritrea	126	3334	94.0	1	10	0.3	Community transmission
Equatorial Guinea	106	7008	499.5	1	103	7.3	Community transmission
Zimbabwe	93	36911	248.3	5	1524	10.3	Community transmission
Comoros	92	3782	434.9	0	146	16.8	Community transmission
Chad	88	4589	27.9	4	164	1.0	Community transmission
Gambia	58	5459	225.9	2	165	6.8	Community transmission
Niger	46	5033	20.8	3	188	0.8	Community transmission
Guinea-Bissau	31	3661	186.0	4	65	3.3	Community transmission
Sao Tome and Principe	30	2240	1022.1	1	35	16.0	Community transmission
Eswatini	29	17347	1495.2	2	668	57.6	Community transmission
Sierra Leone	25	3987	50.0	0	79	1.0	Community transmission
Lesotho	21	10707	499.8	0	315	14.7	Community transmission
Liberia	8	2061	40.7	0	85	1.7	Community transmission
Congo	0	9681	175.4	0	135	2.4	Community transmission
United Republic of Tanzania	0	509	0.9	0	21	0.0	Pending
Réunion	1025	16586	1852.5	13	115	12.8	Community transmission
Mayotte	184	19490	7144.0	8	162	59.4	Community transmission
