Reporting Country/Territory/Area	New cases in last 7 days	Cumulative cases	Cumulative cases per 100 thousand population	New deaths in last 7 days	Cumulative deaths	Cumulative deaths per 100 thousand population	Transmission classification
Eastern Mediterranean	170422	5507649	753.6	2980	130901	17.9	
Iran (Islamic Republic of)	42637	1367032	1627.6	577	57294	68.2	Community transmission
Lebanon	27429	276587	4052.3	414	2280	33.4	Community transmission
United Arab Emirates	24568	274376	2774.2	43	783	7.9	Community transmission
Tunisia	18083	195314	1652.6	538	6154	52.1	Community transmission
Pakistan	14048	530818	240.3	339	11247	5.1	Community transmission
Morocco	6904	465769	1261.9	217	8128	22.0	Clusters of cases
Jordan	5962	319519	3131.6	80	4217	41.3	Community transmission
Egypt	5636	161143	157.5	375	8901	8.7	Clusters of cases
Iraq	5283	612870	1523.7	53	12988	32.3	Community transmission
Libya	4523	112540	1637.8	86	1737	25.3	Community transmission
Kuwait	3502	160901	3767.7	5	952	22.3	Community transmission
Bahrain	2188	99456	5844.9	9	367	21.6	Clusters of cases
Qatar	1683	148772	5163.8	2	248	8.6	Community transmission
Saudi Arabia	1432	366185	1051.8	32	6350	18.2	Sporadic cases
Oman	1222	132486	2594.4	8	1517	29.7	Community transmission
Syrian Arab Republic	615	13557	77.5	55	879	5.0	Community transmission
Afghanistan	611	54595	140.2	39	2378	6.1	Clusters of cases
Sudan	289	28522	65.0	15	1722	3.9	Community transmission
Djibouti	15	5918	599.0	0	61	6.2	Clusters of cases
Somalia	10	4754	29.9	0	130	0.8	Community transmission
Yemen	6	2122	7.1	3	616	2.1	Sporadic cases
occupied Palestinian territory	3776	174413	3418.9	90	1951	38.2	Community transmission
