Reporting Country/Territory/Area	New cases in last 7 days	Cumulative cases	Cumulative cases per 100 thousand population	New deaths in last 7 days	Cumulative deaths	Cumulative deaths per 100 thousand population	Transmission classification
Americas	1427623	58025495	5673.3	36599	1405254	137.4	
United States of America	468395	30772857	9296.9	5173	555712	167.9	Community transmission
Brazil	463092	13373174	6291.5	20512	348718	164.1	Community transmission
Argentina	124728	2497881	5526.8	1327	57350	126.9	Community transmission
Colombia	76158	2504206	4921.5	1506	65283	128.3	Community transmission
Peru	60174	1628519	4939.1	1954	54285	164.6	Community transmission
Canada	50442	1045278	2769.5	249	23251	61.6	Community transmission
Chile	49044	1068522	5589.6	792	24213	126.7	Community transmission
Uruguay	26378	137946	3971.1	322	1363	39.2	Community transmission
Mexico	24707	2272064	1762.2	3166	207020	160.6	Community transmission
Paraguay	14256	232142	3254.7	404	4698	65.9	Community transmission
Ecuador	11702	344877	1954.7	365	17275	97.9	Community transmission
Venezuela (Bolivarian Republic of)	9731	172461	606.5	110	1739	6.1	Community transmission
Guatemala	7604	202640	1131.1	126	7001	39.1	Community transmission
Cuba	7190	85572	755.5	22	453	4.0	Community transmission
Bolivia (Plurinational State of)	6702	280649	2404.3	123	12428	106.5	Community transmission
Honduras	4822	194548	1964.2	144	4766	48.1	Community transmission
Costa Rica	4095	222544	4368.6	44	3018	59.2	Community transmission
Dominican Republic	3405	257186	2370.8	51	3385	31.2	Community transmission
Panama	2248	358098	8299.4	30	6156	142.7	Community transmission
Jamaica	1670	42119	1422.4	56	669	22.6	Community transmission
El Salvador	1060	65491	1009.7	27	2048	31.6	Community transmission
Guyana	512	10958	1393.2	17	252	32.0	Clusters of cases
Trinidad and Tobago	207	8323	594.7	0	145	10.4	Community transmission
Bahamas	183	9417	2394.7	1	189	48.1	Clusters of cases
Suriname	128	9265	1579.4	1	178	30.3	Clusters of cases
Haiti	52	12840	112.6	0	251	2.2	Community transmission
Barbados	43	3708	1290.3	2	44	15.3	Community transmission
Nicaragua	40	5366	81.0	1	179	2.7	Community transmission
Saint Lucia	40	4329	2357.5	3	64	34.9	Community transmission
Saint Vincent and the Grenadines	35	1790	1613.5	0	10	9.0	Community transmission
Belize	31	12487	3140.4	1	318	80.0	Community transmission
Antigua and Barbuda	12	1182	1207.0	2	30	30.6	Clusters of cases
Grenada	2	157	139.5	0	1	0.9	Sporadic cases
Dominica	0	165	229.2	0	0	0.0	Clusters of cases
Saint Kitts and Nevis	0	44	82.7	0	0	0.0	Sporadic cases
Puerto Rico	4339	113200	3956.9	26	2152	75.2	Community transmission
Curaçao	1798	10632	6479.3	22	60	36.6	Community transmission
Martinique	724	8887	2368.2	5	59	15.7	Community transmission
French Guiana	417	17549	5875.5	-2	94	31.5	Community transmission
Guadeloupe	414	12304	3075.0	6	189	47.2	Community transmission
Bermuda	411	1773	2847.1	2	14	22.5	Community transmission
Aruba	393	9896	9268.9	6	92	86.2	Community transmission
Bonaire	90	1475	7052.4	3	14	66.9	Community transmission
United States Virgin Islands	40	2971	2845.1	0	26	24.9	Community transmission
British Virgin Islands	24	178	588.7	0	1	3.3	Clusters of cases
Sint Maarten	23	2174	5069.7	0	27	63.0	Community transmission
Saint Barthélemy	18	928	9388.0	0	1	10.1	Clusters of cases
Saint Martin	16	1703	4405.2	0	13	33.6	Community transmission
Cayman Islands	15	516	785.1	0	2	3.0	Sporadic cases
Falkland Islands (Malvinas)	8	60	1722.7	0	0	0.0	Sporadic cases
Anguilla	4	29	193.3	0	0	0.0	Sporadic cases
Saint Pierre and Miquelon	1	25	431.4	0	0	0.0	No cases
Montserrat	0	20	400.1	0	1	20.0	No cases
Saba	0	6	310.4	0	0	0.0	No cases
Sint Eustatius	0	20	637.1	0	0	0.0	No cases
Turks and Caicos Islands	0	2344	6054.0	0	17	43.9	Clusters of cases
