Reporting Country/Territory/Area	New cases in last 7 days	Cumulative cases	Cumulative cases per 100 thousand population	New deaths in last 7 days	Cumulative deaths	Cumulative deaths per 100 thousand population	Transmission classification
Eastern Mediterranean	270884	7395085	1011.9	3428	156891	21.5	
Jordan	55467	582133	5705.4	684	6472	63.4	Community transmission
Iran (Islamic Republic of)	53118	1846923	2198.9	584	62308	74.2	Community transmission
Iraq	37767	827157	2056.5	208	14177	35.2	Community transmission
Pakistan	26689	649824	294.2	359	14158	6.4	Community transmission
Lebanon	21763	458338	6715.1	343	6058	88.8	Community transmission
United Arab Emirates	14431	453069	4580.9	44	1477	14.9	Community transmission
Kuwait	9245	227178	5319.6	64	1279	29.9	Community transmission
Libya	5775	156116	2272.0	115	2602	37.9	Community transmission
Bahrain	5492	140818	8275.7	15	513	30.1	Clusters of cases
Oman	4703	153838	3012.5	30	1650	32.3	Community transmission
Egypt	4593	199364	194.8	288	11845	11.6	Clusters of cases
Tunisia	4298	249703	2112.8	179	8705	73.7	Community transmission
Qatar	3929	177135	6148.3	12	284	9.9	Community transmission
Saudi Arabia	3141	387794	1113.9	41	6643	19.1	Sporadic cases
Morocco	2895	494358	1339.3	35	8798	23.8	Clusters of cases
Syrian Arab Republic	1116	18356	104.9	74	1227	7.0	Community transmission
Somalia	870	10838	68.2	69	488	3.1	Community transmission
Djibouti	731	7249	733.7	3	66	6.7	Community transmission
Yemen	691	3973	13.3	95	833	2.8	Community transmission
Afghanistan	191	56294	144.6	7	2470	6.3	Sporadic cases
Sudan	180	31407	71.6	25	2028	4.6	Community transmission
occupied Palestinian territory	13799	263220	5159.7	154	2810	55.1	Community transmission
