Reporting Country/Territory/Area	New cases in last 7 days	Cumulative cases	Cumulative cases per 100 thousand population	New deaths in last 7 days	Cumulative deaths	Cumulative deaths per 100 thousand population	Transmission classification
Western Pacific	72135	1420024	72.3	1281	24588	1.3	Clusters of cases
Malaysia	29206	209661	647.8	79	746	2.3	Clusters of cases
Japan	26081	386742	305.8	635	5654	4.5	Clusters of cases
Philippines	11837	523516	477.7	479	10669	9.7	Community transmission
Republic of Korea	3122	78203	152.5	71	1420	2.8	Clusters of cases
China	946	100877	6.9	13	4823	0.3	Clusters of cases
Singapore	247	59507	1017.2	0	29	0.5	Sporadic cases
Viet Nam	233	1781	1.8	0	35	0.0	Clusters of cases
Mongolia	131	1742	53.1	0	2	0.1	Clusters of cases
Australia	45	28806	113.0	0	909	3.6	Clusters of cases
New Zealand	21	1947	40.4	0	25	0.5	Clusters of cases
Cambodia	7	465	2.8	0	0	0.0	Clusters of cases
Brunei Darussalam	5	180	41.1	0	3	0.7	Sporadic cases
Papua New Guinea	2	851	9.5	0	9	0.1	Sporadic cases
Lao People's Democratic Republic	1	44	0.6	0	0	0.0	Community transmission
Fiji	0	55	6.1	0	2	0.2	Sporadic cases
Solomon Islands	0	17	2.5	0	0	0.0	Sporadic cases
French Polynesia	208	18060	6429.2	3	131	46.6	No cases
Guam	39	7379	4381.1	1	129	76.4	Clusters of cases
New Caledonia	3	47	16.5	0	0	0.0	Sporadic cases
Wallis and Futuna	1	5	44.5	0	0	0.0	Sporadic cases
Marshall Islands	0	4	6.8	0	0	0.0	No cases
Northern Mariana Islands (Commonwealth of the)	0	132	229.3	0	2	3.5	Pending
Samoa	0	2	1.0	0	0	0.0	No cases
Vanuatu	0	1	0.3	0	0	0.0	No cases
