Reporting Country/Territory/Area	New cases in last 7 days	Cumulative cases	Cumulative cases per 1 million population	New deaths in last 7 days	Cumulative deaths	Cumulative deaths per 1 million population	Transmission classification
Americas	1935621	36337439	35528	32283	872486	853	
United States of America	1325424	19974413	60345	17239	345253	1043	Community transmission
Brazil	252018	7700578	36228	4923	195411	919	Community transmission
Colombia	80173	1654880	32523	1805	43495	855	Community transmission
Mexico	64942	1437185	11147	4670	126507	981	Community transmission
Argentina	55040	1629594	36056	897	43319	958	Community transmission
Canada	50966	587639	15570	959	15679	415	Community transmission
Panama	23073	249733	57879	308	4064	942	Community transmission
Chile	17508	615902	32219	320	16724	875	Community transmission
Peru	11653	1017199	30851	356	37724	1144	Community transmission
Bolivia (Plurinational State of)	8465	162055	13883	103	9186	787	Community transmission
Dominican Republic	7025	172965	15945	12	2416	223	Community transmission
Costa Rica	5259	169321	33239	82	2185	429	Community transmission
Ecuador	5239	214513	12158	69	14059	797	Community transmission
Paraguay	4461	108349	15191	108	2262	317	Community transmission
Honduras	4315	122974	12416	99	3160	319	Community transmission
Uruguay	3905	19753	5686	50	193	56	Community transmission
Guatemala	3145	138316	7720	64	4827	269	Community transmission
Venezuela (Bolivarian Republic of)	1959	113562	3994	18	1028	36	Community transmission
El Salvador	1623	46242	7129	54	1351	208	Community transmission
Cuba	1187	12225	1079	5	146	13	Clusters of cases
Suriname	397	6277	10700	4	123	210	Clusters of cases
Belize	317	10807	27179	21	249	626	Community transmission
Jamaica	247	12931	4367	9	303	102	Community transmission
Haiti	231	10077	884	1	236	21	Community transmission
Bahamas	83	7871	20016	1	170	432	Clusters of cases
Guyana	62	6351	8074	2	164	209	Clusters of cases
Trinidad and Tobago	61	7158	5115	2	127	91	Community transmission
Barbados	48	395	1375	0	7	24	Clusters of cases
Saint Lucia	48	353	1922	0	5	27	Sporadic cases
Nicaragua	39	4829	729	1	165	25	Community transmission
Grenada	18	134	1191	0	0	0	Sporadic cases
Saint Vincent and the Grenadines	14	122	1100	0	0	0	Sporadic cases
Antigua and Barbuda	4	159	1624	0	5	51	Sporadic cases
Saint Kitts and Nevis	3	33	620	0	0	0	Sporadic cases
Dominica	0	96	1334	0	0	0	Clusters of cases
Puerto Rico	5489	77932	27241	94	1526	533	Community transmission
French Guiana	500	13273	44439	0	71	238	Community transmission
Aruba	214	5442	50971	2	49	459	Community transmission
Curaçao	179	4230	25778	2	14	85	Community transmission
Sint Maarten	64	1434	33441	1	27	630	Community transmission
Turks and Caicos Islands	64	908	23452	0	6	155	Clusters of cases
United States Virgin Islands	57	2036	19497	0	23	220	Community transmission
Bermuda	43	604	9699	1	10	161	Clusters of cases
Cayman Islands	20	338	5143	0	2	30	Sporadic cases
Martinique	19	6091	16231	1	43	115	Community transmission
Saint Martin	9	995	25738	0	12	310	Community transmission
Bonaire, Sint Eustatius and Saba	7	189	7208	0	3	114	
Anguilla	3	15	1000	0	0	0	Sporadic cases
Saint Barthélemy	1	190	19221	0	0	0	Sporadic cases
British Virgin Islands	0	93	3076	0	1	33	Clusters of cases
Falkland Islands (Malvinas)	0	29	8326	0	0	0	No cases
Guadeloupe	0	8620	21543	0	155	387	Community transmission
Montserrat	0	13	2601	0	1	200	No cases
Saint Pierre and Miquelon	0	16	2761	0	0	0	Sporadic cases
